# left_hand_wrist_x, left_hand_wrist_y, left_hand_wrist_z,left_hand_thumb_cmc_x, left_hand_thumb_cmc_y, left_hand_thumb_cmc_z,left_hand_thumb_mcp_x, left_hand_thumb_mcp_y, left_hand_thumb_mcp_z,left_hand_thumb_ip_x, left_hand_thumb_ip_y, left_hand_thumb_ip_z,left_hand_thumb_tip_x, left_hand_thumb_tip_y, left_hand_thumb_tip_z,left_hand_index_finger_mcp_x, left_hand_index_finger_mcp_y, left_hand_index_finger_mcp_z,left_hand_index_finger_pip_x, left_hand_index_finger_pip_y, left_hand_index_finger_pip_z,left_hand_index_finger_dip_x, left_hand_index_finger_dip_y, left_hand_index_finger_dip_z,left_hand_index_finger_tip_x, left_hand_index_finger_tip_y, left_hand_index_finger_tip_z,left_hand_middle_finger_mcp_x, left_hand_middle_finger_mcp_y, left_hand_middle_finger_mcp_z,left_hand_middle_finger_pip_x, left_hand_middle_finger_pip_y, left_hand_middle_finger_pip_z,left_hand_middle_finger_dip_x, left_hand_middle_finger_dip_y, left_hand_middle_finger_dip_z,left_hand_middle_finger_tip_x, left_hand_middle_finger_tip_y, left_hand_middle_finger_tip_z,left_hand_ring_finger_mcp_x, left_hand_ring_finger_mcp_y, left_hand_ring_finger_mcp_z,left_hand_ring_finger_pip_x, left_hand_ring_finger_pip_y, left_hand_ring_finger_pip_z,left_hand_ring_finger_dip_x, left_hand_ring_finger_dip_y, left_hand_ring_finger_dip_z,left_hand_ring_finger_tip_x, left_hand_ring_finger_tip_y, left_hand_ring_finger_tip_z,left_hand_pinky_mcp_x, left_hand_pinky_mcp_y, left_hand_pinky_mcp_z,left_hand_pinky_pip_x, left_hand_pinky_pip_y, left_hand_pinky_pip_z,left_hand_pinky_dip_x, left_hand_pinky_dip_y, left_hand_pinky_dip_z,left_hand_pinky_tip_x, left_hand_pinky_tip_y, left_hand_pinky_tip_z,
0.11674230222624499,0.11843035141037814,0.6606671766093604,0.09283472158991965,0.11156905216231461,0.6777230021924996,0.06995501904183424,0.10500119998293561,0.6940471621520763,0.052323127980406364,0.099939625736192,0.7066274740126222,0.037870122524406385,0.09579027050898684,0.7169396335036189,0.06046132967863266,0.10227290317015442,0.7008213220651287,0.037098210384075125,0.09556524722979054,0.717491013869314,0.022485593791740616,0.09137050343326897,0.7279169058280646,0.01080387524077181,0.08801688515824255,0.7362517054872488,0.06042788762219731,0.10226215694471369,0.7008455275715166,0.03446651914772572,0.09480818926831305,0.7193692859309626,0.018170233375255695,0.09012955953477708,0.7309967576150687,0.0048249570816912,0.08629788561742077,0.7405186435708091,0.06246437110468642,0.10284589526795176,0.6993926381513675,0.03836997959325106,0.0959272577005546,0.7165844160295971,0.02356035380814489,0.09167506412995916,0.7271512970457001,0.011268751109535319,0.08814555557696405,0.7359215486902679,0.06501051319541395,0.10357633445618342,0.6975755219060582,0.04648835989576916,0.09825804654417047,0.7107916277638684,0.034799545958649036,0.0949016843927476,0.719131968783056,0.024626824679634396,0.09198035799745774,0.7263905194360911
0.120071076675061,0.1215923403782424,0.6635897112278657,0.09632748610130554,0.11431585637588362,0.680702446625973,0.07356013086301691,0.10762588327630437,0.697133741909832,0.05602558538528857,0.1024327649653298,0.7097962298116482,0.04166117052557519,0.09814100528416245,0.7201736829412753,0.06419342667797079,0.10537973411273019,0.7042813077891432,0.04100854230664286,0.09861360417348933,0.7211747159285926,0.026524672552266565,0.09427848351682128,0.7317221283202153,0.014948028106726352,0.0907731723720038,0.7401406962718884,0.06422079449082765,0.10543476130598578,0.704414976799318,0.038476099888423126,0.09800024878305802,0.7232464035727362,0.022337222335078705,0.09315274954215666,0.7350232871313793,0.009117951935371044,0.08913383510766379,0.7446432483258065,0.06630475769168348,0.10605159532656791,0.7030396622791648,0.04244160284040063,0.09921782022273795,0.7205842863299583,0.02779034689056689,0.09483610967464146,0.7313177131932826,0.015629151797025176,0.09115244968232919,0.7402055827013836,0.06891194312134802,0.10677626015264818,0.7013027406650285,0.050619931044492916,0.10160566506280297,0.7148927018059776,0.03909234359051528,0.09820639740718687,0.7234375560095812,0.0290653278734046,0.09519853821827312,0.730861618416343
0.12360910436091466,0.11640789373021476,0.6886951372467062,0.09970228860731178,0.10955330786013018,0.7057547339198186,0.07681256883403959,0.10299979666219888,0.7220706123517188,0.05917555967865984,0.09796447088232957,0.7346542829255053,0.044715924500077886,0.09384322376602244,0.7449684199029311,0.06729117975660162,0.10027584616884908,0.7288076641125664,0.043900556594476475,0.09360383133121639,0.7454530713568007,0.029278587242220183,0.08942632749845966,0.7558727707918874,0.017593222337881492,0.08608735558012637,0.7642083393254914,0.06725259978173653,0.10027937877935117,0.7288303971513234,0.041263016770044236,0.09286448109175738,0.7473302560185723,0.02495592928385984,0.08820751279581601,0.7589512778297017,0.011603173102250869,0.08439165076353639,0.7684690262934802,0.06929203893448144,0.10086950000464018,0.7273842206633877,0.04517377279563756,0.09396895105087316,0.7445497715517883,0.030351295932035754,0.08972762688470359,0.7551029933068084,0.018047543067569366,0.08620895158821318,0.763860551816072,0.07184752856690452,0.10160930454772935,0.7255839810626238,0.05330836433736011,0.09630535433265869,0.7387819848890168,0.041602532210497895,0.09296592071846757,0.7471052356853457,0.03141250194464737,0.09006582442129382,0.7543480036893052
0.12762001625285252,0.11138944056007771,0.7250868193840504,0.10342898084649305,0.10528784731197438,0.7420312990567729,0.08034770347621151,0.09894478509438503,0.7581594070048493,0.0625454685902316,0.09412751345299267,0.7705949081915077,0.04793689708430651,0.09024433848063948,0.7807908750201521,0.07062604150161952,0.0953501194677488,0.7642709159383491,0.046943234083041074,0.08876559403720266,0.7805336117130836,0.03210617330095769,0.08482680149748964,0.7907400412066151,0.020243764980473755,0.08174868875024793,0.7989245802865362,0.07049353160129676,0.09523291723709151,0.7641067527000326,0.044150093451424094,0.08776957471027,0.782079111914071,0.027580873861863253,0.08339929142417207,0.7934377293527556,0.014018395470059813,0.07990610655018279,0.8027812445276051,0.07245970740803986,0.09576364243745641,0.7625275086526698,0.04796561185315751,0.0887134123666885,0.7790894533937697,0.032880276864881736,0.0846956071628881,0.7893537142098729,0.02036077061979394,0.08144484298755514,0.797906651546879,0.07492045022636845,0.09650973259488782,0.7605888728463096,0.05601379428662076,0.0909514731056652,0.7731453021095166,0.044044533480137704,0.08768190605787207,0.7811140883113691,0.03361596254189966,0.0849268458284361,0.7880681889023392
0.1269338771228622,0.10748091601948492,0.7491034680360952,0.10297140649251246,0.1007467963305344,0.7661329324692728,0.08007770928685459,0.0941857635316386,0.7824402052698473,0.06242445493418705,0.08910475019024228,0.7949826642373116,0.04795693985756011,0.08493678439623814,0.8052669346308806,0.07060685325350621,0.09128419568836041,0.7891771381245704,0.04724900018695377,0.08451115695416234,0.8058277616161681,0.032615196082668774,0.08032245207789598,0.8162263284032555,0.02090601361866473,0.07698655821335684,0.8245296438462918,0.0705644143020242,0.09121864539290006,0.7891664922089182,0.04459620405904896,0.08366512321466896,0.8076402647101392,0.028271349056005507,0.07899387143948461,0.8192305675495247,0.014900181275993435,0.07519167276541472,0.8287279142293252,0.07257713595706611,0.09177786483717348,0.7876701547635508,0.04845976839114813,0.08479111319251464,0.804802065277442,0.03362582798598779,0.0805604124609598,0.8153434372868792,0.02131777432264545,0.07706220129725797,0.8241031504733717,0.07508081347761622,0.09248863793262965,0.7857850323009227,0.056520363370868215,0.08708627543720576,0.7989130167051793,0.044816416109294654,0.08370601232337177,0.8072224250020449,0.03463445743920662,0.08076662275775356,0.8144607031352175
0.10718539402537236,0.09629700671385452,0.7666117824255376,0.0838672203746127,0.0880021355276216,0.7838457290186185,0.06140909947452436,0.08097611275769367,0.8005598990248843,0.044136953163272735,0.07539991005886984,0.8134186037819855,0.030013630039059075,0.07069920098853427,0.8239486667944071,0.05242774219527929,0.07989176778135465,0.8087239434178863,0.029762141172821333,0.07290763444595313,0.8262224870166157,0.01563143794253624,0.06818762741637668,0.8370792094588138,0.004335586743052955,0.06427586809262006,0.8456977983148568,0.052634695418394356,0.08008988801254177,0.8091391180510683,0.027518193837236415,0.07262737992259033,0.8287899763600164,0.011813657742848593,0.06731273951739877,0.8409464045916064,-0.0010591357026236148,0.06279423063918904,0.8508114288157225,0.05485081866100808,0.08078530092797556,0.8079531618991032,0.031653612196393344,0.07414004889535353,0.8264381480330087,0.017442373732978578,0.06941503701719956,0.8376086495684116,0.005646936814367204,0.06532766062206244,0.8468075225177849,0.05762088131765883,0.08148489695309227,0.8063987935350472,0.039995641487785505,0.07668093608571389,0.8209690606616167,0.02892904038543251,0.07314538803736814,0.8300511896247893,0.01931990324454244,0.06988432516702969,0.8379083466217112
0.06155699077381199,0.08610359349352692,0.7989564280153194,0.037944465734430055,0.07854127773961325,0.8161264911275798,0.015215760077258056,0.07182554541121824,0.8326007300407399,-0.0022671182019643743,0.06666068578688195,0.8453459469828222,-0.016595393481886656,0.06239591331672539,0.855784308547791,0.00580605941520318,0.06996290461594099,0.8398499264842478,-0.01737620414407845,0.06332485902321053,0.8567976585805901,-0.03180626658743482,0.05896577151063756,0.8674087525989811,-0.04331802080110855,0.055412802349663254,0.8758960439373589,0.0058555920182847,0.07013777838457358,0.8400595983930259,-0.019857486854741063,0.06290876144611177,0.8590138274704706,-0.035925089180356584,0.05803300788091942,0.8708761959777971,-0.04908056196520119,0.05393984759192913,0.8805521461208319,0.007991652196067123,0.07081092556165158,0.8387750073760938,-0.015806487144523595,0.06412543962974787,0.8564644764605476,-0.030395438537386688,0.05969079337194402,0.8672608439186327,-0.04251248943214048,0.05593256692081977,0.876177740968122,0.010692948891160431,0.07158002234001012,0.8371789461539088,-0.007500584692904294,0.06659500253717826,0.8509689685072748,-0.018985061683048365,0.06324249280059915,0.8595900063330502,-0.0289823502963045,0.06026622465632672,0.8670667042691487
0.016135067485219312,0.09586648201833264,0.8453821794039474,-0.009007310067561308,0.09286251132302045,0.8617647322157495,-0.03284953483408734,0.0874238524057476,0.8770965610919438,-0.051251637073666784,0.08361142177453468,0.8889959463118701,-0.06641193154995464,0.08084212702947538,0.8987398483478964,-0.04346106085042298,0.08040402811779976,0.8807400697341009,-0.06833278792,0.07443185640158287,0.8953837364129432,-0.08395367441041487,0.07150337965026798,0.9047237359578654,-0.096422417818603,0.069498819087016,0.9123191532582114,-0.04386264737751053,0.0799698052228045,0.8799450723474412,-0.07156810905561947,0.07266838018724661,0.8958126650003998,-0.08906980375943865,0.06950252753772387,0.9061240501363571,-0.10336117909471765,0.06730164934900348,0.9147471100769605,-0.04202088146647204,0.08034311797046612,0.8780248083100116,-0.06785863130361952,0.07294100057308739,0.892222829865782,-0.0838966470782801,0.06981387670099573,0.9012819847251222,-0.09720862315370837,0.06762387672793219,0.9089274693088737,-0.039677979060802254,0.08118431169028248,0.875851565322537,-0.0597559786620607,0.07493120843620307,0.8860394225516671,-0.07267708540163278,0.07206262436519911,0.8925410417743399,-0.08399188353308348,0.07002005024643485,0.8982426378600764
-0.004523451786617283,0.11531844030514857,0.8896778284024236,-0.0294485832947583,0.11137283611599694,0.9061920965503243,-0.052955640621073136,0.10547610852739389,0.9218682736649155,-0.07115051386366358,0.101002812618854,0.9338559162257638,-0.08609488382127531,0.09750933138064588,0.9437001299723653,-0.06297170291380202,0.09931633020547745,0.9266737851322495,-0.08717815062784973,0.0926419030618538,0.9421077258994057,-0.10248948878124114,0.08919103670126902,0.9517761336091815,-0.11477553183694911,0.08669295267701471,0.9595215136152517,-0.06327839567404026,0.09875184377420995,0.9260155242385821,-0.0902800402475619,0.09081574255502667,0.9427670435341966,-0.10742880166550367,0.08702619144073603,0.9534542268913266,-0.1214586791248074,0.08426950622875035,0.9623428522987554,-0.06149655632556081,0.0990827863495817,0.9240158445297866,-0.08673134541874669,0.09149681105959115,0.9391691568090141,-0.1023785740774858,0.08799271851492321,0.9487582501553482,-0.11534301740157557,0.08538072744419398,0.9568550985161655,-0.059303835049006215,0.09978382673339836,0.9215656185320071,-0.07894479316130301,0.09345450582008843,0.9325288417999513,-0.09143541448570938,0.09023059162586405,0.9396734609404671,-0.10232390592940302,0.08768547929380544,0.94597172427323
-0.011862744911611878,0.12987624027363423,0.9263551961366091,-0.03212877374415027,0.11591624935614947,0.9437895803964219,-0.05204070797947205,0.10660944401598046,0.9624977047998279,-0.06696728019094914,0.0982126154528847,0.9766912975396344,-0.07899707023890803,0.0906175923133458,0.9880951093493914,-0.05624846202512679,0.11244454991076397,0.9789575790601578,-0.07386975388563308,0.1038851147343737,1.0009787679213562,-0.08474948634738932,0.0964799745078292,1.01388686546183,-0.09346785645572772,0.0897816883005113,1.023700181605533,-0.05337118644232389,0.11380793354303657,0.9817256078292921,-0.07184413401448439,0.10626473439679548,1.0076974053331926,-0.0833118507577863,0.09759851173556636,1.0223958631233017,-0.09281561564768359,0.08958139540181694,1.0337470187967708,-0.048647689780140724,0.11533361480217293,0.9822480429700765,-0.06423554448622218,0.11077495980234554,1.0079424377861517,-0.07416519651571943,0.10376736278617789,1.0221326011078782,-0.08247196707396073,0.09699010102981127,1.0333363740176442,-0.04232799687890945,0.11614351151162679,0.9824116529624235,-0.05121559057948044,0.11538223746759796,1.0040091283532862,-0.05758629841104279,0.1111456703880719,1.0166154921260007,-0.06321160483071725,0.1063507565671237,1.0271069025576565
-0.024094396958992834,0.13924164814082785,0.953852254009928,-0.04127660876797473,0.1212817887703362,0.9709334153966661,-0.0580242478511457,0.1101156692767186,0.9916198851273618,-0.06933141305915605,0.09949111617658335,1.0075583370329615,-0.07855677767523608,0.08969276765111675,1.0198600508466673,-0.053356584292065926,0.12282201556136375,1.0164229057586764,-0.06353295908613771,0.11442881456216318,1.0427801095039553,-0.06945646672907324,0.10488782755137177,1.0573987717680806,-0.07424041502595272,0.09594733186059082,1.0680926749233035,-0.044738622766044456,0.12698257782720102,1.020714461768776,-0.05156124658063348,0.12235892907789071,1.052412373174338,-0.05623817780481631,0.1111470322675567,1.0689977971413311,-0.06047297449820199,0.10021152512779917,1.0810777647355199,-0.034077314448258594,0.13076210495466417,1.0210613989047252,-0.036252205807574586,0.13118601804802338,1.0513773125471366,-0.039587203275191996,0.12261676693049492,1.067641102623281,-0.04295842135553654,0.11372930802240329,1.079892886340231,-0.019868839221104884,0.13357638391685042,1.0187297941268474,-0.015412192454491616,0.13886149862886282,1.0410507633104191,-0.015525287755824999,0.1352696097903031,1.0553525244078754,-0.01632784858034622,0.13019079549450435,1.0671112022749973
-0.04413942231387946,0.1491207451501404,0.9741797431530385,-0.061539328193586734,0.131350673741609,0.991239018140252,-0.0778973695100645,0.12089704134417631,1.01259859967437,-0.0884578566467147,0.11119697572160969,1.0296030755886842,-0.09728259943024363,0.10177092389282213,1.0424763273381847,-0.06870806617873353,0.1348927152727855,1.039255939310118,-0.07620238490087955,0.12832011130421145,1.0669929665516182,-0.08032772103634603,0.11920803175961112,1.0824776451233826,-0.08373625021277957,0.11045557573891462,1.093833464409394,-0.057342028039942414,0.1402666221170071,1.0434207671046714,-0.05912119937328755,0.13831741408925277,1.0760661197353047,-0.06118722213583225,0.12764196633594094,1.0935138407652036,-0.06348902649152902,0.11676564737099521,1.1061570926805735,-0.04431934714624171,0.1449988845413236,1.0425289080631492,-0.04155245825187644,0.1480759379331381,1.0726427012978095,-0.04230408936494419,0.14026570685848544,1.0895985404600441,-0.04395101862035733,0.13160586059359883,1.1023560060442175,-0.0282651449295123,0.1487242231532402,1.0374797894119183,-0.019963481574013557,0.156107565121189,1.0580367456586914,-0.017711534460702803,0.153657803978589,1.0724027552301598,-0.01670852030559731,0.1493384008579901,1.0844460804768443
-0.06276796070924559,0.16112896066806512,0.9926482776286517,-0.08249887491866663,0.14617626123873578,1.0098720643729462,-0.10039441759156972,0.13839944222336734,1.031140969087797,-0.11256818759223607,0.13203795738885646,1.0486366313341116,-0.12290016855898096,0.12488624646930144,1.0618483817520687,-0.09022978832580025,0.1500118774217773,1.0571713346383542,-0.09874000751946813,0.1464754833781213,1.0851673469021799,-0.1036221150483413,0.14010356157039547,1.1017621443062253,-0.10755752058609945,0.13340430980135065,1.1142845561420383,-0.07793164814680564,0.15530966008342725,1.0618091192553694,-0.07959313313688969,0.15533117351196296,1.0945187954345579,-0.08201550927962739,0.14737345936404514,1.1133194199797518,-0.0846752857691183,0.13850234494027822,1.127379055623005,-0.06358575985058779,0.16036550911779257,1.0611127121770223,-0.06071666652239234,0.16518951408172966,1.090986810561605,-0.06148319994746712,0.15996000280942435,1.108906904836643,-0.06343004775247421,0.15311955827411275,1.122686467370288,-0.04582586234528109,0.1649800448208212,1.0555543999254546,-0.036234072809806256,0.17387399593160247,1.0749171221091156,-0.03314968959047244,0.17306319678552903,1.089314483373093,-0.03160341407806385,0.17020134154591002,1.1017291432692884
-0.07634161857650869,0.17167988636600962,1.0107056548027578,-0.09862965805125706,0.1607895783548697,1.027857783340374,-0.11824041227775697,0.15629153928417602,1.0485527496972253,-0.13231093517429854,0.15379615044190365,1.0655985932583316,-0.14456007320244726,0.1497358203220675,1.0784795670478309,-0.1089870821516569,0.164731494633124,1.0733711154817764,-0.12010695848382966,0.1650261536183702,1.100665220022357,-0.12723260137731415,0.1638865671728606,1.1176284219139903,-0.1327124046029228,0.16113941618057515,1.1310300302962544,-0.09696341633764771,0.16975175641385432,1.0786618720496044,-0.10075633257424484,0.17146840487961432,1.1111480354952072,-0.10499653085355562,0.1681874335653985,1.1309952657733504,-0.10911242386968459,0.1631736561962088,1.146531220770924,-0.08205785772943308,0.175324405875202,1.0788428145559132,-0.08108283772565414,0.18250867573123183,1.1083623009562165,-0.08320516051613354,0.1815695894479554,1.1269008824389175,-0.08641709188797983,0.1779697892011526,1.1416380184049335,-0.06261797304626207,0.18133231291887036,1.073773380174361,-0.05206358181916029,0.19217624350331214,1.091578823120846,-0.04863766517186442,0.19366288682976923,1.1058444395887783,-0.047071166387244796,0.19294296514325734,1.1185618590610646
-0.08752044354250081,0.17890233711002718,1.0262288604367837,-0.11058180037990742,0.16964067012822562,1.043315298658729,-0.13082249476960822,0.16696747118596073,1.0637178467192703,-0.14553092074687654,0.166073663369264,1.080380099736914,-0.15846434412474167,0.16340919751713798,1.0929528611810917,-0.1219249655121861,0.17612423176819073,1.0882738231700364,-0.13443734773630778,0.17901318677962716,1.114803068282778,-0.14259088226440048,0.18070569644967177,1.131249312475437,-0.14880926381667564,0.18049408136563036,1.144608396992121,-0.11043550019307659,0.18166514495825561,1.093417332379588,-0.11563627975598427,0.18525073012359142,1.1255542174481104,-0.12065868709209407,0.1850277013292043,1.145488667193044,-0.12541165645959512,0.18285784145120307,1.161493211135815,-0.09605967067166941,0.18781584713216057,1.0935806339164416,-0.09621347656927513,0.19818677253969946,1.1221530808653264,-0.0991593059906128,0.200309379400826,1.1404801583628068,-0.10311930260092127,0.19928582310639995,1.1554377317219335,-0.07717503235418574,0.19415843579873496,1.0888329313003569,-0.0659798623896096,0.20665172178427293,1.10509963895628,-0.06232063285852643,0.21009424598041473,1.1189637614623127,-0.06080682696615575,0.21124046963311588,1.1316562603009663
-0.09878560010296221,0.1844701874564619,1.0385480578302748,-0.122076164555991,0.1749899743054755,1.0551981686901917,-0.14264217555665698,0.17335537154313208,1.0753838798407733,-0.15721287507882675,0.1723156659696784,1.0921582975809252,-0.16970801102121197,0.16925238050716002,1.1050786307359524,-0.132405924523811,0.1862860250400042,1.1010568005910333,-0.14507886994151414,0.19037648288792489,1.1273507395364795,-0.15295579616364863,0.19125352822235075,1.1439943114818576,-0.15897177161059184,0.19096380616942832,1.157444303665915,-0.12075404201695426,0.19203393365180163,1.105683748739644,-0.12622015332356723,0.19789268659303969,1.1374403315549362,-0.13085034905225346,0.19804357650531565,1.1574701873625712,-0.1353122003185953,0.19654662420816627,1.1736348232573803,-0.10703984605736067,0.1972821187353095,1.105303973615797,-0.10703563652830841,0.20984581172061592,1.132982811661505,-0.10980770181584136,0.21253879086600114,1.1512619981266996,-0.11371017439898486,0.2124270427053241,1.1662692117761941,-0.090058390677457,0.20132609138631005,1.100988109775299,-0.07925117579138473,0.2138388498260021,1.1175003714572014,-0.07549777068610523,0.21808755817515676,1.1311134259984843,-0.07391990481319884,0.22020696476587437,1.1436722244561932
-0.1098484645663094,0.19117089195792336,1.0487988156270183,-0.13525367846837005,0.18378856445312142,1.063277329804196,-0.1570950300897067,0.18489547820560695,1.082114149350568,-0.1718439563602225,0.18436164886636036,1.0987560111114827,-0.18379020576664112,0.18099995530065727,1.1121139035489298,-0.14426010947175377,0.2000925277086349,1.1102578223897122,-0.157461177314716,0.20565507028889599,1.1360162490513086,-0.16532105002099645,0.20636283643695338,1.1526759348361395,-0.1712144082977865,0.2062097367490798,1.1661823436076946,-0.13161636910822283,0.2042165777446744,1.1151538614390877,-0.13771944871368721,0.2124012297046192,1.146273755439087,-0.1424092304867646,0.21319480893783282,1.1662745749934889,-0.14679419503870753,0.2124313629680047,1.1825113749443414,-0.1178312427536666,0.20668672725603326,1.115011839717047,-0.11789325929837491,0.21979121563410667,1.1424387063446229,-0.12047762174675222,0.22249152643797412,1.160744293818482,-0.12420267217317776,0.22288731678146312,1.1757917384772858,-0.10202157984516404,0.2070180330700658,1.11162121420173,-0.09235905447748508,0.2181071666069261,1.129778486137131,-0.08878817426643962,0.2225472362393218,1.1433795678089063,-0.08713365667230295,0.22523353375525074,1.1558194770086399
-0.11840018246149231,0.19920211848168162,1.05752244086855,-0.14691615325749013,0.19751359828834292,1.0671940144062342,-0.17031095122280074,0.20320143085547251,1.0831134257702102,-0.18567690551221844,0.20450064503816956,1.099143611484947,-0.19755508700781182,0.2015401364932246,1.1126562478817983,-0.1553725467469289,0.21744128723510975,1.1153267954117205,-0.16940503217988442,0.2248944692549217,1.1401510989585673,-0.17778134486265376,0.227097362610708,1.1564240307482625,-0.18394253862587054,0.2282212940399359,1.1697639954690504,-0.14125250175386142,0.21850894937307663,1.1219587774683677,-0.14822174524058326,0.22847748415369534,1.152368346200884,-0.15358269771719255,0.23096387644100425,1.1720593249948235,-0.15832062869484098,0.23176491007274796,1.1881948383639884,-0.12653187296887383,0.21733509227059225,1.1230487815476706,-0.12697869070010906,0.22989559879298488,1.150725459537012,-0.1297838075410772,0.2330568162430571,1.1689244475365423,-0.13353869075995864,0.23423633299847277,1.183923375287266,-0.11077925828734232,0.21378555474745367,1.120675355844505,-0.1023636385865788,0.22285433725812479,1.140498431590759,-0.09916889715472328,0.22728835411874626,1.1541947065634575,-0.09749359296522567,0.23035386133753238,1.1665438354831519
-0.12298553411249788,0.20562301313336978,1.0640885286252642,-0.15253697977415134,0.2086496199820801,1.0692945574252257,-0.17644886517954925,0.21778750558573645,1.0826293409772185,-0.19209978615839787,0.22101276764035893,1.0981023406850579,-0.20422536450220252,0.21873925921554868,1.1115280122939952,-0.16189886851128724,0.23132992502501334,1.1176223822955063,-0.17622362428324442,0.24036981672210223,1.1417426713984842,-0.18498391346559623,0.24431595672061449,1.1574750893589338,-0.19143032444804178,0.24693638871144408,1.1704656748278115,-0.14679665795742586,0.23024067589147626,1.1263301927425093,-0.15402402633035947,0.24125024547974513,1.1563174973034438,-0.1598487170649676,0.2454804202601952,1.1755745791981451,-0.164848217154898,0.24795691877135972,1.191459049302295,-0.13106419248211956,0.22658394444210642,1.1287724144806355,-0.13169295916568624,0.23854481579793813,1.15670996418666,-0.13488273743892687,0.24257327514563615,1.1746727582431724,-0.13878056443222905,0.24471509076788625,1.1895279866832114,-0.1148649105817744,0.22041877328908835,1.1271296796572123,-0.10712354286414066,0.22833690467539902,1.147706225150199,-0.10425302594567792,0.23281287249455504,1.1614605216122926,-0.10263845178034567,0.23611106783363697,1.1737576766280233
-0.12492469637666755,0.2085705522421816,1.0683326504748796,-0.15455451911133106,0.21217696178346176,1.0726475595711789,-0.17842333098083396,0.22235221601260557,1.08529033183977,-0.19387880503021598,0.2267362769623156,1.100674599591732,-0.2062846907741293,0.22525581714568763,1.113954260224473,-0.16428486027637518,0.23716164592114794,1.1200462198919323,-0.17823950750615808,0.24734147675167384,1.143928126875813,-0.18702159828065662,0.25232067913011436,1.1593523314786949,-0.1935457347869658,0.25595153566863527,1.1720578701465791,-0.14894115622242338,0.23595478565435718,1.1293272166871169,-0.15582955179496205,0.24779109134229163,1.1590784483430543,-0.16162691161846465,0.25338776453882617,1.177992053819913,-0.16657615256427105,0.2572985932895526,1.193601501890152,-0.13288818717464773,0.2320797735492023,1.1321490259562665,-0.13347518148828097,0.24434047666145958,1.159957209492387,-0.13691241589140474,0.2495478025271077,1.1775678403002856,-0.1409055451205708,0.25280876748531356,1.1921924520194291,-0.11653003631614374,0.22535264580235198,1.1308381445274198,-0.10887764844654835,0.2336901338726323,1.151281897993617,-0.10614438579448966,0.23848616760082686,1.1649560400953118,-0.10465527838443599,0.24211468527674299,1.1771757529523268
-0.12700631607962426,0.2100412345872041,1.0712221962363218,-0.15659968131280172,0.212709249356876,1.076386056898745,-0.18038166262719313,0.22289006033654252,1.089186999125125,-0.19562479139174094,0.2278870990929463,1.1045962168827,-0.20826794445327154,0.22725177023852536,1.117718495144873,-0.166166211075441,0.23894581013423838,1.122913535338593,-0.17972673589730126,0.2500907705539803,1.1465907108464666,-0.1884282146618188,0.25562905081806336,1.1618693031034673,-0.19487839562915996,0.25989247151427214,1.1744150832168385,-0.15099121983045752,0.23844321228236465,1.1317620652944986,-0.15759968899855017,0.2513409658699767,1.1611331394763338,-0.16318501066726024,0.2580913768523929,1.1797313312527333,-0.16794154846926235,0.26324477823029996,1.1950369589396646,-0.13518402115174175,0.23530865041708535,1.134335691534607,-0.13578842810685973,0.24859877686826398,1.1616664746528054,-0.13928222535788473,0.2551038583141802,1.1788287133359114,-0.14325329496568007,0.25957276068239565,1.1931366747290861,-0.11915771255401658,0.22898951906913048,1.1331770806800523,-0.11162347897276795,0.2383575149783407,1.1532144402916293,-0.10894405790137851,0.2436157055212124,1.1667283946130524,-0.10757388149654024,0.2476830151316133,1.1788232105630276
-0.1306101286774133,0.21321317548815044,1.073428843523363,-0.16016826579780177,0.2159892892045455,1.0787355136829173,-0.18387499941468666,0.22641452012359345,1.0914791792006353,-0.19916586678905818,0.23177250534204422,1.1067188882563945,-0.2120527888078803,0.2317669317667992,1.1196175067365464,-0.16960785112868232,0.24270632487183588,1.1249098903743062,-0.183278178065814,0.2545588702553755,1.148176732566482,-0.19199303649791435,0.26055974695081563,1.1632719100653768,-0.19828650382768617,0.26531112356451536,1.1757216039749177,-0.1546315480510361,0.24244206607487442,1.1335592605920994,-0.16126951897443553,0.25630817249333326,1.1624790176062816,-0.1666978083812331,0.26383559856313166,1.1808237207874723,-0.17126235951438407,0.26975804579536644,1.1959079485850392,-0.1391000742425908,0.2394968080077948,1.1360844253785016,-0.13977249949309364,0.2537076747815382,1.162946360985064,-0.1432284933913531,0.26109549847079516,1.1797553260863671,-0.14707369963279188,0.26640650729774273,1.1938075791312015,-0.12353546469603321,0.23331230792391544,1.1351136858545738,-0.11639750987661557,0.243214430005964,1.1550389808958927,-0.11380051759765461,0.24872999266507567,1.1684661558080212,-0.11249106148563309,0.25306246140165,1.1804753191031183
-0.13478146408802993,0.21868880765388454,1.0749076454939972,-0.164366810744928,0.2223688000311413,1.0794591227125327,-0.187922183318632,0.23329174998989896,1.092065837448631,-0.20332484319368394,0.2389213895672544,1.1070935648140208,-0.21648194846619018,0.23926771236584396,1.1197117180167608,-0.17364637013515988,0.24960139686683414,1.1256510914542668,-0.1877680340815517,0.261701328368002,1.1485175927451239,-0.19648982768868556,0.2680306983649706,1.1634739644322878,-0.20252514390731266,0.27311512784307085,1.1759199165541938,-0.15872655639615013,0.24903884178556107,1.1345107634751566,-0.1653868679220743,0.26336189285232053,1.163201778958473,-0.1706869389718336,0.2710825660144457,1.1815036110175146,-0.1750753285896373,0.2770942775962677,1.1966047962999349,-0.14331862749671356,0.2456716990053618,1.1372588352739939,-0.1439468319084865,0.26031714221979974,1.1638874069025926,-0.1473748456983633,0.2678746287478447,1.1806265305146582,-0.15106929809031372,0.27335762733740887,1.194653147691498,-0.128091913152199,0.23928267744670403,1.1364721499083066,-0.12136606818855636,0.24916046842570602,1.156552290797146,-0.11882398641945485,0.2546815028494125,1.1699877225221003,-0.1174725093822005,0.2590368760771311,1.1819839384911488
-0.1381957856941938,0.2252335875405959,1.0765581090637737,-0.16780490304965126,0.2295036311993271,1.08038144820118,-0.19114756618512166,0.24082202971901817,1.0930348905003449,-0.20645010211113493,0.246948903005792,1.1079701233651795,-0.2198320936181798,0.247696978743212,1.1203317508824977,-0.17691598614304768,0.25759809849890136,1.1265005850682122,-0.1912903313687835,0.26979617829629654,1.149156526117312,-0.19982000494931276,0.2762722538445874,1.1641608180509895,-0.2054714100640978,0.28151149819274357,1.1767222721103836,-0.16198442666540225,0.25680134792171605,1.135588616056154,-0.168439870882364,0.2713952222430732,1.164189839512527,-0.17357886880353673,0.279091830675698,1.1825476586348316,-0.17780618602382578,0.28493668245116943,1.1977598883647713,-0.14666797927265182,0.25305118672053106,1.1385503147316394,-0.1471919125601666,0.267991921488016,1.165016602972109,-0.15061077460075553,0.2754376120252239,1.1818076188805264,-0.15418722859893016,0.28079648951542824,1.1959125701487547,-0.13169578594774226,0.24647118199619855,1.1379239004591568,-0.12520678077728217,0.25640054523940903,1.158056470108796,-0.1225562885922199,0.2620106310118544,1.1714339383022618,-0.12098801320431679,0.26645870368745783,1.1833696044123396
-0.1407005847723818,0.2328529201323965,1.0799464097900828,-0.1703137516090311,0.2373669260442608,1.083444284303094,-0.1935098788014565,0.2490006761552212,1.096081183090116,-0.20854951865079624,0.2559311550694793,1.1109319425988793,-0.2220392894587863,0.25731424360739574,1.1231204740331677,-0.1795267894052003,0.2662224578977317,1.129139561599679,-0.19372817187941838,0.278918070078794,1.1516306439080426,-0.20186671753163526,0.28564965624962046,1.1667393660452745,-0.20705787920658975,0.2911009985294629,1.1794087344987476,-0.16461105127880254,0.26553909328926806,1.1383153001882964,-0.17083220739251115,0.2807936244080901,1.1666221970139998,-0.17580294854597214,0.28884558420499284,1.1848736155818969,-0.1798915495663377,0.294931567238778,1.2000290960666389,-0.14940180188183844,0.2617416456358933,1.141414782237473,-0.14994774124507435,0.2772617447140814,1.1675450893448265,-0.15330668231219874,0.2849744720768047,1.1842273101802265,-0.15678679675152046,0.2905447472833126,1.198274341149373,-0.13464293870056063,0.25509057097680776,1.1410024297843209,-0.12832951797049716,0.26551790191092384,1.1609381086413622,-0.1254195938151462,0.2715323801237093,1.1740839528402904,-0.12348949779377696,0.27637516170325405,1.185811150273272
-0.14257557747377572,0.24240031458356032,1.0844264860931454,-0.17214547862708524,0.2472827907047813,1.0877929973860954,-0.19530247622181993,0.2592615203854885,1.1001768242162349,-0.21018692072831086,0.26684615784330734,1.1148633469201492,-0.22369649598496935,0.2688259702326102,1.1269471736388794,-0.18179021242991333,0.2764050310324849,1.132870867256586,-0.1956212952219976,0.29006216584357825,1.1550269145977223,-0.20335429959841606,0.2974435697832222,1.1700448765607407,-0.20812262233016274,0.3034619023717163,1.1826234679118244,-0.16694084045518007,0.27596859318926686,1.1421025497748063,-0.173124380481057,0.29221673182367675,1.169859454044062,-0.17793473524076492,0.30111705082070256,1.187756420623993,-0.18186583959476035,0.30801169992511485,1.2026041365695408,-0.15177877187922115,0.27227639539880777,1.1453473483620737,-0.15248333462222016,0.28854433796554463,1.171014878642493,-0.15568529297337874,0.2970066517838038,1.1873611885632034,-0.1590553315430005,0.3032567761509049,1.2011465803556118,-0.1370619516129106,0.2656455910455436,1.1451578850612127,-0.13092994697966132,0.2767578462833363,1.1647776736921693,-0.12781798431041505,0.28332783247813637,1.177607552733291,-0.12562441080381787,0.28870536257031437,1.1890519998186633
-0.14354206708742723,0.2532240702178871,1.0870287191584467,-0.17304286161645083,0.25857200079473996,1.0902927329877432,-0.19617117603942788,0.2708898574402486,1.1023942679704426,-0.21110387632423047,0.2786574733619089,1.116935449760922,-0.2246372855062498,0.28093189367103216,1.1289404902460658,-0.18300943416759474,0.2877745459725413,1.1348780447828477,-0.19657687650184166,0.30242720217161384,1.156555931927383,-0.20406984818087906,0.31072054977039565,1.1712153801895615,-0.2085894928313782,0.31759515609499434,1.183442022791371,-0.16823238734253262,0.2874340052953102,1.1441872016279204,-0.17449272761670026,0.3045025501515742,1.1714297570713548,-0.17916829929940387,0.3143458921931997,1.1888626068331605,-0.18292842059030953,0.3222132872248255,1.203264343527347,-0.15303363465849404,0.28377079989314596,1.147571579207538,-0.1538764053328963,0.30056595045538753,1.1728930548732988,-0.15687657816157505,0.3098159260350178,1.18884617542194,-0.16013904381978017,0.3168483313410427,1.2022759868456345,-0.1381067594912842,0.27722654376829525,1.1474719525542822,-0.13197414456055132,0.28876786371156776,1.166842258986908,-0.12887731716408188,0.29578848962780724,1.1794349274207692,-0.12673973441328354,0.3016209709178805,1.1906651485092183
-0.14321774225661874,0.26341715104836105,1.086265564412509,-0.172678659254113,0.2690253589400873,1.0894520043517326,-0.19569486133236558,0.28169610557576374,1.1014019956032952,-0.21068621032335788,0.28955278571752563,1.115834576638795,-0.22427980591003413,0.29196363035651673,1.127744620132964,-0.1824599638068561,0.29869292161182753,1.1337696111956976,-0.19592233154505637,0.31404734327889566,1.1550231522273442,-0.20341010003653767,0.323138523597,1.1692043872148288,-0.20796120511193564,0.3307964988435723,1.1809441081192178,-0.16769829064588748,0.2982789334783607,1.1431196105911088,-0.1739456735378304,0.3158386831928496,1.1700511777180553,-0.1785976724254033,0.32639504587859103,1.187068190297334,-0.1822922569167727,0.33504044875681316,1.201034273893819,-0.15244686251960188,0.2945593748024301,1.1465450442589395,-0.15332946090078436,0.3116017438767562,1.1716994305790567,-0.15618490819681277,0.3213646936343996,1.1873709452867838,-0.15939799244068786,0.32901437124898086,1.2004712034319467,-0.1372597504862619,0.2880882399862855,1.146389482059545,-0.13084785755152784,0.2996560967935953,1.1656532335398393,-0.12787590626844758,0.3069810320149797,1.1781018341052836,-0.12597866426117785,0.31319130173741205,1.189171521835816
-0.14210088268646592,0.2717953284041012,1.083866119605378,-0.17154992309549574,0.2774934284645389,1.0870024710309862,-0.19438226938152842,0.29060288710252813,1.098831322480659,-0.20929531195492665,0.29894943345687064,1.1130687270167663,-0.22295718792291203,0.3016665971217139,1.1248338158619173,-0.18080366304967746,0.30797387954185185,1.1311331655417785,-0.19416526272186987,0.32380448646093246,1.1520989985804673,-0.20182164404091835,0.3333634703462373,1.1658768545278335,-0.2066584792219195,0.341478393940639,1.1771875233712852,-0.16598237712009337,0.30750827190066554,1.140446006322675,-0.1721126720405595,0.3255548961261028,1.1670809973908398,-0.17688822700257956,0.3366007620299102,1.1837495163762222,-0.1806957026211332,0.34577682819765104,1.1973416970553483,-0.1507145996935044,0.3037775449902424,1.143795846396789,-0.1516297356899073,0.3211051908841892,1.1687534041417245,-0.15445169975577294,0.3312016827622178,1.184218284064732,-0.15768590980167174,0.33932554467719156,1.1970245713643601,-0.1354992276453925,0.2972923178015723,1.1435768175658785,-0.1287835027918541,0.30866925720647503,1.1628507401734898,-0.1258040179695983,0.3162478842529535,1.175144718730035,-0.12395273326864684,0.32281536025696317,1.1860142158482918
-0.14146676998016444,0.27829650597562505,1.0819534651644807,-0.17087940262596846,0.2842063981990712,1.0850391158781192,-0.19356218352922192,0.29771327977788903,1.0967075035060514,-0.2083747285376119,0.3067118489755866,1.1106495846109157,-0.22209306275695065,0.3099206844055241,1.1222235999172194,-0.17974267315131084,0.31519400191765634,1.1290119015119031,-0.19293621310562323,0.3314077038233998,1.149790568221252,-0.20079749863750215,0.3411088027677948,1.1633520036683531,-0.2059981407677761,0.3493224862225619,1.1744275133512112,-0.1648096258335001,0.3148211553680674,1.1382392072123908,-0.17085865505118752,0.33353179873709876,1.1644309040109517,-0.17579718191217542,0.344916624504546,1.1808215506917388,-0.17980817553325118,0.35439731486286574,1.1941434453398736,-0.14953130345891946,0.3111621652677564,1.1414802842529967,-0.15056790572429757,0.32899452867750045,1.1660749329733169,-0.15347219669279566,0.33940159379523194,1.1813170860387723,-0.15676610638617117,0.34788852676110943,1.193870188013972,-0.13450148264512302,0.30460222804463694,1.1412707436532517,-0.12773984600129032,0.3158206530018779,1.1606213770948468,-0.12457901696097612,0.3236067651477496,1.1727391509784557,-0.12245243305515166,0.33040054553627324,1.183417500693417
-0.1420411154795754,0.2831352063665961,1.080562481716981,-0.1713823311530453,0.2894287241828611,1.0835684294669636,-0.19405737928863678,0.3030452743234886,1.0951238361513376,-0.20895108427166006,0.3122451072776547,1.1088463719323094,-0.22272261553498493,0.3157557080820695,1.120268620289606,-0.18019763485610021,0.3202593978091785,1.1275395063207911,-0.1932532281803907,0.3366905051610083,1.1482343561722865,-0.20124723463662056,0.34631109971414414,1.161775540889677,-0.2066946718735201,0.3543661840196101,1.172848897814262,-0.16513271372796284,0.32005500640667944,1.13669384679792,-0.17118888674959884,0.3393360861399008,1.162466829621032,-0.17619799837806127,0.3508639711686767,1.1787356117322767,-0.18035182335741867,0.36038951064717484,1.1919815270347043,-0.1498004035660831,0.31644477172689295,1.1398827712951012,-0.1509826387109402,0.33476561261306664,1.1641090707235215,-0.15404399209238653,0.345394442263788,1.1791663359531384,-0.15741196312209893,0.35405663375583457,1.1915792909249936,-0.1349005800219481,0.3097834966752372,1.1397057581357841,-0.1282731932591614,0.3209798165474743,1.1591155486867004,-0.12497207432102811,0.3288426521353229,1.1711460622559218,-0.12257937879670255,0.3356121859062336,1.1817834202156496
-0.14322943885066636,0.2866409211810859,1.078758816966836,-0.17251307035931235,0.2932510274306307,1.0816443752511047,-0.19530740173192607,0.306706191228618,1.0931540535163602,-0.2104613618261422,0.31560248400149193,1.1067915324303004,-0.22426161946650464,0.3189954326969036,1.1182146640976838,-0.18142993474154578,0.32368987441854263,1.1257594933398762,-0.1944683730692675,0.34011435767084275,1.1464704105600685,-0.20250432951264294,0.34960958649505186,1.1600751044538924,-0.20800792762190012,0.35745092985553606,1.1712734048317242,-0.16626431266903827,0.3235896958449447,1.1348944235773055,-0.17234422368964755,0.3430687351653848,1.160512495715573,-0.1773345486593822,0.3545123243750848,1.1768464335941833,-0.18152422694471573,0.36385682668724273,1.1902094912127872,-0.15087124406536068,0.3199198122989645,1.1381115647613433,-0.15207482220668586,0.3384355278601122,1.1621881955810014,-0.15525628470852906,0.34907197930820966,1.1772151492778358,-0.15869052115947993,0.3577077718844077,1.1896283417767466,-0.1359436797457484,0.31307995069829264,1.137978249596671,-0.12933163702302847,0.32438524013589143,1.1573300227707368,-0.1260724605709357,0.3322238842650393,1.1693877279228444,-0.1237305520284793,0.3388735275939299,1.1801116577849948
-0.143968137779564,0.28936439111316437,1.0765877138360467,-0.17323390864096447,0.2961051937467664,1.0793494635204264,-0.19613344790347412,0.3094490492808474,1.0907796118298423,-0.2115327539466173,0.3180741411688451,1.1043161005207534,-0.22527610736115722,0.3212021138146784,1.115882568128905,-0.18213359258462877,0.32649367719665484,1.1235534521596002,-0.19523871004641452,0.34283046448895693,1.1442916269469678,-0.20329315198899015,0.3523147139316319,1.1578930474548181,-0.20875194137339295,0.36007732715026974,1.1691678708978674,-0.1669592397233821,0.3263494043921421,1.1327174004081018,-0.17301301638944805,0.3457327078127114,1.158414155991848,-0.17798830045303093,0.35698056290997476,1.1748880416331848,-0.18216711628466875,0.36608398680400683,1.1884198415195808,-0.15160066448056714,0.32254098063009534,1.1359988987755587,-0.1526574205538069,0.3409761579537935,1.1601441255989953,-0.15580272538271325,0.35146071963945186,1.1752850028608337,-0.15923960880023094,0.3599793845067624,1.1877781378832375,-0.13668577415713695,0.31542000227928696,1.1359772590050137,-0.12990283751733894,0.3269283696131423,1.155149349529132,-0.12674689353534965,0.33478743043428627,1.1672212179452708,-0.1246203187054204,0.3414706559109287,1.1779691079908603
-0.14393626587016245,0.2914741089332336,1.0749791685107797,-0.17318791693320482,0.29828432592228893,1.0777201318860077,-0.19607891848005163,0.3117198220009958,1.0890596716750025,-0.2115716394074995,0.3204166679951235,1.1024427890541706,-0.22521549068970348,0.32351198524190433,1.114135157599993,-0.18188448362364293,0.32887744911967115,1.1219034619423878,-0.19501831962048405,0.34520092987442996,1.142633945397668,-0.20313261576497219,0.3547718316738077,1.1561387482157315,-0.2085928139288239,0.36259622096330024,1.167370104209347,-0.16678406317309405,0.3285426300388531,1.1311122834427048,-0.17275236038702418,0.34779489897310684,1.1569272690169137,-0.17773228915997588,0.3589053905637656,1.1734927116598513,-0.18189290695220986,0.3678903030336042,1.187109063741482,-0.15157282892343743,0.32459596962849335,1.1344203638264065,-0.1524169418778269,0.3428524666244573,1.1587092968096873,-0.1553833726737751,0.3531860870679134,1.1739894053606306,-0.15872461823583678,0.3616056129968498,1.1865753460350952,-0.13686290845483762,0.31721635329878073,1.1345304089550032,-0.1299289363687592,0.3288842641178077,1.1535514418250703,-0.1267773477808726,0.3368384722276401,1.1655619742521794,-0.12470682000354699,0.34371597393069664,1.1761976617597545
-0.14360212964351549,0.2925659642250702,1.0745440623178164,-0.17282158742955822,0.2994326989769796,1.0774804318642006,-0.19565771725579445,0.31288107000783477,1.0889149480542555,-0.21109822695368644,0.3217184401400831,1.1022663117367,-0.22475035132945248,0.32498637665981817,1.1139019139906468,-0.1812997327498598,0.3299292523603223,1.1217016897134169,-0.19432665564793955,0.3462914085354778,1.1424691099032203,-0.20249301701245523,0.35596442682041207,1.15586936817133,-0.2080197317818629,0.3639065412280711,1.1669849622530981,-0.16623708001203674,0.3293580364453218,1.1309446486097043,-0.17208075861637462,0.34857138923516934,1.156817074199303,-0.1770040933369338,0.3596975787313206,1.1733888962612034,-0.1811098035071199,0.3687847682022321,1.1869539457647191,-0.1511448962906356,0.325337286101015,1.1341911710955574,-0.1518287534726189,0.34342920427803486,1.1586079544779029,-0.154656650652225,0.3537146995879192,1.173946687288572,-0.15788870581824258,0.36211290605968777,1.1865753130608616,-0.13665994346801502,0.31787850504343107,1.1342946028757872,-0.1297001410202367,0.32945367266010617,1.153362808028586,-0.12648412917168605,0.3374305748046009,1.1653411687858681,-0.12428553635592496,0.3444595497881943,1.175851385911195
-0.1433955525213802,0.2926604486771161,1.0751323640224253,-0.17259928024762203,0.29941253599797135,1.0784644248381108,-0.19545437116241127,0.31255130924569635,1.0902165789447618,-0.21078592784173658,0.3212837901769492,1.1037611169339252,-0.22461247855349506,0.3246121939653878,1.1151714356199538,-0.18106303018877482,0.3293196006932673,1.1228632146481647,-0.19385700320688712,0.34571500806214045,1.1437488912676346,-0.2019377750032781,0.35556058718045347,1.1570751571110078,-0.2074474754199571,0.36369039666335823,1.168062767783374,-0.16591104938579246,0.3286120484925297,1.132119718428252,-0.17164989517828808,0.3478331275478827,1.1580098648137997,-0.17642907466770713,0.3590989272024735,1.174529483619231,-0.18042275185366355,0.36844714624380026,1.1879498330857834,-0.1507603255187012,0.3246163096706578,1.1352423758223968,-0.15134900998912745,0.34260581914295835,1.1597371808685695,-0.15422098100376216,0.35294415386099204,1.1750321394567504,-0.1574808712302771,0.361415176121356,1.1876048535237553,-0.13623162240647887,0.317237461097325,1.1351631422478647,-0.1292187849957718,0.3284807960553945,1.154409631114333,-0.12600688418899686,0.33632289972423035,1.166477768075734,-0.12377395460635401,0.34333674444074913,1.1769908538017484
-0.14328964766231306,0.29269794879349365,1.07622789335121,-0.1725195026411591,0.2991350323784439,1.0799333701642988,-0.19545202544897455,0.3118926222192667,1.0919516465984322,-0.21069906073296768,0.32027226152799443,1.1058108284960133,-0.22472822756329885,0.3233275911178661,1.1170489149890266,-0.18121110896591586,0.3282617574800797,1.124582259091305,-0.19375646977580024,0.3447187189879608,1.1455700878572943,-0.20157978741559598,0.3548275768016905,1.1588527968105622,-0.2068814518029881,0.36318361770580315,1.169772829975788,-0.16591312858359764,0.3275655299569246,1.1338425927371318,-0.17164382147966492,0.3466973811022565,1.1598005460776994,-0.17627903398863712,0.3580231438506756,1.176320186118857,-0.18015051221878609,0.3675007349841269,1.189685490422735,-0.15054697757571525,0.3236676487447646,1.1368648400024854,-0.15103092619266315,0.34159396535242553,1.1614082187700423,-0.15398994186178847,0.35198237697750806,1.1766525708600097,-0.15739662363081275,0.36051214329898623,1.1891464032288528,-0.13567019536729058,0.31637418984684235,1.1365638306096448,-0.1284176547828198,0.3274046180403374,1.1558446530027433,-0.12527827862587823,0.33507113918533454,1.1680439807441805,-0.12325207231118288,0.3419576675280385,1.1786823630961376
-0.14323586744475375,0.2932039761390322,1.0773750373919473,-0.17252432412680432,0.299328279456596,1.081147336377244,-0.19550327519530455,0.31195506473695384,1.0932149695586137,-0.21068787272310052,0.31984913173406015,1.1074233849146624,-0.22479250121334537,0.3223684911373879,1.118699884026953,-0.18157002043739612,0.3276285550563944,1.1262259072155503,-0.1939677896216622,0.3440941345407202,1.1472945243446255,-0.20149542834746492,0.3542728167248884,1.1606942536902525,-0.20650330885938206,0.3626403851876063,1.171743376732262,-0.16617471659480468,0.326994099247607,1.135504724045953,-0.17199844112571752,0.3457120061677663,1.1617422564006459,-0.17654356380021977,0.356730503353042,1.1784931126049722,-0.18031014049639996,0.3658914356694136,1.1921068797397993,-0.150570162849755,0.3231931776477634,1.1384936626670157,-0.15089764720216195,0.34088726327690616,1.1632075567846412,-0.15370517551837495,0.35111097080960485,1.1785912731595838,-0.1571291365661406,0.35945190530932686,1.1912072766412694,-0.13528123166607567,0.3159662936070638,1.1380186392115896,-0.1277442627987367,0.32707107042451544,1.15714709537885,-0.12456259781060727,0.3346014195675504,1.169420060633904,-0.12272809660487921,0.34129785034256016,1.180213456017781
-0.14369006370932402,0.29272670564740993,1.0785444817806604,-0.1730658801486621,0.2985651958754029,1.08208347400392,-0.19607451086826458,0.3110322999428491,1.0942600867474264,-0.2111314606041653,0.3183842267286315,1.1088889896438503,-0.22522971511039697,0.32036468978339416,1.1202803958277547,-0.1824876051126952,0.32574865276610215,1.127994134877195,-0.19489392070816025,0.34179745467582157,1.1493769762889636,-0.20223988286862116,0.35145417401842105,1.163255314583007,-0.20703876426499948,0.35937005848532294,1.17472212319079,-0.16704035761303992,0.3251111312646148,1.137307024633809,-0.17301563059355116,0.342858822929518,1.1641770723509821,-0.17746660694480096,0.3530710564057373,1.1814558367996926,-0.1810785225922656,0.3614664392481973,1.1955950039887024,-0.15127452387715115,0.3213544511091997,1.1402823032960894,-0.15147275555793466,0.33833106849777733,1.1654957846295406,-0.1539000504501042,0.34789497638982386,1.1813609995919694,-0.15707223764375738,0.35559603361637404,1.1944411061449374,-0.1357361864556988,0.31429975157975554,1.1396213619758813,-0.12818493667184166,0.325280401617351,1.158815729760966,-0.12480059614847935,0.33246908063746017,1.1712384492551924,-0.12286585076315909,0.33878760691125015,1.182240174107797
-0.14534380467272157,0.2886689891522053,1.0803369048393543,-0.17482523967894106,0.29402310528264336,1.083761734179947,-0.1979454291458631,0.3058005030694172,1.0964047326261468,-0.21281847523194014,0.3126374483877458,1.111465145688263,-0.22693820088607689,0.31418930290324576,1.1228963417715734,-0.18455707654613754,0.3197664954506558,1.130697909722329,-0.1971407229990475,0.33462327746619497,1.1528255956908948,-0.204467614131909,0.34306940490659177,1.1674817636728858,-0.20920288225809572,0.35007094723056864,1.1795537904313078,-0.16911328890091723,0.31898022994230446,1.140029986446895,-0.1753423905276425,0.33515852228649884,1.1678174847275422,-0.17970165287795817,0.3441784949029649,1.1857700201943098,-0.18310914441290432,0.3515968295423935,1.2004942094464002,-0.1533367790313667,0.3151614744939169,1.1429698916199205,-0.15359219565163526,0.3308125946398557,1.1690264008879938,-0.1558489299066146,0.3390957054517887,1.1856204469963068,-0.15876915313555032,0.34565098791064935,1.1993666759196484,-0.13775301936110745,0.30833242214239526,1.1421007708933788,-0.13053237151088862,0.3184600772962324,1.1618823949147663,-0.12709686511950516,0.3247793421343705,1.1747555846595301,-0.12501670133448106,0.33031721649059637,1.1861446070035744
-0.1483953655276314,0.27989743950762797,1.0834236280335654,-0.1779474547801267,0.2846253573210547,1.0871481198832518,-0.20125625149009616,0.29531001899307446,1.100400805279528,-0.21613046205750736,0.30164669572493813,1.1156773150496986,-0.23024169258548294,0.3026079591623593,1.1271836739208037,-0.18786490865162617,0.3090651237995899,1.134730233460656,-0.2007672222668011,0.322165698821054,1.1577652471076068,-0.20824155582408826,0.3291404896264692,1.1731050741413014,-0.21306180496314414,0.33499451663997104,1.1857412822418352,-0.17257359015698057,0.3078844819652704,1.1440797291179672,-0.1792301554719744,0.32219480452410043,1.1727779645587868,-0.18363571540574952,0.32988458018421873,1.191328301372257,-0.18697921841948012,0.3362069461853817,1.2065694664280906,-0.15695904794001514,0.3038092747850636,1.1470122899862907,-0.15755819964254233,0.31782140669991416,1.1739801532896357,-0.16012490942829588,0.32459045297625694,1.1912038913812817,-0.16312810017485754,0.3297105181572829,1.2055295334023914,-0.1414427114115393,0.29698812745479686,1.14602246791723,-0.1346554126047933,0.3058562240626212,1.1665482867968189,-0.1315344215971193,0.3109577240223651,1.1800274907701702,-0.12963467911156795,0.3153562367887297,1.191933330834766
-0.15267205193777722,0.26745659976716585,1.0877248035841045,-0.18225527895623136,0.2716226507938388,1.0918512698197727,-0.20582059181556955,0.28128673114658587,1.1054298282889934,-0.22108971342386444,0.28692083634581966,1.120591561259898,-0.23504142987486265,0.28671369137163677,1.1323284197795818,-0.192464935892124,0.2952085636252251,1.1395641833107224,-0.20574264247627724,0.3066734660325086,1.1632488859030952,-0.21348860469179312,0.31249444940027105,1.1789313565093675,-0.21852121245992426,0.3172317192130582,1.1919470901794447,-0.17737120923804334,0.29346726501821596,1.149047072070918,-0.18450304328278389,0.3061072154490643,1.1784078027704636,-0.189021795539387,0.31259139612450026,1.1973865509625328,-0.19254040873335693,0.31770781539254805,1.2130353864329253,-0.16182766823509914,0.28901740191925007,1.1520671454167442,-0.16294253916460305,0.3016226018583699,1.1797046285151573,-0.16582241360683259,0.30740609025928767,1.1972352510248863,-0.1690663591662276,0.31133608160088705,1.211880735881927,-0.14624692251379603,0.28199094283849085,1.1510218521086315,-0.13965259739064323,0.2901827519556585,1.1718887863054295,-0.1367266426987463,0.29448979041523315,1.1856852726448266,-0.13502482065993782,0.2979468471170832,1.1979269034356743
-0.15820689208832528,0.2527650054337019,1.092382530186293,-0.18790582813483944,0.25600103966564036,1.0965119739419495,-0.21191377500353178,0.2645969041723031,1.1100332634462102,-0.22780862329453028,0.26918651957797834,1.1249012354330037,-0.24151297336774197,0.2673216225100221,1.1367823169021818,-0.1990895731318662,0.27863333730157713,1.1443479244298584,-0.21268366562878985,0.28885899314627805,1.1684174742379327,-0.2206740177641039,0.29399701341682416,1.184215533700465,-0.22595569918554523,0.297843636121501,1.1974248305904451,-0.18384891613513998,0.27660284595020757,1.1541989329674849,-0.191232156077515,0.2879956691956711,1.1840045575608096,-0.19554904796582598,0.29367022494027695,1.2032872043047662,-0.1992442985892193,0.29783707950332616,1.2191751520134968,-0.16781423794668027,0.27203302018203046,1.1573830914527121,-0.16930125396908197,0.28368880111504324,1.185416928665988,-0.1717342164361117,0.28951659815780795,1.2030005180529004,-0.1748590593457364,0.2931407029120119,1.2177504151018936,-0.1516875602775052,0.26505143696336464,1.1561444912724574,-0.1448856504215428,0.2734722693398538,1.1768530259288228,-0.14120246927159907,0.2780666621836998,1.1903726619253123,-0.13884728093646337,0.28162520437634164,1.2024761667516113
-0.16489797203990825,0.23685184881527954,1.096614119187554,-0.19478384828079723,0.23840609596675616,1.1003517310832356,-0.21941814166613274,0.24549662186351662,1.113617163652039,-0.23585427330809808,0.2489026971015739,1.12821235432865,-0.24951767920660411,0.245606104696627,1.139826611371129,-0.2078957929250198,0.258699471608215,1.1487181994428763,-0.2217057223482337,0.26773134719338143,1.173139863779536,-0.2298426260335632,0.27253050003327733,1.1889696645604542,-0.2353383757716657,0.27594771943829327,1.2022096621265983,-0.19215225466506589,0.25681854745963434,1.1591085886576429,-0.19952013912305994,0.2671366258288413,1.1893068576200818,-0.20320474868749494,0.27260404772841906,1.2087795963605856,-0.20676596775592734,0.2767384619026799,1.2247065789592122,-0.17516247376512478,0.2525213892163304,1.1624756099062297,-0.17673850848882483,0.26331266527559216,1.190848642001376,-0.1778281978719479,0.2700254829296695,1.208250245279712,-0.1801825590796051,0.2746257386322324,1.2228705350241078,-0.15811502226597737,0.2459947225881759,1.1608748787542087,-0.15094239195776335,0.254627983095748,1.1813697559357275,-0.14571861238294667,0.2602088299461469,1.1939801128636887,-0.14176110125802152,0.2650613145350407,1.2051826332373212
-0.17197094610607785,0.2211155029211307,1.100325876497371,-0.20194572057631344,0.2214719893149476,1.1036329656231556,-0.22709362470665928,0.2271344478644039,1.1166181552772003,-0.2439121784863561,0.22954006966895138,1.1309749165853393,-0.25795490915913066,0.22556470461152892,1.1419040216169785,-0.2169404202800396,0.23740173817732652,1.152799406353107,-0.2309528643245952,0.2451668253989979,1.1775392820312625,-0.23941069989534344,0.24972070892289588,1.1932730299839125,-0.2451720713540415,0.2531994492157238,1.2063834515670397,-0.20114957706221093,0.23520252181314166,1.1635491877423243,-0.2085999085804207,0.24427754595681336,1.1941240206610468,-0.21211981558087092,0.24979325972527333,1.213613601473851,-0.21536629133305718,0.2547483903347757,1.2293727737981797,-0.1839084916504919,0.23077075373707615,1.167055941608905,-0.1857185082665749,0.24025200009241068,1.1958794438615576,-0.18608322641853325,0.24741721252528165,1.2131302946210605,-0.1876340673874558,0.253427582635643,1.2273404524266853,-0.166609225599508,0.22424256493389727,1.1652913996994814,-0.15954669391411536,0.23198390055807805,1.1861770927012008,-0.15374647230759464,0.23784024592380157,1.1984047447545214,-0.14902226686257164,0.24365975871040604,1.208822043711102
-0.1784893809053922,0.20664790441489447,1.1033911968283483,-0.20847829022033829,0.20813648340001742,1.106219708147282,-0.23377492834836633,0.21357413844847073,1.1190106297840725,-0.25094232815382295,0.21530191158189674,1.1330485265882582,-0.2656537693360087,0.21120843548863996,1.1430116636794299,-0.22393814872491807,0.21898676295534883,1.1565243171529547,-0.2382082611458785,0.225906864199451,1.1813674793207842,-0.24740993007085516,0.2298162106060225,1.1968552151784593,-0.25359750113245794,0.2330421148850643,1.209835419149794,-0.2090543298978426,0.2149374789763061,1.166984361061574,-0.217080537352142,0.2225734007585838,1.1978057270822866,-0.2217464015507847,0.2274245461001958,1.2172312953900764,-0.22507103942773765,0.23255483620410272,1.2329179566967896,-0.1932117072846753,0.20891291988121452,1.1702249701967027,-0.19603864442402227,0.21650487663916435,1.1995223266253177,-0.19774526860717345,0.22253310400573817,1.2171238336397623,-0.19954412740371638,0.22844218021363039,1.231347235723462,-0.17750495741922476,0.20079770866699417,1.1683823646025722,-0.17171536063189335,0.20627043826794716,1.1903493763012631,-0.16741881422365185,0.21083657120954713,1.2036964713180045,-0.16389802128220946,0.21591509024351424,1.2149444767054558
-0.18447393725581743,0.19320865477124124,1.1050205072202155,-0.21412748429967748,0.1983701953799561,1.1069117163145548,-0.23922316264328983,0.20490401717504428,1.1195849862378564,-0.25679653863023155,0.20616416798400986,1.1331627562729614,-0.2721526036005413,0.20193138110012387,1.1420352943936845,-0.22913780563904448,0.2048683277664335,1.1589663809133401,-0.24363992051960712,0.21157213632958405,1.183734389129023,-0.2535754586985849,0.2142568103326178,1.199028220203024,-0.26016316691004504,0.216377558677246,1.2120390893583415,-0.21552316402412788,0.19790210237080264,1.1687460182596299,-0.22452558263516606,0.20403166942302361,1.1996340220451,-0.23065979059508343,0.20731889607798842,1.218978846612658,-0.23440944394350025,0.21133798791967218,1.2348920938315466,-0.201806564966958,0.189359868369576,1.1711521737015216,-0.20635325507692387,0.19480937356580832,1.2007088138500548,-0.20995997201847036,0.19884434741280474,1.2185910877385397,-0.212493262844302,0.20329032288477447,1.233229188063704,-0.18881039907709524,0.178852429770398,1.1685353847777136,-0.1853652287730472,0.18134969724460653,1.1915117696098367,-0.18361410778345644,0.18359351895308199,1.205980828524806,-0.18221891908051016,0.1864951765454234,1.2184041451275087
-0.19121910337872064,0.18006742961672031,1.1048595120907354,-0.22024696142899242,0.1882335500394889,1.1053584708369868,-0.24519408427728465,0.19558364884461515,1.1178769682896361,-0.26321163810878945,0.19632968432880998,1.1308992011147354,-0.27895395919749233,0.19160862980557564,1.138794650424894,-0.23534760976067245,0.19192963359220466,1.1592003755653404,-0.24997208806445234,0.19831568862899776,1.1839803988026554,-0.26024013989226535,0.19954867053724865,1.1992404947919943,-0.2670085659763588,0.20025226653291145,1.2123122792997205,-0.22225629529213972,0.18278383691437158,1.1687057143273383,-0.23214624775775863,0.18730892356298248,1.1995990201070315,-0.23901483321881298,0.18881810689660802,1.2189174440426407,-0.2430904137338439,0.19125958799069592,1.2350690151751145,-0.20964690534477665,0.1726077565538212,1.1703835522914727,-0.21571466083978466,0.17609473812615553,1.1999637446078981,-0.22026906655957695,0.1784275368029899,1.2179326226846745,-0.22319671633809704,0.18135518697008243,1.2328763830116012,-0.19830940019730448,0.16093552960157295,1.1668493811128666,-0.19695078971242197,0.16107353502673555,1.1901765098532076,-0.19677426437268883,0.16147417393902583,1.2049163590291947,-0.1966481845136764,0.16246551053564415,1.2177111360625146
-0.1991174181592132,0.16692036154785594,1.1036420153352182,-0.22842382749025708,0.17401688101794296,1.1030720950703363,-0.2537177631455514,0.1805341248500606,1.1153537082063802,-0.27217271977530216,0.18056488400820156,1.1277706721039744,-0.28805707620564436,0.17521358145884092,1.134946877974733,-0.24407419226297516,0.176541870667274,1.1577463721493593,-0.2587779385248739,0.1817667076993117,1.1827505226065713,-0.26906827346437917,0.18166352156040333,1.1980450321371872,-0.275849221359323,0.18120358910390327,1.2111211705954206,-0.23021518664328178,0.16714677534884678,1.16751611981126,-0.2406298745930826,0.16986043293974176,1.1984491805769668,-0.24754896721633896,0.16986554608228618,1.2178084867384178,-0.2517694978966538,0.17095834035614946,1.2340700167391951,-0.21718268516846634,0.1571404217913017,1.168961456223639,-0.22399705150594235,0.15894036661120944,1.1985298360367718,-0.22865326426342386,0.16003068906915568,1.2165907335825732,-0.23165677707138393,0.16185038455221482,1.2316945695389296,-0.20582478857429937,0.14606693403901239,1.1651171445485387,-0.20531534097835846,0.14498846603335655,1.1884537504097863,-0.2054541281350731,0.14446507172410625,1.2031901550929727,-0.20555287859663432,0.1445306178844976,1.2160233509442877
-0.20648999531902096,0.1531861407466432,1.1017922034095196,-0.23638663416226807,0.15698992024962466,1.1006638094421959,-0.26223060151307664,0.16170629544322995,1.1126195957370564,-0.28110195991375814,0.1608755686902515,1.1243647687004852,-0.29706535096969483,0.15500537542012113,1.1309342531434998,-0.2528920809623748,0.15827509778526375,1.1552890758978207,-0.267680814596409,0.1617192606281431,1.1805504637465882,-0.2779330633392889,0.1605022337672566,1.1958224611163681,-0.2846885606411835,0.1592425505958071,1.208859126476384,-0.2377882723498299,0.1496721057125123,1.1654718163417286,-0.24852864890731735,0.1504033808511423,1.196403894497298,-0.2553646497129402,0.14919044987357327,1.2157547212330062,-0.2596989367713015,0.1492452146334444,1.2320229538669294,-0.2238041964133779,0.14078004951960263,1.1668686030691802,-0.23095449418894598,0.1409199006351569,1.1964120991063099,-0.23554321411116486,0.1409212502837384,1.2145231120023092,-0.23860177170127056,0.14184664349814496,1.2296970078205198,-0.21183700471253458,0.1311001493938399,1.1629695214698577,-0.21155981932113166,0.1291803843630226,1.1862559439881557,-0.21170284061044412,0.12807822536904623,1.2009603520662546,-0.21180285765552795,0.12765983856171376,1.2137868836621755
-0.212746407930614,0.13824793798079793,1.0989695747404655,-0.2428285156947413,0.13954589795088496,1.0972569399399812,-0.26907181447341727,0.14267261850027413,1.108859032731545,-0.2883369803381919,0.1409361806229473,1.1198410876606946,-0.3043976986494305,0.1346082447111224,1.1257111560847708,-0.2601544075060575,0.1387101577376487,1.1518206327334208,-0.27499581146162394,0.14039902540195087,1.177229038249563,-0.2852520604686761,0.1381507224614639,1.1923808748551268,-0.29198944336135846,0.13618024002328544,1.2053386161673925,-0.244097811298795,0.13060818600216823,1.1622605487183162,-0.2551928495270372,0.1293097464482396,1.1930485024078015,-0.2621172346696147,0.12689536477810726,1.2122547580416934,-0.26660748584941335,0.12593442071836264,1.2284522475808475,-0.22956487714510052,0.12262680318216267,1.1634811992171255,-0.23717900480440496,0.12095645392783143,1.1928614556500785,-0.2419232309348256,0.1197707527407289,1.2108934153767281,-0.2451379579249372,0.11971060220070986,1.226063127098668,-0.21742324794411425,0.11411411238621882,1.15942394925716,-0.2176810229959349,0.11101542948864096,1.1825832134842111,-0.2181926436217691,0.10912714452960634,1.1971992133033533,-0.2186128255269701,0.10801002527157078,1.209977337400453
-0.22019604669517184,0.12365619058108819,1.0958442843431775,-0.25024271491263145,0.12327339711823353,1.0932748050630419,-0.2767727174352102,0.12511746863605627,1.1044932735732267,-0.29640698797257353,0.12246138310779316,1.1146030704504208,-0.3125465532022163,0.1156423093590585,1.119649040752343,-0.2682631988951763,0.12003036203306305,1.1479726705501716,-0.2831264981116935,0.12013462626993114,1.173424155410622,-0.2933683250358612,0.11677844257025452,1.188379578325337,-0.3000737424070091,0.11396248835194354,1.201196987147578,-0.2514534218119954,0.11207981161829156,1.158581734414329,-0.26296555093984003,0.10875231860560465,1.1890625904413767,-0.270028090460394,0.10500322798829811,1.2080025339204385,-0.27467526008814425,0.10287571595758105,1.2240437914623121,-0.2366744166835958,0.10474295987131346,1.159557575565471,-0.24493397988661114,0.10117088505353027,1.1885917687159835,-0.24992083507415497,0.09868723560378335,1.2064251055101567,-0.25330626265692513,0.09749193278517194,1.221510475001449,-0.2247017055614221,0.09714375311182559,1.1553071758484317,-0.2258429445189278,0.09261394501607946,1.1782025512651624,-0.22692494992137868,0.08974843185094651,1.1926272843675105,-0.22782361984155497,0.0876873672381801,1.2052625274893338
-0.2302192413025,0.11266828743314494,1.0946840772631452,-0.2600876670977733,0.11037761272551651,1.091193951839549,-0.28688835715136507,0.11078248518059873,1.1019016481497417,-0.3068569536473128,0.10718236547996578,1.111015464852369,-0.3230282773897337,0.09987273052429457,1.1151993236111102,-0.2790347143263757,0.10472388338205946,1.1456242621818513,-0.29393568634794354,0.10317209193794112,1.1710065314334168,-0.30411733559599774,0.09864564107617085,1.1856922021199787,-0.31078173559681554,0.09490898542472406,1.198293843535643,-0.26147432921733005,0.0971152003388988,1.1565568875418886,-0.27339654532110236,0.09174292479867328,1.1865849299296651,-0.280516710948842,0.08660356317491762,1.20517381928487,-0.2853011311132041,0.08323875741794855,1.2209608976220216,-0.2463595530517587,0.09059780429774981,1.1574615777114772,-0.25524652428704964,0.08514052601043373,1.1860133610299952,-0.26039735007659415,0.0813259806181595,1.2035628162238527,-0.26392216591425766,0.0789403742887161,1.218473979732669,-0.23442314399934544,0.08403720886333765,1.153178814723802,-0.23640176625718567,0.07815500798040909,1.1757066768049917,-0.23794932361689444,0.07434300089190699,1.189867485208472,-0.23923196001124683,0.07135727161953291,1.2022830088906606
-0.23980972676456677,0.10545383803930639,1.0968607863041941,-0.2693192915933094,0.10090949722233754,1.0926080723784977,-0.2963221693911868,0.09960412364624077,1.1027192671538255,-0.31654435529049757,0.09500753036881997,1.110763015686794,-0.33268884375091123,0.08723108891134462,1.114128962728933,-0.28927899252768047,0.0926225660418713,1.146146855386744,-0.30415351341697866,0.08927655341311476,1.1713710391006837,-0.31422677633591667,0.08360921021899351,1.1857318976270588,-0.32082423681169203,0.0789940370643343,1.1980749880512787,-0.2709865757640772,0.08564787584799233,1.1575464653285923,-0.2832137891001541,0.07823542726105331,1.1870122891067816,-0.29031025888722745,0.07176662163522973,1.205190607903158,-0.29519432964191367,0.0672117744246077,1.2206451753919543,-0.255467585548258,0.08021270963999182,1.1585563886367158,-0.264847401539906,0.07292012570179683,1.1865349830649017,-0.27007599159480705,0.06780399479625791,1.2037266144901142,-0.2737048344073294,0.06424163672264806,1.2183758242378298,-0.24344693008974422,0.07487853908081982,1.1544017944124703,-0.24609702131528421,0.06775507519998145,1.1764982439474105,-0.24799507832657913,0.0630747063442003,1.1903527144685155,-0.24957594557275753,0.059248980256346714,1.2025005390623138
-0.24602771094864054,0.09832099034020872,1.0997273772959213,-0.27501901175685817,0.09158917311213914,1.0948551971030662,-0.30205819392580147,0.08848006868848748,1.1044630983641335,-0.3223982497309006,0.08279765462719466,1.1114459103369294,-0.3384355407524734,0.07452313458759596,1.1140506682304996,-0.2955237368351834,0.08031951124872405,1.1473409948205449,-0.3101294681098099,0.07519372646641391,1.1724229716272359,-0.3199901987540833,0.06845099903893438,1.1864631026924493,-0.3264225831334755,0.06301568509995074,1.1985569020449198,-0.2764986042858364,0.07407273790476965,1.1591459821564765,-0.2888462690642787,0.06468572637495687,1.1879921794796182,-0.29584114193676214,0.056985891118767534,1.205724660819001,-0.3007387876945278,0.05132566637008809,1.220805090466081,-0.26074454518151347,0.06982888992248265,1.1602273397395602,-0.27046770761507377,0.060758062377756925,1.187561287033249,-0.2756889946732842,0.05441333669272379,1.2043406719416005,-0.2793419192596682,0.04972344840585083,1.2186626596269052,-0.24884080956642776,0.06577446735347268,1.1562238912254255,-0.25213192427206543,0.05740604652874584,1.1777914107886498,-0.254361426563384,0.05189045777086171,1.1912844618391487,-0.2562312216602197,0.047248724950242904,1.2031023781710937
-0.25152947425565375,0.08975840394634406,1.098113742298065,-0.2798632538923255,0.08100498630076876,1.0926250597057663,-0.3068071793905895,0.07608926172223097,1.1017330891269335,-0.32716395628614187,0.06929297701587661,1.107579413731403,-0.343053275539887,0.06053132119996121,1.1093710805242125,-0.3005680103436717,0.06651651229090992,1.1438958660195004,-0.31479606339555494,0.0596708515088427,1.1687837355756157,-0.324378089643462,0.05190383924419284,1.1824834419883008,-0.33059221321621524,0.04567448492212477,1.1943053708558782,-0.28091083354784896,0.061024319243071515,1.1560629596605316,-0.29333215294984244,0.04973933188589674,1.1841884604669053,-0.3002138459729775,0.04086703637184444,1.2014099957461097,-0.30509519413890707,0.03415235741550751,1.216056837150008,-0.2651128341160067,0.057999699162956456,1.1572365590198614,-0.275157207409181,0.047199833875575026,1.1838154594792765,-0.2803581454363496,0.039681142243302006,1.2001091594962006,-0.28400692799712435,0.03390334844228213,1.214028991609134,-0.25350433512368165,0.05520244116811658,1.1534403283988528,-0.2575184221141917,0.04557836218570746,1.1743516653381405,-0.2601340726924325,0.03924308273513081,1.1874083660239994,-0.2623314155969644,0.033791189553321804,1.198816850086532
-0.2603089320364175,0.08273060853370184,1.090221824612627,-0.28785317180140374,0.07214565147256206,1.0839908884583143,-0.31471250177157545,0.06547529031058201,1.092187128135573,-0.3350873317212763,0.05772545182450885,1.096611342272174,-0.3508813700937699,0.048651233635604696,1.0974200851415803,-0.30930940400351453,0.05441715601320389,1.133096858783982,-0.323516236267377,0.04579081308868342,1.1574373341492579,-0.3329576775119326,0.037051133431691856,1.1706396388362184,-0.3391087211274076,0.030053172553794236,1.1820576682279005,-0.2895093019679444,0.04958464589855724,1.1458609048293766,-0.302241860805921,0.03643016462895502,1.1730183251581265,-0.30914180122467816,0.026392061407383587,1.1895798441058831,-0.31413214322349337,0.018628735929060093,1.2036607425419603,-0.2736453950107,0.04769212021789915,1.1475199357823007,-0.28420033077613577,0.03518052454513381,1.173132779814514,-0.2895388276302194,0.02648045184877182,1.188781240661579,-0.29332345460393416,0.019607576574453715,1.202156532268444,-0.2620967219830489,0.046073090358332625,1.1441854784629306,-0.26690861063702415,0.035238810756279076,1.1643221096683165,-0.27000165357802114,0.02809410534652488,1.1768457312067309,-0.2725969722834553,0.02185338241789027,1.1877554819763978
-0.2702450374808842,0.07952207252536868,1.0799865931838417,-0.29693479519571186,0.06734482097149506,1.0729921380017833,-0.3236627399869759,0.05898630997227744,1.0799812674494318,-0.34398569958878844,0.050416421665519934,1.0828625328309514,-0.35967294498146063,0.0411249374706444,1.0827019018036848,-0.3194805529121468,0.04652441723452656,1.1190760440286447,-0.33387130745345733,0.03607929707929813,1.1425816234707078,-0.3432851636394873,0.02642662509669299,1.1551525779942728,-0.34948652033487876,0.01870251285481315,1.1660640148569752,-0.2999686019212177,0.042164412653321,1.1325977959486528,-0.3130711887752572,0.02720553568215038,1.158621595218571,-0.32001882322104946,0.016043361189727337,1.1744264311916066,-0.3251591848088959,0.007271030975274956,1.1878453485052145,-0.2840143169402684,0.04124964401219464,1.1350706980654381,-0.2951199512555226,0.027099509595997204,1.1595738214820377,-0.30065077443929294,0.01725107189656163,1.174456140194368,-0.30462802468066447,0.009308477454518172,1.1871665656586043,-0.27231393497262,0.040708561787574135,1.1324106031022179,-0.2778375976646157,0.02873720944499241,1.1517029766412687,-0.2813556190411551,0.02081452906882013,1.163632330677246,-0.28431149857934945,0.013825835938620724,1.1739824953232119
-0.2763736723225563,0.07770607278695588,1.0724990042226688,-0.3021286661410335,0.06387846077176917,1.0650808868776809,-0.32832962915269887,0.053617837427543905,1.0715093248819065,-0.34827272021087863,0.043924246910423986,1.0732628312826646,-0.36361712382896505,0.034105344285268104,1.072497600779209,-0.3241019085324183,0.03984558490312384,1.1089622093384761,-0.3378088243275262,0.02780893892199572,1.1321127218412992,-0.3468413586706183,0.01727479425179867,1.1442481568041172,-0.35273140783264156,0.008853922227028185,1.1548110363551092,-0.30433689300286487,0.03622746879492535,1.1229431058656854,-0.3171803994079598,0.01967954600777813,1.148120367543639,-0.3238187815668539,0.007555845931454277,1.1633389214400527,-0.3287799377121623,-0.002074976291914792,1.176226071222622,-0.2886179191740103,0.036487791483868035,1.1257884230334751,-0.2997542238374328,0.02092888737220496,1.1494076460519662,-0.305069062052265,0.01012525302872484,1.163693972388282,-0.3088782514973022,0.0012791339131515318,1.1758469347349727,-0.277356646536374,0.037101221416242815,1.1235805622980002,-0.2833283423391227,0.024096604510411082,1.1420532067104128,-0.2869782001439349,0.015507251423907159,1.1534705784755992,-0.29005402686878123,0.007855978887164848,1.163304310332744
-0.2781589779442382,0.07412948746003883,1.0685402747945745,-0.30276523075376194,0.05836100757203358,1.0610945787040988,-0.3279099844953917,0.04583494236010924,1.0677229057105388,-0.34712411372081736,0.03466708243207174,1.0686521556781605,-0.3619156515397778,0.024076512262516614,1.0674284803476715,-0.32199414120843395,0.030791774271200938,1.103772184748293,-0.334072002506775,0.017478000829283004,1.127129738546323,-0.34226084694418957,0.006111130512032157,1.1391114224137597,-0.3473985069430464,-0.0029629089344032737,1.1495250887737913,-0.30140949976081055,0.02854005803979516,1.1178154292936529,-0.3134892925640504,0.010641159072368678,1.1424404558425099,-0.3195485015475645,-0.0022580439157163868,1.1572577819404435,-0.32406052847344,-0.01258055846720059,1.1697690465795285,-0.28645330757304843,0.030351800004936563,1.1205340112329703,-0.2971852083121863,0.013601024311673031,1.1435166632755214,-0.30193253288437516,0.002053469019413447,1.15741565664352,-0.30525841862702674,-0.0075003550141046595,1.1691681530506062,-0.2763936971176004,0.03225976114813847,1.1185688223521026,-0.28275814329658766,0.018347515301692832,1.1362312979305227,-0.28644948681143156,0.00923069452138561,1.1472182168971683,-0.2895505562096353,0.001031257803031765,1.1565914537873918
-0.2793371925725187,0.0692028068638754,1.0657050574017308,-0.3028736566453848,0.05209141553107652,1.0577812848672088,-0.32746290728754596,0.03796593387801526,1.0631604288744736,-0.3463219898727306,0.026196672636704305,1.0623943631821808,-0.3609777086901731,0.015621803610539163,1.0599799895772946,-0.32199287760641415,0.021719285779052227,1.0967980495623428,-0.3341092679779416,0.006884268727878179,1.1191994327716155,-0.3421020895277917,-0.005161207567064566,1.1306381812533677,-0.3471790377692994,-0.014794111107111357,1.1405684357888055,-0.30214300452371246,0.019810953297228498,1.1113927300609068,-0.3146083995775113,0.0005012806182838319,1.1347258476865478,-0.32078411932873097,-0.01321607453169659,1.148738386969987,-0.3254727404849599,-0.024273474868953863,1.16053648706914,-0.2874769107296369,0.02248745067473095,1.1151019291263389,-0.2986917738315787,0.00442621716937395,1.1368271026487617,-0.30363534995499236,-0.00796834701266921,1.1499038367331729,-0.3071519350285647,-0.01829704220120576,1.1609224540038563,-0.27750777385106096,0.025410468554840786,1.1140572042115142,-0.2847125548209876,0.01063878932425812,1.1306676956882769,-0.2890037166618316,0.0009795779936127645,1.1409507104694623,-0.2925796899280864,-0.00772259603846903,1.1496793727968413
-0.2825960556428773,0.06510600978973927,1.0628768500456782,-0.30588560299144435,0.048564022616874085,1.0532067585131246,-0.3313612644680534,0.0350337172441221,1.0542153110274648,-0.3507096421518307,0.024671931576517234,1.050604072797927,-0.36590857209825023,0.015571108750485951,1.0462895970182435,-0.33161030401651653,0.018181195041017405,1.083772582121606,-0.3474553328247524,0.0013265259184773396,1.102036256644232,-0.35693518135561303,-0.011109737104585213,1.1117981978539357,-0.36365414760476,-0.021098178067285138,1.1202990642141875,-0.316190641444406,0.013891388032886363,1.0988697662048412,-0.33113827013334435,-0.0070009242318923495,1.1191863504589885,-0.33866310547950174,-0.021693261199786915,1.13144068403374,-0.34474414487973926,-0.03361003159445061,1.1416610548532493,-0.30101126622732843,0.014958583006986157,1.105710785866848,-0.314371243764316,-0.004638965955109459,1.124721613034522,-0.3209450593953548,-0.01809170766227346,1.135896308962135,-0.32595684797462704,-0.029361891253526902,1.145294350167157,-0.2883609915745332,0.017572115887108917,1.1072202848777206,-0.29674992643228376,0.0018834019333075322,1.1223698667083741,-0.3022234793727423,-0.008437172410297454,1.1313687994167891,-0.30681256536627427,-0.01764316938739979,1.1390430989361304
-0.28628339753870197,0.06276661134883549,1.0607005477305027,-0.30997370024751875,0.04840721817055058,1.0487787856672672,-0.3362163923114991,0.03697481287119084,1.0450751534458984,-0.3560329830998849,0.028700478387881898,1.0392781299726033,-0.37175766254604403,0.021247961714590067,1.0338337199558703,-0.34290278619039055,0.021031452713753743,1.0703642822176052,-0.36301760349078954,0.003064166464726413,1.0822502977842123,-0.3744993068894187,-0.009330733031414006,1.0896232629865614,-0.3833595595207,-0.019233568830382675,1.0959957001691403,-0.3336776504252716,0.014913130199883756,1.0833026013045728,-0.3513188491710186,-0.007242750983989511,1.0997521893458095,-0.3603292180642798,-0.022717113941980907,1.1098523847586674,-0.3680939012792904,-0.03522770351132913,1.118015673294086,-0.32017866032776754,0.012476214648608085,1.0924907602483092,-0.33579363293779224,-0.00837092599602367,1.1081602794509149,-0.34412530912860345,-0.022552722987722484,1.1170217097193809,-0.3508439460181189,-0.03444430192425158,1.1243639512148857,-0.30499160617342025,0.012194999282414009,1.0974641268711336,-0.3138898293950476,-0.0044702265351245635,1.1112159149426533,-0.3200741627311819,-0.015445878465367983,1.1188803726767778,-0.32543141059020525,-0.025087114794981796,1.1254417308535987
-0.287641660374747,0.061607036969299374,1.0590574104181008,-0.3117540039349535,0.04962901884388552,1.0454679661543285,-0.338141234456531,0.03985395576146152,1.039044736712634,-0.358133265421789,0.03250108833623592,1.0326399415342409,-0.3741250600922006,0.025368390697733247,1.027557198525043,-0.3479382545992229,0.02430874137334032,1.0628156377115154,-0.36977604328505065,0.0060903627528716055,1.0705556817673931,-0.38212804446518345,-0.00630490448650211,1.0763530155717442,-0.39194350323433785,-0.01613296300701909,1.0812768579804428,-0.341516987892729,0.01776289555116693,1.0739625786040454,-0.3599602463677283,-0.005326724389748507,1.0880834701748956,-0.3693229497788285,-0.02128265955231607,1.0970503270294425,-0.3777830847790981,-0.03405443632918705,1.1040326096256743,-0.3296609230873557,0.013302873097148065,1.0833415567987021,-0.3457594768160077,-0.008389980826859912,1.0972778809620913,-0.35446531895039607,-0.022901931110477135,1.1051947460084404,-0.3617431886714764,-0.03503243572250313,1.1115462585539504,-0.31407664865254176,0.010426182167921315,1.08972917699747,-0.32220929604614945,-0.007068720686311609,1.1029128116900595,-0.3279488893083282,-0.018535991048990244,1.110193855988678,-0.3332239631770249,-0.02850497081771537,1.1163174171879764
-0.28644428352531004,0.06114751572439766,1.057236845564118,-0.3108064798850732,0.05061503662836313,1.0429154874512754,-0.3371590783868166,0.04144082343236823,1.035535105769734,-0.3571308093789777,0.0335439020846897,1.0297440819249137,-0.3730882986342142,0.025484659346337736,1.0261587936472731,-0.34729877139848764,0.024721929237965696,1.0605344745056997,-0.36904145980453656,0.006117802402696175,1.0675948273160922,-0.38111952814272415,-0.006669091081988852,1.073112007987228,-0.3906973760921324,-0.01683109387124043,1.0778212241817382,-0.34061865540556424,0.017621346016073878,1.0719892579911228,-0.35826488320691174,-0.00619425803542129,1.0859216504271911,-0.3670835378511699,-0.02240571087727977,1.0949812713324898,-0.37518870286464273,-0.03533449094289924,1.102094455052447,-0.3282329179585403,0.012621477663795145,1.0814765673876072,-0.34324334212141755,-0.009600736757215431,1.0957882698505168,-0.3512189557577733,-0.02421500417597326,1.1042663542686966,-0.3580361922510132,-0.03641407515702813,1.110986934245871,-0.31227404801022046,0.009471812441993578,1.087592911275425,-0.31952721113529725,-0.008342376901627147,1.1008619009101375,-0.3245652249523236,-0.019895190453638092,1.1085173396484713,-0.329386160250429,-0.02996662171313588,1.1148442519244322
-0.28416676862848544,0.06155151806538136,1.055739331094419,-0.308668431366853,0.05095372797968803,1.0417069972211384,-0.3348884829910333,0.04111385447943782,1.034722625263025,-0.3544696635831196,0.03153743782775111,1.0302912627751046,-0.3700244410702663,0.02219110990523506,1.0285186374422701,-0.34371202629770253,0.023245068367449804,1.0610255965502953,-0.3648090503172846,0.0041873355384358345,1.0687989493126269,-0.376437867222882,-0.008982684635919941,1.0743797062784621,-0.3854806677837746,-0.019504958237767253,1.0793483786827534,-0.33589845803145685,0.016041139368495192,1.0730500628205717,-0.3529911721968468,-0.008013064547112205,1.0872598589976432,-0.3617645073880198,-0.0242561099716411,1.0963068844141124,-0.369455256387818,-0.03724983078405773,1.1037540339215226,-0.32271311383138535,0.011604482472887551,1.082349542644769,-0.3368946906634251,-0.01071380925130216,1.0973409137555323,-0.34465726677141095,-0.02527361896375953,1.1061055868110394,-0.35117362086289183,-0.03742025340999428,1.1132087299476485,-0.3068897196899881,0.009353422842897339,1.08764657351283,-0.314521581491964,-0.00831901838190984,1.1008926789709157,-0.3199217529402232,-0.019656649755883146,1.1086225618692371,-0.3248266549660295,-0.029644332461358752,1.1150173327019564
-0.2822112806431132,0.06278466752451684,1.0556744593818164,-0.3068536848526693,0.05086767248204537,1.0430139629655257,-0.33259078611409637,0.039003904035484746,1.0375414602263462,-0.3512044778983571,0.027140642377067193,1.0347917577423653,-0.36614666856817796,0.016700070408174714,1.0343763737879907,-0.3399379052839636,0.021973535506877948,1.0622360683946133,-0.3605981929162515,0.0024580664308455984,1.0700466764327947,-0.37242755723414034,-0.010754267458019214,1.0750789756461145,-0.38155451627396353,-0.021326957380150936,1.079779511327632,-0.33215702789300056,0.015444398332779871,1.0733194284953786,-0.3498587625113055,-0.008467321812426922,1.0870147613554326,-0.3597718278023111,-0.02459084425601631,1.0950409537574095,-0.3679206255142001,-0.037605592225644795,1.1019444215564516,-0.31958610851338226,0.011760876757078,1.0819104169424187,-0.33417098205847445,-0.010459911616442441,1.096657704911486,-0.34298968192661095,-0.0249797541739012,1.10443394083946,-0.3500469608820804,-0.03712406758345444,1.1110042305583694,-0.30448832612449983,0.009983495023660745,1.0868964899964524,-0.3130826917513417,-0.007420927095325595,1.099905824083628,-0.3195347274332492,-0.01853063132887379,1.1071446453873302,-0.32499342192954195,-0.028465518121683436,1.1131617578610347
-0.2811835418125377,0.06419484104735046,1.0568663667763287,-0.30602367601833913,0.0508020039552187,1.0462291362703304,-0.3308383924494142,0.036495621154314935,1.0426720406960979,-0.3482543033126112,0.022712935929757292,1.041450975762573,-0.3626758798632921,0.01155986849731606,1.0417236761856135,-0.3376559034004817,0.021661760072414386,1.0634066879674975,-0.35782922997565153,0.0014820558900576542,1.0707906604915978,-0.3701387797092825,-0.011608101138959222,1.0749072654810898,-0.3798282129266739,-0.02204022935142545,1.0787103923632428,-0.33076240756441994,0.015837441088874624,1.0726942418872576,-0.34917275739764925,-0.007961221930301387,1.0856312650558646,-0.3603812958263839,-0.02385893873314228,1.092286178329114,-0.36950863126478245,-0.03681805805540372,1.0979604545561752,-0.3193059492026741,0.012447959791995863,1.080479345979683,-0.33447162823804566,-0.009723745920531577,1.094705452963074,-0.34443511208874694,-0.024138633362666254,1.1011865909844847,-0.3522547530861598,-0.036294007074050484,1.1068042725385907,-0.3046648760240817,0.01056593713977649,1.0857040743458317,-0.31306474953155194,-0.006860771289354655,1.0988102469984409,-0.3197057088179945,-0.018001150928154023,1.1058276844027715,-0.3252782441394896,-0.028040699394904795,1.1115599858939236
-0.28102482533716133,0.06499366406046797,1.0577118666457697,-0.3060664059668681,0.05101791238381366,1.0483765235768334,-0.3302555447609736,0.03548677298931065,1.045775573205737,-0.3473764109678737,0.021305917229280307,1.045036226869716,-0.3618658930580236,0.010240619688773846,1.0452837101615624,-0.337127912643337,0.02190292777731495,1.0637615313567266,-0.3567068900587907,0.0011140920694362839,1.0710549920927923,-0.3691295425922658,-0.012017397859521113,1.0746695928462364,-0.37914212847403367,-0.022399966128656572,1.0776909483854507,-0.3305367598980445,0.016139204372969576,1.0721629494839429,-0.3488048725487257,-0.007837099151809516,1.084972978383869,-0.36032647914280663,-0.023744163543908074,1.091045415114135,-0.36992452724622155,-0.03671312640228166,1.0958545638431003,-0.3192606645086962,0.012615266405588693,1.0796926426486593,-0.3341931057606415,-0.009636435255372413,1.094040062143415,-0.34435095633434054,-0.02406776760378484,1.1001735651259885,-0.3524116385329235,-0.03627607740952977,1.1053156284876728,-0.30416856969601097,0.0106077962106177,1.0853811681153955,-0.31101747319906736,-0.007180517081444009,1.098897389267949,-0.3163739613736678,-0.01862708103555782,1.1064960098364607,-0.3211067853078407,-0.02886974978069763,1.112610997841066
-0.2813293555466525,0.06478939947128208,1.057119207521177,-0.3064160860584988,0.051331949310208805,1.0471641076741351,-0.33096180740504233,0.03659537877647869,1.0434984942456458,-0.3491426472195163,0.023977738860982967,1.0412580502340103,-0.3644384238982335,0.014081462653185129,1.0405163751742696,-0.3380403206905159,0.022355183196500844,1.0620355194946192,-0.3578463957279668,0.0016848586194252047,1.0690472018691821,-0.3701381962538683,-0.011573293589806789,1.0726467438062692,-0.380067151755185,-0.022065920387120255,1.075562016476629,-0.3308241331884889,0.015832083230013123,1.0712780161981765,-0.3483689723945244,-0.008435371522693007,1.0845427501950187,-0.359199395527551,-0.024710690916273682,1.090904551616217,-0.3683275006909199,-0.03796909589162516,1.0958377889053306,-0.318638512340658,0.011904347447784602,1.0794760530841279,-0.33269536013960005,-0.010481610125063202,1.0944839979205718,-0.34219984166171463,-0.025154568019624967,1.1010744666508954,-0.34983360927943663,-0.037546680827922146,1.106424174450414,-0.3024029445773727,0.010008630868447456,1.0856501907708513,-0.30805347146573503,-0.008114948470790848,1.0992746988732998,-0.3117605504178555,-0.01972430546772448,1.1075774226567912,-0.3152032571964949,-0.029993156483107,1.1144624377309358
-0.2816279637221935,0.0636667666374593,1.0559881388416414,-0.30645052137535356,0.05128407004568572,1.0441534237099632,-0.3315858595865936,0.03841649125629029,1.0381754760328616,-0.35070803981378684,0.028195408389401957,1.0332117021507345,-0.3667374388367896,0.019858584435872715,1.0307616241500015,-0.33935045208557596,0.022435511034451232,1.058998836495376,-0.3604287309181091,0.0027125942441374273,1.0649502506947819,-0.372777220555592,-0.0104904077467364,1.0685584641627637,-0.38256309442489095,-0.0210249555097258,1.071789279112717,-0.3312631727737651,0.014793906046621048,1.0699456891492565,-0.3483167637845457,-0.009562593949253595,1.0836795834453126,-0.358374837179692,-0.026188678965051202,1.0903926349534974,-0.36674189389076406,-0.03974155208330559,1.0958475803014225,-0.3179781525150495,0.010470132543032402,1.0791702946404607,-0.33122137781492655,-0.012067611831544684,1.0946825973990013,-0.3399960853178903,-0.02703208977791328,1.101620468001373,-0.34700259356364416,-0.039645730582070035,1.1073005339605912,-0.3008583981413354,0.008778280402958166,1.085593716685728,-0.30630103490836885,-0.009504369128604322,1.099089724774924,-0.30916647872195646,-0.02111255333823728,1.1077207222590426,-0.3117797271622409,-0.03126726178807619,1.1151205731088323
-0.2815777371129293,0.06209471927236457,1.0559197379948522,-0.3060587825235399,0.05023013711918757,1.0429020142494931,-0.3312084998788612,0.038085930108379955,1.0356146537979312,-0.3502669081675906,0.02866138013398529,1.0290784244532574,-0.36630846155101354,0.02079289302472269,1.025444882856053,-0.33941573126465835,0.020960747655344326,1.057850855116713,-0.36128246717560364,0.0018934865184341895,1.063046240527864,-0.37376947558258433,-0.011197721873571986,1.066584396291765,-0.3836088048768864,-0.0216437028994074,1.0699380910667187,-0.33093278373588264,0.01289040452030158,1.0697051822437817,-0.3479673483247331,-0.011343050537644277,1.0836782698113188,-0.3579598961901487,-0.028018843186664217,1.0903658351837464,-0.36627349836754386,-0.041590686635289344,1.0958552359485538,-0.31730774614907803,0.008588110128412466,1.0793513338416232,-0.3301935032450451,-0.01415374522492859,1.094866802054383,-0.338724092513349,-0.02928905977555543,1.1017382240800087,-0.34549915801054104,-0.0420368985965071,1.1073994372308245,-0.30013712128119524,0.007098311948866532,1.0857524416830668,-0.30534988305545674,-0.011217041320785897,1.0992947735542065,-0.3079696564320597,-0.022793730847628643,1.1080453091674585,-0.3104102077079316,-0.03290593927403769,1.115561419459472
-0.28112132160855796,0.06087849071340444,1.0566297364454404,-0.30544123456624794,0.04806746824769744,1.0442212489191591,-0.33017445266183526,0.03469157177558579,1.0377059603201522,-0.3486986036600599,0.023847146450556012,1.0318731537974932,-0.364284562619731,0.014993041374608457,1.0285370099918423,-0.33753490163911926,0.017893189722883986,1.0599066692664525,-0.35876431762871996,-0.001680934242001329,1.0658119367439116,-0.37109892716532217,-0.014890015422996974,1.0694452884007146,-0.3810312653332452,-0.025315162385571598,1.0725826692389482,-0.3292753688783357,0.010727472184233144,1.0712272280978117,-0.3463978732565533,-0.013367522788799352,1.0853316590333268,-0.3568017598694067,-0.029845236416347082,1.0918815216946076,-0.3657174953377934,-0.04321481701801691,1.0969023196498986,-0.3163113209642803,0.0071279566939029555,1.080318858204088,-0.329250252392154,-0.015795663829353667,1.0955193894553377,-0.33788461467928316,-0.030941240043016637,1.1022368629026913,-0.3448652607657587,-0.043704372576479016,1.1076063386297825,-0.29985151708438423,0.005925669586875073,1.0864359941142456,-0.3044819340928124,-0.012448463446404497,1.1001097016150976,-0.3069195760735806,-0.024007882868283065,1.1089353772644261,-0.309485368297709,-0.03413144720497221,1.1163942725643032
-0.28050421991076263,0.060745767829337806,1.0558321376328135,-0.3045541721515812,0.0461622504534507,1.044947660441056,-0.32881127340272026,0.031322270371555966,1.0400015812478116,-0.3468844025044786,0.019074308832719763,1.0357451971744096,-0.3621665794606303,0.009407182676965886,1.0334109117912438,-0.33498043322070015,0.015582803495305962,1.061630002567146,-0.35505547920667113,-0.004751028126096801,1.068857342083603,-0.36709503258248755,-0.018178330940510055,1.072675765314399,-0.37694508075223043,-0.028741125537098892,1.0756052892623118,-0.32727831855090345,0.009770110480813589,1.0719780270416552,-0.34441146540769185,-0.014264530651696302,1.0861722235797635,-0.3550778808010032,-0.030548219256509124,1.0927847625781395,-0.3643989887184888,-0.04375938232283709,1.0974780081651643,-0.315386130132869,0.0070888149587260176,1.0801799137043813,-0.32856646522613786,-0.015887807716268097,1.0950902474360522,-0.3372636846671843,-0.030993551582596902,1.1018163173661322,-0.34445571709934186,-0.043724938727337924,1.1069781670637397,-0.29984545627428577,0.006142080878559303,1.0858887461550322,-0.30437092462588744,-0.012373851186388776,1.0994054099142714,-0.3067082684910311,-0.023962641583822837,1.1082196930527277,-0.30935913941390947,-0.03405563771674355,1.1156902536824327
-0.2801503773699955,0.06165509634670146,1.0520962159953624,-0.3039353806710428,0.04632015142767391,1.0416720082136697,-0.3282871571212817,0.03157587766632127,1.0369082865286041,-0.3466282252954493,0.019720103598794086,1.0326877175792522,-0.36221568071925814,0.01051845763912108,1.0304949809502741,-0.33416451579455736,0.01606186398626629,1.058781753745106,-0.3540465345935562,-0.004319648330985703,1.0663979142194207,-0.36604570512661994,-0.01777668666611087,1.0702387068581856,-0.3756909990447399,-0.028508529205437165,1.073234378759706,-0.3267398039293733,0.010726712528263717,1.0689113503993615,-0.343944767996307,-0.013302702545430227,1.0830273106436703,-0.3545377875738282,-0.02955435203543167,1.0898338096711155,-0.3636308674351755,-0.04284755522440027,1.094738000137095,-0.3153798031630988,0.008355288302527505,1.0767264509206689,-0.32874330163054216,-0.01457637787656608,1.0915426606138046,-0.3373591571741248,-0.02966910050593886,1.0984013702118345,-0.34450181675593844,-0.04240241768920381,1.1036266251380433,-0.30019671326506064,0.007326641528406709,1.0821895571655435,-0.3052538654793127,-0.01131490597997959,1.0953401359052763,-0.3077187523844592,-0.022964900887217532,1.1040382263664423,-0.31030418321214837,-0.033003507857081414,1.1116043932461013
-0.2803108354722798,0.06272920835303468,1.0467708485741318,-0.3043326808904032,0.04875424801965386,1.0350575035367582,-0.32920388317510524,0.03546270950193867,1.0289049455264332,-0.3479860543476081,0.02488471461381777,1.0234182859817158,-0.36388494623374446,0.016402760048969327,1.0206382082070393,-0.33589695866378444,0.018848960722604363,1.0518377192311148,-0.3565210704199324,-0.001075925063243473,1.0586459170046365,-0.3686964652677926,-0.014395266681789864,1.0624113600696319,-0.3782224342377997,-0.025160191090191863,1.0656595144473098,-0.3282885698218513,0.012755739223362862,1.062512928498399,-0.34573451599345006,-0.011322874507773088,1.076244033112074,-0.3562228905198531,-0.027633557741935103,1.0830713470901292,-0.36493479406731294,-0.041048891199740076,1.0883226327717792,-0.316453784168486,0.009700628239862286,1.0706515395703657,-0.32988734463579317,-0.013209828247330883,1.0854371714956284,-0.33852701999969237,-0.02826138921750155,1.0923561065605674,-0.3456283424380339,-0.04097909270744149,1.0976748920425972,-0.3006306524766447,0.008144443773212232,1.0762098411047991,-0.30588713558439096,-0.010509862996509424,1.0892638070728315,-0.30852990214911524,-0.022210420589103136,1.0978409606432902,-0.31099069440165356,-0.03229145725096313,1.1053922628503994
-0.2807117730120746,0.06330789947625923,1.0423644890508934,-0.30515975755679725,0.052036495840962364,1.0287702793508937,-0.33036350532620445,0.04025884836419483,1.0210791293969543,-0.3491399676379102,0.030171911341017703,1.0147178773729029,-0.3647969358721843,0.02132315612954192,1.011716873241155,-0.33845310888743513,0.02207533620724974,1.044968382178413,-0.3596577013863722,0.0024550872554031152,1.050809418409608,-0.3719199843375162,-0.010769727076172447,1.054625747149379,-0.38151222501616094,-0.021403892112928896,1.0581016127870808,-0.3306125664969112,0.014675567933263835,1.0562147897259757,-0.3485026077712261,-0.009436705667063169,1.0693002242229093,-0.35915860722896437,-0.025765724710576938,1.0758170805631602,-0.36795168622711405,-0.03913403064434722,1.081052975396717,-0.317726385773989,0.010357700933242026,1.0650542525594435,-0.3314028875000951,-0.012566823789132198,1.0795933014106849,-0.34038670557294837,-0.02751836781965715,1.0862871406978445,-0.347755999746281,-0.040149879643745535,1.0914443350765717,-0.30065340629715237,0.008155976311545922,1.070993886559455,-0.3054087886965259,-0.010407315672291095,1.0843658846215993,-0.30818623556694497,-0.022165684260346995,1.092820550995495,-0.31070970749667776,-0.03244238114410039,1.1000818562700523
-0.2809721949802007,0.06393527653080838,1.0398086197283483,-0.3055169028954795,0.054603206013448174,1.0249755216436927,-0.3307590525817693,0.04343371781761677,1.0165391668631603,-0.3491575728976153,0.03255927837995725,1.0103740732004471,-0.3640745703340516,0.02235979703722556,1.0079448929475476,-0.33987371750963724,0.02431922362360958,1.0412733373092888,-0.36118896578821064,0.004738450989438916,1.0468375218950332,-0.37344007809493807,-0.008461502525255822,1.0507739081548424,-0.3831718153610412,-0.01892125009304079,1.0543884841741193,-0.3319769210666168,0.016183610574531507,1.052666302480856,-0.3505661994375379,-0.007763739467054552,1.0650617478775093,-0.3616127902154126,-0.024031104597508242,1.071061936859941,-0.37079969328059864,-0.037242825148056116,1.0760112487999742,-0.31836183806676255,0.011043424707676865,1.0620144084401406,-0.3326777564303901,-0.011810321251801929,1.0760402863711391,-0.34214651222650305,-0.026686115225736204,1.0822143091912955,-0.3498729658944077,-0.039229861563782525,1.087053170933446,-0.30043198012742456,0.008531279697366957,1.068282461503741,-0.3049088268946388,-0.009887243980047679,1.0819475861567711,-0.30804938624670813,-0.02175420592168374,1.0901186893684771,-0.3110063061008412,-0.032265995864430415,1.0968613788086645
-0.281136403581361,0.0656598420388312,1.0383358534444809,-0.3054859467601071,0.05630768875616765,1.0231968970227097,-0.33055363091456896,0.04466637130888981,1.0148790482293777,-0.3484124005242985,0.03250465420618212,1.009594698893248,-0.36262204742037957,0.021173910134174273,1.0081293242845528,-0.33983596988012954,0.025778559499861006,1.0405291662828422,-0.36119060000281483,0.00630917810521456,1.0463282676499202,-0.373523902655288,-0.0068281389071319564,1.050217253343925,-0.383339455376159,-0.017194477343052145,1.0538740472146733,-0.33198150341544236,0.017881553218651404,1.0517162357556147,-0.35131817278066585,-0.005699560522658857,1.0636622896449404,-0.3626617680751509,-0.021926658094400867,1.06919950502077,-0.3720557038275784,-0.03507786265128674,1.073915883535781,-0.31841257102422504,0.012889685968852399,1.0610168679909024,-0.3333899819588486,-0.009794323436431558,1.0746211817812454,-0.3430692584344298,-0.02472909304952234,1.0803070769595207,-0.35082722134389766,-0.0373074136782479,1.0850036824455576,-0.30057963720387776,0.010474283693366806,1.0672419182915986,-0.30537245794241397,-0.00783373892717478,1.0809483029465485,-0.30906906925345284,-0.0198147333294802,1.088710111009847,-0.31261708977932035,-0.03043758877541291,1.0949768052128421
-0.28131255805747973,0.06861140574192451,1.0374462443194286,-0.30547156680627735,0.05815931337212599,1.0227273079806483,-0.33029168911654605,0.04565206262348595,1.0149410459417214,-0.34792499356708173,0.032914235680194935,1.0102954349287938,-0.36205985179347966,0.021426767401658657,1.0094641682148513,-0.3391958080716254,0.027653972399740524,1.0410496348955487,-0.3607814109202406,0.008479089130404334,1.0469735033530465,-0.37332137679565675,-0.004543057132343333,1.050578586553691,-0.38317946547501286,-0.01491085153840525,1.0541148438889194,-0.33135006781286414,0.020304291172233712,1.0519270588664387,-0.3509461734815174,-0.0030279996763393565,1.0639387513919667,-0.36218843324270833,-0.019392337797505325,1.06927510194682,-0.371419609047313,-0.03268778917968733,1.0739076824720957,-0.3181736868369902,0.0158526553891412,1.0608214854528668,-0.3331873049698153,-0.006744894106510438,1.0745293847107031,-0.3425856803233213,-0.021881475977751152,1.0801525128823715,-0.3500252660231814,-0.03460028709841549,1.0849839360398352,-0.30089302801512896,0.013658190196016572,1.0667002195356068,-0.30572591186678966,-0.004600008933471232,1.0804588968499338,-0.30954774820014347,-0.01662130302665432,1.0880967553083447,-0.3133608899216775,-0.027207187701239626,1.094269595787321
-0.2810677767043636,0.07195397333806763,1.0374118971709672,-0.30533814400960363,0.061098339629739096,1.0231761845707605,-0.33017044429952347,0.04851230079885596,1.0155575128897105,-0.348171325961002,0.036415616105836324,1.0106172860110076,-0.3627146391953876,0.025470135607258294,1.0095516192233827,-0.33866699899745867,0.030655548194188358,1.041623318984278,-0.3606375128215943,0.011843145113305672,1.0472887076610071,-0.37338959110847786,-0.001057970406022686,1.0505703810223737,-0.38332435229645045,-0.011430495572525698,1.0538702948099734,-0.3306396535587301,0.023317882204996414,1.0523846509238823,-0.34976206759089323,-0.00012124049384313208,1.0649395192879287,-0.3605561593566553,-0.0167478215321452,1.0703893807407827,-0.36945849065202724,-0.030257658611655285,1.0750452626236469,-0.31747259076194245,0.018987439959780365,1.0610310907866103,-0.3318659619438944,-0.0037024068180013534,1.0752425718469731,-0.3407455169176495,-0.01901632381720146,1.08121773628612,-0.3479058544113618,-0.03182608518026196,1.0862275089588822,-0.3003602099839734,0.016873107895080626,1.0666171372615667,-0.30446155468065134,-0.0013702355094445092,1.0806306734433822,-0.30771328878224957,-0.013316983845276817,1.088640433489554,-0.31131837431847054,-0.023800310274871294,1.0951063587101322
-0.2798835032777757,0.0748485996635961,1.0379243253996324,-0.3043941394612237,0.06465705136963928,1.0236095748663208,-0.32953371136861603,0.05307564758654152,1.0154261354884806,-0.34803595872141263,0.04235090701605751,1.0093094251505872,-0.36302253260905804,0.03221399795858803,1.0070526959352861,-0.3380924123931312,0.034356734679875316,1.0415434650161741,-0.3604339100253142,0.01587458724230641,1.046832541105594,-0.37332951045171836,0.003086675088175987,1.0499942581563964,-0.38338533538624764,-0.007209068294285506,1.053165416034203,-0.32984814599673457,0.026480660330005013,1.0524536272790472,-0.34841239588653783,0.002796003517079232,1.065379940312164,-0.35897938268560176,-0.01390035814228842,1.071056814562509,-0.3677460712254913,-0.027455957628530002,1.0758354473301344,-0.3162379513967096,0.021713312698490802,1.0612401104569065,-0.33028565102144075,-0.0011057678121745198,1.0755898900583782,-0.3390188209192433,-0.016394386571265233,1.0818392916649697,-0.3462743459770057,-0.02915102604664001,1.0868476593498213,-0.29875336581467055,0.019477131754308423,1.0668548386677308,-0.3025832681251237,0.0011947000271305503,1.080894224040635,-0.30553911647414966,-0.01061759113174372,1.0892121303024296,-0.30900496940969563,-0.021014731668737525,1.0958898766134375
-0.27788550942099355,0.07678882788923681,1.0376553574289422,-0.3024316812033525,0.0669057835720823,1.0231860135795332,-0.3278014807952689,0.05616323766011916,1.0145798155037131,-0.34645956164628744,0.04633938352655486,1.007499188999988,-0.36173493054502626,0.03700480589244527,1.0040385656051818,-0.33667877112857025,0.037099548679840645,1.0406686439149233,-0.35909843212536735,0.01870864162823943,1.045945002018825,-0.3720196526710847,0.005963555239968553,1.049174320041722,-0.38213852122253306,-0.004254527825163078,1.0523957276393348,-0.32858328473000514,0.02899825476196637,1.0515413355867211,-0.3474588172424524,0.005315054829733931,1.0640114688774567,-0.3584761968776928,-0.011094813370203661,1.0696674546942608,-0.36747448613737005,-0.02446545978968555,1.0745358262124403,-0.3148510452578417,0.023839357852819824,1.0604266822672255,-0.329692928646311,0.0011024180552056829,1.074091035191256,-0.3389235942914509,-0.013967281035175078,1.0801543776307183,-0.34653767617837566,-0.026564167114680525,1.0850331540710094,-0.29715795997829947,0.02135085521093305,1.066190416626043,-0.30248297980409794,0.002957303696279579,1.0795822510690196,-0.30638246809537445,-0.008793666829185743,1.0875924638776973,-0.31035058178909053,-0.01913084704348595,1.0940810494432758
-0.2754063537961855,0.07756655801361036,1.035962479992912,-0.29996614580772263,0.06641812461425195,1.022468774991451,-0.3253193953234573,0.054635039709599244,1.0152947023372656,-0.34386588593098394,0.04385379954247702,1.0094159346628542,-0.3593146568550901,0.034580584599003886,1.0066248577332275,-0.33371464448091326,0.037248793931712376,1.0399105857013897,-0.35557870067516845,0.01841271879231589,1.0458999042193857,-0.3682560892384639,0.005456863740078179,1.0492544982945604,-0.3781826478075697,-0.004927227119447094,1.052542701632648,-0.3262103859128984,0.029924012178384665,1.04996825871231,-0.3459614414292956,0.006516848177353108,1.0615736191274057,-0.3576895944013045,-0.00949424011154496,1.066935716067642,-0.36706177056042355,-0.022648213605585367,1.0716875296030377,-0.313281913831048,0.025071142840617355,1.0582851991282227,-0.3294614267232205,0.0027356681481288604,1.0710646516807751,-0.3393760297131412,-0.0120584939032499,1.0767125324527969,-0.34730678627469647,-0.024499614049866638,1.0814853587951194,-0.2962410563306138,0.022365012359384408,1.0638506548387583,-0.3041232689109469,0.004127191472266907,1.0761499400758487,-0.30962828478191967,-0.007490084300626097,1.0833741030267623,-0.31451892080466787,-0.017676124543980397,1.0894594318728295
-0.27229509375441585,0.07760337989040106,1.0342193720832664,-0.2970020604947602,0.06428476336240085,1.0231861824334896,-0.32185486786614587,0.05007263328772603,1.0195188954490544,-0.3397108212832457,0.03691884546405812,1.0178129774491982,-0.35481188877194364,0.026712475625265776,1.0182976673459736,-0.32938378748839486,0.03582631606204727,1.0402629130530299,-0.35019400823273816,0.016217634208001867,1.0474142013810925,-0.3623368153596174,0.0028125749975762854,1.0509751401580107,-0.37174307389001354,-0.008029693042772668,1.0543136597997014,-0.32258313264402244,0.029662449389939376,1.0490451610302884,-0.342597730168796,0.006365655126615117,1.0604187784812549,-0.35453323776361173,-0.009512941468660066,1.0657169321733286,-0.36400953415411924,-0.02263887443204055,1.070337984767137,-0.31081094241516105,0.02553453179382916,1.0564453683842658,-0.3276025733841535,0.0035370461735270624,1.0690197960251364,-0.3377700563917346,-0.011118563709890493,1.0745786204243053,-0.3458405801604422,-0.02349505034070584,1.0792847298802304,-0.29481102328368125,0.022832697443101728,1.0616465671683721,-0.3043095587078038,0.004974502766525482,1.0733462471172273,-0.3107065447424641,-0.006517458555934887,1.0800146967946183,-0.316230709778058,-0.0165543581841744,1.0857982260132857
-0.268430985909599,0.07803575675613776,1.0342354521407215,-0.29352471585597645,0.06441012620264247,1.024529890076921,-0.3182391776772228,0.04964934756620569,1.0224297804947433,-0.3355369314188872,0.035697519615684306,1.0233792935792947,-0.3498857259727456,0.024863754585521997,1.0264105934659524,-0.32539172806828653,0.03621505144189421,1.041125217127594,-0.3455655575657331,0.016198247745503824,1.0489387175864586,-0.35733360439734774,0.002543822338630857,1.0527979147705413,-0.3662933944989664,-0.008596345262804029,1.0563752065316718,-0.3186557763901705,0.030203102985384228,1.049615027718228,-0.3380263704578367,0.006627659045015978,1.061517230851577,-0.3495460301130068,-0.009389095791359235,1.0672980274979502,-0.3587425533149469,-0.02262135823754092,1.0721740533455226,-0.3069735753287892,0.02623745134018711,1.0570397238596994,-0.3231858433560769,0.004055338249035305,1.0700428272943587,-0.33295352263027095,-0.010696176993564278,1.0760470241689628,-0.34097779244553733,-0.023118275223344108,1.0807118726055875,-0.2908788695855276,0.023784181090138794,1.0627293957915145,-0.29989514565226233,0.005930004695181321,1.074810577619532,-0.305938524841488,-0.0057323555005234905,1.0815129465369622,-0.3114176627481803,-0.015904491061913464,1.0870996870563674
-0.2648257218147671,0.07982267313525482,1.0361140687541983,-0.29023669990218415,0.06806704759323629,1.0249052112596542,-0.3157026960985441,0.05526364557046293,1.0203608077019681,-0.3338767577828636,0.04250678009484228,1.0190442865675322,-0.3484883743085039,0.03176889692074421,1.0209536519928797,-0.3227812166392,0.03925130854889748,1.042121680349467,-0.34309895467658563,0.01933354025600874,1.0498144460099768,-0.35501673623293484,0.005884215178152151,1.0539261123453991,-0.3640405233153355,-0.005046824382337355,1.0579587082854716,-0.3154771101097722,0.03244992529116042,1.0515180720001986,-0.3340958108068353,0.00854028089561147,1.0639421132178877,-0.3451495115002679,-0.0075667376201466255,1.0703480682161104,-0.3540300597833705,-0.0208057900881894,1.075761735037641,-0.3029203609715692,0.028125252345859816,1.059879707878165,-0.3180032967403992,0.005340755127425091,1.0731964721175065,-0.32709319168579964,-0.009603639024422642,1.079761838351082,-0.3349297565343859,-0.02212886708535916,1.084469826757037,-0.2859453358444421,0.02617452244138349,1.0666899350364711,-0.2931468632165471,0.007926780611107053,1.0793855139842723,-0.298441349860019,-0.004000317743472351,1.0862533784621684,-0.3035461051695373,-0.014481517012612456,1.0916190935889278
-0.2629154364007672,0.08267915655079049,1.03910945762567,-0.28799063522465224,0.07124502386531087,1.02686012951145,-0.3134340597329059,0.059254259791211905,1.0203832942088518,-0.331741382011354,0.04724911694982523,1.0164480865755894,-0.34644173488286184,0.036464675587714136,1.0162416917093902,-0.3197875639852185,0.04072430418813791,1.0459151808840408,-0.3398806959324984,0.020699009529431302,1.0539126954113,-0.351973305182763,0.007490701386762319,1.0582868307381144,-0.3612620539332121,-0.003057321637689951,1.0627181450041117,-0.3126127479780678,0.03445773564058399,1.0549806730140303,-0.33097299879507913,0.010490107101731396,1.0676746827472576,-0.34185379337259225,-0.005579581148110408,1.074459226419538,-0.3507093270110346,-0.018718349900216598,1.0801510377456223,-0.3011089151865553,0.030936052770786333,1.0626156236504523,-0.3159628117226749,0.007839678202981922,1.075649568342204,-0.324887017880293,-0.007144029520414348,1.0823512239422286,-0.3326275861207577,-0.01970204384012518,1.0871301486220935,-0.28626583188002663,0.02959160596603884,1.0690346438810605,-0.2930297026351109,0.011074489220776742,1.0815800112756928,-0.2985489019379057,-0.0008439706080998616,1.088284008652478,-0.30375056623010055,-0.011363666053930497,1.0934785885228129
-0.2625584108242487,0.08537646361492672,1.0435773357402482,-0.28608924685341636,0.06890347740949232,1.0343854095645035,-0.30961374107647444,0.05241190514128373,1.0316065815747482,-0.3260074182755953,0.03742495463126829,1.0304208222959232,-0.3388783174956637,0.024583413669418838,1.0317926560586077,-0.31284357810500824,0.03674156064776943,1.0557022921007815,-0.33103948239577696,0.015854360299968007,1.0657690962065807,-0.3425678239113193,0.002360118406157035,1.0707517099725579,-0.3517463141447901,-0.008220207395790198,1.0753332176017238,-0.30864930164831555,0.03413207199388369,1.0608013248527461,-0.3269235689962133,0.01034405498918525,1.0739491501797345,-0.33777811335726926,-0.0056394942513518665,1.0809749330055423,-0.3468763818980215,-0.01870143072344471,1.0864568817169054,-0.3024945378025394,0.03372375006738158,1.06421064368838,-0.3187015163079593,0.011150681011773685,1.0765295265860022,-0.32852238558224617,-0.0034831648005993225,1.0827316410562642,-0.3365917770365192,-0.015864719986615324,1.0874263459637656,-0.2950650089670194,0.0338635099117795,1.067003441829567,-0.3050118307205895,0.015811023370216795,1.0780119962253474,-0.31220471421967294,0.004415359585568778,1.0839999925797497,-0.3184417184785658,-0.005626607192800417,1.088996355737857
-0.2620593745889401,0.08689186142700607,1.0499524144208126,-0.2758151096081876,0.0602398572724369,1.0531149220020557,-0.28998327455781875,0.03656437368083862,1.0615901947403745,-0.2985409782500544,0.01787445554845117,1.0700884316449624,-0.30457913441167606,0.002889326460458941,1.0785402790917953,-0.29959648646128156,0.029993382916629143,1.0698143070121822,-0.3149804545333742,0.008338843054247244,1.082586191992008,-0.3254255698284064,-0.005693998696631624,1.0884001907189462,-0.33415007622866694,-0.016713365995690944,1.0928312991127471,-0.30306418094314624,0.0319236179419841,1.0685029334038414,-0.3214468804058771,0.008367717120906667,1.081914861226408,-0.33266568382080425,-0.007394890676066695,1.088867216892097,-0.34221016033218216,-0.02035350292170508,1.0938090559531748,-0.30504839590436833,0.03599594047462799,1.0657694852142396,-0.323145831791523,0.014363898888125616,1.0771053603820362,-0.33448811134116513,0.00045071480404189953,1.0822862043022237,-0.34324729293917716,-0.011584838433658855,1.0866313668343612,-0.3062377930762108,0.040500273458656304,1.0624076813502943,-0.32132635717122726,0.024403437350991555,1.0701048824058086,-0.33074034648731815,0.014009850822010585,1.0746661312134898,-0.33845205448943805,0.004747591745696998,1.0790757888197329
-0.2604590332055707,0.0869435449722392,1.0566477708365534,-0.2618490557665471,0.05928158285182937,1.0685823724011358,-0.26683102028608074,0.03480680281581166,1.0830482232589163,-0.2686116649224401,0.01718244793903892,1.0965010587452564,-0.2688812949768414,0.003732701636410766,1.1088087300485192,-0.28747318299136365,0.02589740873274715,1.0808256814866433,-0.3018824533035416,0.004086375626434877,1.0944403199371673,-0.31215103848059433,-0.010010565913786115,1.10041158948407,-0.32087140023323835,-0.021227561964889265,1.104324705849569,-0.29809232122422524,0.02975796911990343,1.0756364316070255,-0.31757801946465114,0.006462946415958151,1.0878974834482418,-0.3300774580455462,-0.008785998015907764,1.0937190238631593,-0.34029336787639103,-0.02149361686434028,1.097913787985927,-0.3060567528357273,0.037296145870857396,1.0686733343880503,-0.32543754975892414,0.016147900600148896,1.0787282290817541,-0.3377557112200311,0.002695470088898467,1.0827729975576066,-0.34692518251631455,-0.009214325459542524,1.0865855829764717,-0.31130085378299577,0.04629760412303338,1.061344848800775,-0.32939040249131885,0.03213452309877992,1.0656104280867678,-0.34005928616209197,0.02238266074182585,1.0685312033699748,-0.34853349317800747,0.01340507413088035,1.0720377284027376
-0.25868779484639026,0.08601167341238153,1.061175047586798,-0.2587828354121873,0.05782161045129984,1.0718924326744699,-0.26376221015291645,0.032580997063602374,1.0849772686432186,-0.2658809255048436,0.014218440522080378,1.0973504220522274,-0.26643943504187034,0.0005080256926982551,1.1093570760900417,-0.2842590665454082,0.024252904408622274,1.0851110229514853,-0.3001110696307823,0.0025060430859677324,1.0971316151593207,-0.31157372741194445,-0.011062912376378055,1.1020625974733635,-0.3210310358706156,-0.02194244040420726,1.1051241944106827,-0.2962224046519259,0.028761077286659865,1.0801630964731372,-0.31760597256185447,0.005905640460100231,1.0898096472482004,-0.33171491626919847,-0.008579922390278234,1.093519469386384,-0.34261441900962963,-0.020978608533886722,1.096823687665837,-0.30501604877675315,0.03700932679995619,1.0730533204399064,-0.3247680110212349,0.015605659123571192,1.0817543245314554,-0.33702588867170613,0.0018627740093311394,1.0849075268256398,-0.34592249337979175,-0.010412414021186103,1.088167653344456,-0.3104884600348735,0.0465834811377473,1.0657744506492974,-0.32897429701646463,0.032485442541084514,1.068127946354094,-0.33948921959778133,0.02231476303216945,1.0699849622130222,-0.347534228745733,0.012729942323582717,1.072833471209784
-0.2579172924309721,0.08504212110635383,1.062955771775539,-0.26135138416330733,0.05571606066684757,1.0690990785926104,-0.27061746786804153,0.029700395143096685,1.0774907714765325,-0.27654487613571455,0.009696092091742289,1.0852018708419824,-0.28001878249385154,-0.00556494249811201,1.0945549423558019,-0.28658210436696036,0.02397772924765515,1.0851015389879282,-0.30413090146664484,0.0023446157373070136,1.0947324650303731,-0.31676176217029933,-0.010618642193068246,1.0982308881099911,-0.3269157763153273,-0.021064241027821763,1.100458813360834,-0.29658376519546165,0.028633063739244305,1.082189747480563,-0.3192902143928397,0.0062134585786157975,1.0895696106388923,-0.3342792305921956,-0.0077198903093532514,1.0915311880826355,-0.3455578369689196,-0.019958846345312847,1.0940699731982797,-0.3033044479035727,0.03577904458058888,1.077160906799746,-0.3227729358134589,0.013812447910760991,1.085060975404349,-0.3343930303370614,-0.0005775511954622583,1.0877003824306732,-0.3426757691082624,-0.01338090771464875,1.0905161490626623,-0.30719755727778336,0.04322160845446246,1.0719860534271448,-0.32478990359539844,0.027968787746185178,1.073955981014061,-0.33426715437655297,0.016794280626955704,1.0756193915881094,-0.34120404749567335,0.006346667505160414,1.078345534948647
-0.25809087727529856,0.08458640264585637,1.0632102501508176,-0.2640266948770135,0.055210805061229024,1.0665853592633578,-0.2755493746019039,0.02941557867996662,1.0724955045426137,-0.28303852491680653,0.009119904505772955,1.0776690526618167,-0.2876077517562495,-0.0068627510572246,1.0851606503635591,-0.28901293892227803,0.024173062764552507,1.0840674040724358,-0.3071033495392002,0.0025063763835698237,1.0925525888796062,-0.32001395263422067,-0.010350606174430545,1.0953522298484963,-0.33034037180492487,-0.020707783172314486,1.097161135855671,-0.2973035002425404,0.02858236064456537,1.0825219349571955,-0.3201916907791623,0.006171825368625405,1.0893470762416233,-0.33523825435673266,-0.007764617252065441,1.0907729428246344,-0.34654921673164096,-0.02004255606129726,1.0929544068433186,-0.3023317440587137,0.03476517132883176,1.078996987243738,-0.32131677244292867,0.012427421573899368,1.0870317932679232,-0.3324427288336201,-0.0023654409633650196,1.0895713705577896,-0.34034470729641075,-0.01545148725365177,1.0921737483737952,-0.304729500083454,0.04056651118052927,1.0752988309809077,-0.3213567985942393,0.024356045662955007,1.0779014364354904,-0.32986043742138715,0.01249642910643073,1.0800209760775115,-0.3359647382145037,0.0016075317536945466,1.0829999675141797
-0.2585064719269235,0.08446060037334795,1.0629203032938617,-0.2660212881120355,0.0553631034318982,1.0654529373026849,-0.27789379507908296,0.02975777980064235,1.0714950105711043,-0.28501971920561514,0.00948760792305124,1.0772490265740164,-0.2890752142869386,-0.006620872648247959,1.0847668029879498,-0.2911154812967693,0.024481590135105646,1.0824174118123508,-0.30915363419789427,0.0027763059836545686,1.090915193643685,-0.32184252693343884,-0.010295697248153265,1.0937327093902274,-0.332035320736332,-0.020787709567333466,1.095522352143195,-0.298091882765789,0.028485171761743058,1.0815420736441714,-0.3204707242842775,0.005771741569270436,1.089023480739719,-0.33517307482415526,-0.008490280914396294,1.0907819480280592,-0.34634697505573503,-0.020888518949273592,1.0929892277475037,-0.30213261981574213,0.03412355677903549,1.07878131569221,-0.32065494542290074,0.011659930115098647,1.0875147804064784,-0.33164887222027306,-0.003198405501266828,1.0902403219582875,-0.33952878353635174,-0.01629358725628696,1.092863574498341,-0.3038520894588438,0.03929810284189138,1.0756940872248737,-0.3198973497615897,0.022707542063785825,1.0793441171015408,-0.32798405341420817,0.01068760633843864,1.0820975142137839,-0.33386691368574273,-0.00023432172786547276,1.0853851282499947
-0.2588489626667151,0.08427816633976205,1.0622669158089588,-0.2687638347631173,0.05581378925482514,1.0632796221113239,-0.28165879480683426,0.030602478275721906,1.068865808065155,-0.289196636946575,0.010477807448203608,1.0746056619593172,-0.2934830886117104,-0.005712399427950272,1.0818133441325442,-0.2940606373336617,0.02512502888334347,1.0796453708045781,-0.3122541856703707,0.003545391444902285,1.0881318696808997,-0.32478829098572237,-0.009656597277813213,1.0910348612478062,-0.33488752621595325,-0.020226861547257266,1.0928931266314246,-0.299243646940716,0.02851712199061021,1.0797597459404735,-0.3210985560273211,0.005532881803660251,1.0879311327745473,-0.33546544677293794,-0.009013610195787938,1.0900871997354096,-0.3465115455356759,-0.021503692367647986,1.0924165743250087,-0.3019293439943096,0.03345468041611552,1.0780683231820791,-0.3199738037739146,0.010885178162554288,1.0875012184957367,-0.3308958174083527,-0.003981343378206204,1.0904611671291466,-0.33881798908395244,-0.017031247798193767,1.093180989183379,-0.3026946372949173,0.037923551265345905,1.075972835925709,-0.3180942923536368,0.021006973233633406,1.0807372682092964,-0.3258943370153657,0.008940026658512823,1.0840543346983316,-0.33169088470248,-0.001957423884621303,1.0875686725139047
-0.2593535918192659,0.08392276457966434,1.0612128768109121,-0.2721707156375125,0.0566639297502904,1.0597201322416734,-0.2868889984680188,0.03215820363023039,1.0637122754223118,-0.2957088466029571,0.012226551382118879,1.068151518635172,-0.30102392450756166,-0.0041535572221725586,1.0741422730000294,-0.29759808138092364,0.02601633913804309,1.0762185861432239,-0.31617967323559565,0.004612240095847547,1.0842991557129273,-0.3287361850633976,-0.008596407991556783,1.0870721123930696,-0.3388512880651107,-0.01915726114543856,1.0888972866653668,-0.30073411147186674,0.028591315101390243,1.0777388255712175,-0.3222891839404237,0.0054375449046723204,1.086222084821063,-0.3364491990549873,-0.009290718637324221,1.0885087480929614,-0.3474188526721593,-0.021843973596076198,1.0908596896010563,-0.3016303305008362,0.032584068573107736,1.0775115304525458,-0.31913604957467234,0.009827448800889078,1.0874940417077514,-0.32984561131097234,-0.005158547622394255,1.0906229934623957,-0.3376861265997409,-0.01824856554596761,1.0933863233743477,-0.30077688347618564,0.03599305110581742,1.0768940516127854,-0.3151454036947385,0.01853821211504241,1.0828011681471539,-0.32236860418397884,0.006280561711840151,1.0866780493356318,-0.32783416474872856,-0.004714614987731569,1.0904115062818494
-0.25997088405100355,0.08348577778686699,1.060017419555948,-0.2751755526633092,0.05771497919512602,1.0562444872864478,-0.2914166893064737,0.033985487371958376,1.058740958331176,-0.301252064122531,0.01429236903251743,1.061936870573774,-0.30736919275883473,-0.0022205593941473888,1.066664563552724,-0.30081708628933745,0.02685487538619802,1.0728819078012939,-0.31972279777187496,0.005567541310778603,1.0805062174443425,-0.3322965206778931,-0.0076631894673074765,1.083089416563467,-0.3424256582738866,-0.018225342870837817,1.0848271381289372,-0.3021706129569603,0.028543797053658726,1.075752263816056,-0.32344511449530833,0.005222837218809895,1.0844822310338325,-0.33739647957040086,-0.009692739479215364,1.0868362888566219,-0.3482898633190371,-0.022319386465712087,1.0891485200081266,-0.30136329081886215,0.031622851180658135,1.0769152288085249,-0.3182903049327231,0.008671934105916192,1.087436448952937,-0.3287295140033997,-0.006473844122106904,1.0907065340147384,-0.3364400868540525,-0.01964086310177054,1.0934696697224313,-0.2987465069517041,0.03405301980950813,1.0776780898705405,-0.31184702701185046,0.016060047138477578,1.0847949088108186,-0.3182903260982557,0.0035869853588506753,1.0893072755057138,-0.32328554862524167,-0.007535253750350246,1.0933133350178361
-0.2596397821382796,0.08293523071329564,1.0596033654235362,-0.2767070414759642,0.05868789107436226,1.0540964420800736,-0.29399552129160345,0.03562592854817563,1.055629419389066,-0.30440008015062436,0.016131173374943554,1.0581724566382738,-0.3109156916296689,-0.0004550601320811587,1.0620313183856092,-0.30270850056739274,0.02753646303238673,1.0704213335383932,-0.3218267542448674,0.006333228278344408,1.077744026248131,-0.33434489822555774,-0.0069714418211627455,1.0802149546466386,-0.34444352148621904,-0.01757223267426141,1.0818940111452313,-0.3025443371430313,0.028296636256136314,1.0744642821551726,-0.323423291098457,0.0047710922619501805,1.0835912735790802,-0.3370938782442543,-0.010374649941009638,1.0861167723687981,-0.34788653696635485,-0.02308941687914791,1.0884184361000455,-0.3002518244450003,0.03056522389868966,1.0768276174435396,-0.316585314692106,0.007470854566792076,1.0879555856417025,-0.32679972846239597,-0.0077914336071186596,1.0913897451445485,-0.3344271479295688,-0.02100443200906785,1.094164161648438,-0.2960544471052544,0.032263188599480574,1.0787178126272856,-0.3078375740993508,0.013908043219650865,1.0871003158060362,-0.3135159800288081,0.0013279675231034115,1.092291869334018,-0.31809214199458485,-0.009862057021436041,1.0965984986501531
-0.2573235927489864,0.08212493888680587,1.0610261780461072,-0.2760000168177644,0.05951148607519356,1.0539995172803878,-0.2942397440369089,0.037151923067388376,1.0546762464700032,-0.3051918266335141,0.017894914675400435,1.0566729631133935,-0.31210652183212517,0.0013082500813251345,1.0597578775100032,-0.3025094283814148,0.028068857846821657,1.0698095010289785,-0.3218314084188362,0.006972633279698974,1.0769029496035132,-0.3342837548470625,-0.006404452758072334,1.0793146502271536,-0.34434363881222046,-0.017045155109199198,1.080973679244277,-0.3009348337198698,0.027812572011232085,1.0749993722359459,-0.3213751881254137,0.004087242596310412,1.0845902307416517,-0.3347427545562696,-0.01128771063455699,1.0873426087664726,-0.34542539772977077,-0.02408958312610258,1.0896744818446022,-0.2971980697473283,0.029284974585462253,1.0785360240898274,-0.31291702815106637,0.006081615960952533,1.0903039028261867,-0.32292799751671464,-0.009270413036880965,1.093931689820334,-0.33049486624550417,-0.02250908537784925,1.096749187597604,-0.29142113426281363,0.030384765673941126,1.081504408124944,-0.3018014187458136,0.011813861064524799,1.091168309989895,-0.30673149004069716,-0.000785374663817888,1.0970341843964502,-0.31092057396720374,-0.012006639181747582,1.1016428460445156
-0.2539139759042507,0.08120558806831586,1.0638961811093262,-0.27395428345976114,0.06030759219067177,1.0554575279611709,-0.2931580409591662,0.03876148829306967,1.0551804466325576,-0.3047596524473829,0.019827351293163303,1.056472123725024,-0.31219375168051255,0.003325454730462427,1.0586786429989843,-0.3011036141921888,0.02860744354433941,1.0707910801449951,-0.32064913445374366,0.007637984972898535,1.0776438942500415,-0.33306116322076795,-0.005786995909767019,1.0799965719830065,-0.3430953058454893,-0.016453181959251606,1.0816478279116584,-0.2982145715557484,0.02727260734197664,1.0771519159214424,-0.3182453398852845,0.003378036687093182,1.087176970748948,-0.33132814568443325,-0.012201739683797565,1.0901379443356283,-0.3419023357668407,-0.02508564849250548,1.0925119355792223,-0.2929922036559369,0.027938055353832696,1.0818987510934188,-0.308061990065871,0.0046375810768164135,1.094306567611033,-0.31783576250499734,-0.010815919256563488,1.0981442544429116,-0.32531328286835526,-0.024092080961012126,1.1010232231902364,-0.28547984768354207,0.028521594408124646,1.0859651257912195,-0.29428506124029274,0.009838365261930174,1.0968932988364386,-0.2983799808700536,-0.002733257294667237,1.103423288574923,-0.3021154245130703,-0.013982124690090324,1.1083441022089722
-0.2516640174347968,0.0805819352980869,1.0663496642928358,-0.2728229641207939,0.06142394102447326,1.0566120436323425,-0.2929131577850538,0.0407395129729683,1.0553336759076506,-0.3051378424403455,0.02216338539064501,1.0558356040796737,-0.31307199513493605,0.005793436125978492,1.0570689454645386,-0.3007582139906337,0.029529701844904475,1.0712888672449556,-0.32053880005689167,0.008683576064961054,1.0778366967383595,-0.33292421685566925,-0.004782803479699192,1.080090967132141,-0.3429435877694507,-0.015468614339557155,1.081704609582248,-0.2966634982879491,0.027040570157486416,1.0788153224119243,-0.3162973058155446,0.002979435581798386,1.0892200961166822,-0.3290980793087298,-0.012800756275705483,1.0923477704671796,-0.33956948506656953,-0.025766549330745122,1.0947315297719782,-0.28991744557276106,0.026871610633337758,1.0848024882456675,-0.30430337525127255,0.0034751630192462434,1.0978261490611105,-0.31381505736084186,-0.012093218635076947,1.1018533734870652,-0.32118851092744133,-0.025419579584333638,1.1047685969410224,-0.28053257898658684,0.02702207707432551,1.0899503742297698,-0.28758562424487216,0.008342573394747104,1.1020891755744104,-0.29073575638280336,-0.004144331163423888,1.1092730957112968,-0.2939395516433415,-0.015412803752586891,1.1145135332070453
-0.2512956694925524,0.08039748350884941,1.067262157747023,-0.2733758790593942,0.06301856540653886,1.0563082280113583,-0.2942394774191197,0.043208230167378986,1.0539938057246858,-0.30700608693906273,0.024996355839720753,1.0536641428592772,-0.3153565236097515,0.008788641876459039,1.0538295646666753,-0.30226263903026074,0.03103566535154837,1.0698593343238962,-0.3223009633187528,0.010311257873138763,1.075997013902582,-0.3346652604657414,-0.0032000431520279506,1.0780928581231441,-0.3446812238973198,-0.013902709923639222,1.0796132494249178,-0.2970756184429686,0.027252408012468983,1.0785236370057896,-0.31629899925459204,0.0029990606603413463,1.0892437435041231,-0.3288037191226716,-0.012993065875070698,1.0924903530929784,-0.33918411902836265,-0.02604096409717161,1.0948236096794415,-0.2887738526784106,0.026170333088559067,1.0857940867916693,-0.3024515506056593,0.002671047571974443,1.09938337059659,-0.31171225022016147,-0.013012424185505224,1.1035466982017001,-0.31900518274909784,-0.026388080438966628,1.1064386173487017,-0.2774259161378988,0.02595713133580477,1.0920109765890291,-0.282598707144301,0.007416313219153961,1.1052586216622038,-0.28473986584628097,-0.004909180403634851,1.113065828130076,-0.2873744977806605,-0.016178656670321524,1.1186122308341668
-0.25134378221519715,0.08040795766304254,1.0675228859169166,-0.27411901350852097,0.06462995950730265,1.055610932285819,-0.29562930425811057,0.0456489548042658,1.052429026935828,-0.308861270663606,0.027798105014193893,1.051414339997863,-0.31756258878985677,0.01179291099448411,1.050660698081777,-0.3039354449763174,0.03271288061453163,1.0680357554722784,-0.3241981458470188,0.012110195959188058,1.0738373892636768,-0.33653000130506167,-0.0014482981084051518,1.075816338962265,-0.3465322391663898,-0.01217258569882462,1.0772734191387703,-0.29782737994235153,0.027663070458022403,1.0777344336244932,-0.31661346390008793,0.003231586264214285,1.088819087005084,-0.3288057705728023,-0.0129678819088328,1.0922222462483668,-0.3390841674947421,-0.02609993542395226,1.0945348559659251,-0.2880516745730097,0.025713164356108036,1.086221567033303,-0.30099808079852763,0.0021494514075494665,1.1004027684151154,-0.3100037113425261,-0.013637601081737337,1.1047309011153315,-0.31721359107808994,-0.027057419390004646,1.1076264757054557,-0.27482255885584006,0.025282995161120217,1.0933885257730396,-0.2781262953576912,0.007059393339397232,1.1076365244039028,-0.2792651890505356,-0.005012755597009191,1.1160282445897813,-0.2813099167929214,-0.01624242338006715,1.1218949824953537
-0.25099911347579074,0.08036877192466424,1.068876456725507,-0.2742359797723404,0.06558895547744306,1.0565819011792876,-0.2962541551427784,0.04724208174937122,1.053163151833736,-0.30985826702945046,0.029678039737705324,1.0520677383258354,-0.31885677635258725,0.013849423405610866,1.0511039521186147,-0.30461574701375005,0.033826425276211124,1.069058056106042,-0.32492889812760206,0.013318849257787072,1.0750180757290735,-0.3371683156689529,-0.000300545814131499,1.0771470187654273,-0.3470882830341161,-0.011078562441651148,1.0787615757475073,-0.297742474866378,0.027961964621606064,1.0796285916169324,-0.3160098846615205,0.0034668881343861485,1.091417437116337,-0.32784746962070993,-0.012904563731021808,1.095225816046909,-0.3379457705529379,-0.026134636950081114,1.097762332834778,-0.28675538212555934,0.025555524886681058,1.0890166566533117,-0.29891917548929803,0.002088114877085715,1.1040262293705987,-0.30759329934649493,-0.013768154903128436,1.1087594549549384,-0.3146261604508654,-0.027226138983648687,1.1119026651945296,-0.27205632751926645,0.025234001629493158,1.0967295823987984,-0.2737240174062225,0.007579805164963247,1.11194693962166,-0.2739634659804386,-0.004125589131372131,1.1209124978983143,-0.27540316637661627,-0.015217240473723734,1.1272059466333058
-0.2514394067180897,0.08041034548038845,1.0722191496264764,-0.2749802033859611,0.06585101571520695,1.0602438486028285,-0.2973890798155333,0.04786480473872503,1.0575172864453617,-0.31125239242785707,0.03047176366475339,1.0572763541352228,-0.3204810701522458,0.014747091394513495,1.0571608624325992,-0.3053276072714777,0.03425128766152752,1.0747429610727794,-0.32540518036173727,0.013807141582343526,1.0816447409976118,-0.33743844895909386,0.00010585914183743137,1.0843464013533775,-0.34715011911097077,-0.01077290632464743,1.0864710457903917,-0.29770854664844704,0.028304120666645158,1.086044189094014,-0.3152875575419832,0.003946524527839454,1.0990967672796075,-0.32667303542662857,-0.012534790165271512,1.1037221065375558,-0.33644430994504915,-0.025875949552065673,1.1068812356923177,-0.28583738537918785,0.02612128449106183,1.095843445862791,-0.29711624511953744,0.00302224308510758,1.1120664567976712,-0.3053152875156445,-0.012829481254285405,1.1175948995910723,-0.3120045809856392,-0.02629780186264615,1.121378539941035,-0.27029046392119416,0.026318924508749425,1.1034889687519591,-0.2706663454576636,0.00951510596382919,1.1197219659673654,-0.27016969694630977,-0.0017058019919055506,1.1292770374673364,-0.2710094743709501,-0.012510954038442941,1.1361507865782137
-0.2530291455917676,0.08074716430532786,1.0770010104465655,-0.276795791055077,0.06589754103839203,1.065857120738399,-0.29950481482013375,0.04812803587130114,1.0645762635723937,-0.3135017092483618,0.030896999325367068,1.0659711430236973,-0.3228559163536741,0.015320585460895937,1.0674947208635506,-0.30650725483289154,0.03457470327958826,1.0840125777923582,-0.3260679223578521,0.014224061942911523,1.0924942226444165,-0.337765326782101,0.0004458453146311929,1.096121223968969,-0.3471303937179059,-0.010548994799932277,1.099051616662868,-0.298057507145087,0.02915170254277176,1.0959054721380943,-0.31473570878543733,0.005145054607016131,1.1106771462436165,-0.32553360847012747,-0.011364093950152084,1.1164659267924835,-0.33481587067868196,-0.024794429700817678,1.120578119204164,-0.28553900050787784,0.02773618353267783,1.1056641523292785,-0.29579886327968374,0.005274713343522391,1.12338933350057,-0.3033726870730472,-0.010464456814800729,1.1300211399165931,-0.30956290792277513,-0.023873814002163783,1.1347464491221884,-0.2696551939032306,0.028724282268606252,1.1127255122721256,-0.26897076288974947,0.012984224347444909,1.1299824509937448,-0.26786075795665587,0.0023338182058889115,1.1401210684800136,-0.2681186341594339,-0.008054535057200106,1.1476523751432905
-0.2540356808881173,0.08130915889717413,1.0816228062669815,-0.27801300963258757,0.06610708303331116,1.0714475607522382,-0.30096920487641377,0.048615981759462426,1.0718600476977134,-0.31500338867183164,0.0316751155193324,1.0751488315149322,-0.32438958242810256,0.01639736254022689,1.078455911731623,-0.30672336767749964,0.03530413027954611,1.0938093317972046,-0.3256068707709625,0.015138369777980908,1.1040788025988206,-0.3368781958738719,0.0013220790501292656,1.1087575848417306,-0.3458038508193325,-0.009756473209639432,1.1126016130439584,-0.2973401115805232,0.030623735757227807,1.106173526298083,-0.31294979062064743,0.007117865011182022,1.1228016913105476,-0.32304137861836024,-0.009337721339482578,1.1298748895593218,-0.33172281761615774,-0.022799964252810265,1.1350561123092842,-0.2842320216439278,0.030136894645211208,1.1156553029138572,-0.29335465893035106,0.008477756113483885,1.1349328463702604,-0.3002033475424919,-0.00704624970706175,1.1427537061722752,-0.30581290477879985,-0.020313472390968597,1.148495823491121,-0.268199452378048,0.031959100178522555,1.1219093431024165,-0.2664999725597802,0.01737449955685315,1.1400868290746062,-0.26481095852123504,0.007334588648018711,1.1507546426736865,-0.2644950043703248,-0.0025715393729583563,1.1589077871172462
-0.25357356074423404,0.08221068530053112,1.0851326317973176,-0.27777835945176105,0.06679800351391137,1.07585211536509,-0.30095982154488615,0.049724363182017006,1.0779030396364861,-0.3149763158576723,0.033227406767466744,1.0830173019490794,-0.3243469803261187,0.018371751191964804,1.0879108991660875,-0.30532698917882073,0.03675582159361865,1.1023490313185804,-0.3234619243469377,0.01687418397315784,1.1143719772225351,-0.33425393316627194,0.0030687580562605773,1.1200961735176527,-0.34268717222398404,-0.008042376080216778,1.1248502629566581,-0.2949151152361066,0.03281641166517495,1.115101036738946,-0.30933737892992824,0.00991186350045619,1.1335418581486123,-0.3186323345791874,-0.006416564561101831,1.1418870867520152,-0.32664197765095143,-0.019843772362764505,1.1481320963619805,-0.28117924145405204,0.03322047587824521,1.1242032886262154,-0.28907180658472925,0.012457835488708796,1.1449538224608549,-0.29513041504374504,-0.002767563510960372,1.1539285441449179,-0.30012134932554557,-0.01582081400363519,1.1606487724152525,-0.2650157324278508,0.035813912050025196,1.129578800447157,-0.26228356068584746,0.022399932674908883,1.1485160705279158,-0.2600130937426827,0.012984027426621053,1.1596354470697783,-0.25912255932681943,0.00358824507943125,1.1683320663123007
-0.2534429676754367,0.08403150230046251,1.089034307938339,-0.2778724825051655,0.06845156467612358,1.0806667889283743,-0.3012217264286795,0.051905977631986885,1.084428706908611,-0.3151270857946189,0.036005753002106206,1.0913994457782978,-0.32442049368561987,0.02167812183307094,1.097786832077562,-0.3039500928573793,0.0394540930632801,1.1114586539350448,-0.321205727406477,0.019969006397845115,1.125289094643172,-0.3314372361208914,0.0062318997866214546,1.1321031825283774,-0.3392977765198728,-0.004854800938826412,1.1378018807005663,-0.29244326712100244,0.036351024606305474,1.1244260072550931,-0.3055339063122545,0.014187219428825767,1.144676558273928,-0.31392467346442443,-0.001916989277773444,1.154315338925991,-0.32116315376126414,-0.015226944127620472,1.1616565882339729,-0.27814144459685586,0.037659268980339014,1.1329459426881352,-0.2847092992074449,0.01791971794073087,1.1551084760559291,-0.2898970173345716,0.0030967925798990256,1.1652294248674715,-0.2942113925303371,-0.009657516903112132,1.1729217585651805,-0.26198438653714445,0.04095975722662401,1.1373138554576492,-0.25825676549535537,0.02872700749249625,1.1568710658550054,-0.2554270552431026,0.019944608676346925,1.168373980154732,-0.253974208220503,0.011090815477636906,1.1775502836171514
-0.2553294888441395,0.08685873694409588,1.095516887425119,-0.2799559688032917,0.07105719530060137,1.0882094397115378,-0.30335261679567876,0.055151683399369794,1.093928462635517,-0.316986776291069,0.04004342544480527,1.1029071930133905,-0.32611101115916175,0.02637183178198886,1.1107991518115072,-0.3040021209863544,0.043528001598230726,1.1237017886411749,-0.3201565346506007,0.02459838821878675,1.139494548776811,-0.32969950478224763,0.011013062917686278,1.1475066845631252,-0.3368620467860861,2.788783030167885e-05,1.1542299359744685,-0.2914034376197734,0.04145549757473729,1.1365563777364762,-0.3029822979369742,0.020237036342843212,1.1586559435162063,-0.3103345200531754,0.004495262795155351,1.169646757837883,-0.3166631350013296,-0.008582267559360285,1.1781538883282052,-0.27674573074694236,0.04370603858652529,1.1441771346393956,-0.2818960443986004,0.025165313353560287,1.1677075458520147,-0.2861207212770935,0.010886003932854174,1.1789910988476466,-0.28968437672509234,-0.001457076782282879,1.187674816930515,-0.26086793602820324,0.04762949278676745,1.147376676994498,-0.2562309682202162,0.03659502740868717,1.1674455311367526,-0.25289149100504205,0.02845343918639058,1.1792784200322148,-0.2509095482387405,0.020175083273274233,1.1888828820139132
-0.25734682059205793,0.09008094248378476,1.103187104450638,-0.2821433073829913,0.07404174351183834,1.0970691501567809,-0.3054471690088255,0.05893438766956219,1.104930034464777,-0.31864683507994973,0.044833900126665244,1.1159623700937076,-0.3275279112965317,0.03193162746242967,1.1252953757303414,-0.30357738693731995,0.048481289245838693,1.1374386735782351,-0.318407805622154,0.030302051063243296,1.1552790938918247,-0.3271329796866131,0.016977846796074933,1.1645613662709475,-0.33347538575238234,0.0061953107320820155,1.1723516801621179,-0.2899765832364682,0.047544231539275464,1.1498020216157154,-0.29988182044779965,0.02748648751768261,1.173723917265909,-0.3060758567730968,0.012262378291131304,1.1860736952471185,-0.311369414768803,-0.0004441557274717234,1.1957673361263146,-0.2752128934602175,0.05067654979039901,1.1562599574780419,-0.27887955442758455,0.03350046559348735,1.1810692743513596,-0.28207326390251586,0.019908462045938546,1.193483894757088,-0.28483420592416736,0.008090029220577166,1.203135842029047,-0.25985750059495905,0.05509099872963469,1.1582184236293622,-0.25439342114701136,0.04525052144742224,1.1786959392467469,-0.25059091864487126,0.037746431487429066,1.1908072742292335,-0.24811706865948435,0.030060075334982853,1.2007824914729115
-0.2575006621630212,0.09378118902893756,1.1080288000186715,-0.28244358587682616,0.07754280961507243,1.103158829156848,-0.30551556229118393,0.0634062199925815,1.113205540434947,-0.31814103272759464,0.05048514138167624,1.1261828508865033,-0.3267300447349335,0.03840957290124784,1.1368062527659735,-0.30078541679719095,0.05440262868133117,1.1482373240283048,-0.31410528221949685,0.037168366509666304,1.1680935071651146,-0.32190389694822813,0.024223622519726845,1.178649968393969,-0.32733470211591603,0.013755120109850444,1.1874871060370298,-0.28634354734558043,0.05457061436151538,1.1597747418799471,-0.29444411828771233,0.03585314560171368,1.185401310604312,-0.2993904305129407,0.02129178458117445,1.1990452603449955,-0.3035586891251508,0.00909719065870325,1.209878631737245,-0.27170123238219634,0.05842840970447813,1.1649248038433664,-0.27383972250424393,0.04273439186375211,1.1908687653512509,-0.2759552734827942,0.029945697851478617,1.2043238346555232,-0.27788188955825005,0.018745809608476938,1.2148741377448775,-0.2570338637115741,0.06317361907425695,1.1656656331136745,-0.25080327786982803,0.05448497206136296,1.1864431935183375,-0.2465658686298462,0.04760144343615148,1.1987767340912336,-0.24362507267875577,0.04050629054428857,1.209058537839903
-0.25455975227032973,0.10105365685252027,1.11015062320663,-0.2796083440135839,0.08463958554612339,1.1065872904401537,-0.30225975869238475,0.07161097950352835,1.1188455328492737,-0.3141608943752262,0.0599815472246569,1.1336065164579525,-0.3224081473058923,0.048741833378134466,1.1453580610639338,-0.29437597624574074,0.0643124795438528,1.1560387545712496,-0.3059955472794468,0.048201452865378386,1.1778132121899985,-0.3127496903608432,0.03575547386282689,1.1896158737640943,-0.3171842726744938,0.02571109204412264,1.1994455768512133,-0.279336334361609,0.06549143167675286,1.1664398123190736,-0.2855170088751897,0.04825831926493945,1.1935968189675654,-0.2891381595709984,0.03449241301400205,1.2084306888825562,-0.2921029089836501,0.02294479991206934,1.2203179648145308,-0.2650556117928118,0.06988875906978417,1.1702107308556284,-0.2656365821794472,0.055749125940707814,1.1971123613470074,-0.266638346052369,0.04385861505809342,1.211488639048781,-0.26770554787065254,0.03335872240427354,1.222849606259916,-0.2512211945774212,0.07481006801781936,1.1698094351806585,-0.24428070752059847,0.0672061848077308,1.1907863368288252,-0.23963258808894408,0.06091926642971579,1.203289315254853,-0.23625021657867196,0.05440787776083761,1.213818624077388
-0.24892264684955004,0.11612626903101375,1.11335926303275,-0.27402034600131503,0.09954100936287447,1.1112178418681413,-0.29599892513879306,0.08774782723212951,1.1257422552350758,-0.3070426213897236,0.0775064352602016,1.1421104569188423,-0.3149172082091727,0.06710823862657342,1.1548507684563134,-0.2847449010654267,0.08243344787818746,1.1645698704054455,-0.29448266034543075,0.06762194894769727,1.1881177399453706,-0.3000668627843329,0.05580199394676909,1.2011150092441871,-0.3034189797180817,0.04628870647231616,1.211859257132628,-0.2694347522845728,0.08448249045225847,1.1735668082276467,-0.27363457841167294,0.06887211263966914,1.2020512158219359,-0.27588484801455687,0.0560257313433061,1.2179434585280178,-0.27759109846867336,0.04524803478278562,1.2307643166409452,-0.2557588009525487,0.08923891906040765,1.175960923237345,-0.25480252551646826,0.07671201645207656,1.2036399174936658,-0.25470629938074396,0.0658074117451127,1.2188104638642103,-0.2549237976323378,0.0560790722302342,1.23088400295716,-0.24286895880137244,0.09422318368456314,1.174536493125879,-0.23529363643406545,0.08765209149016406,1.1956422990005557,-0.23028163656796663,0.08194131725976228,1.208280405721741,-0.22650924152320523,0.0760020659429752,1.2190134990844819
-0.24448711609301854,0.13806518386699201,1.1188942898968177,-0.2695864170341749,0.12135476965185396,1.118312762081382,-0.29068444500117047,0.11098956559343406,1.1350618345946908,-0.30082705136014004,0.10224372721132485,1.1528214857738937,-0.3083427087356174,0.09272373836196621,1.1664351500639727,-0.27599661047624763,0.1078738762687963,1.174899674558009,-0.28374103948445917,0.09456182764661733,1.2000297321992095,-0.28808370707634734,0.08350981773838656,1.2141300150865597,-0.2903097609941416,0.07463538746569079,1.225682822558664,-0.26074774255646727,0.11059055319565714,1.182358928767643,-0.26298715969535236,0.09675920358498699,1.2119623523833793,-0.26389003583999365,0.08494416061904114,1.2287625362605432,-0.26434752929141414,0.07504343552543365,1.2423717529491467,-0.24784775111352972,0.11553923540875319,1.183469193923452,-0.24543083916285782,0.10470625509693113,1.2117670657320543,-0.2443115051600708,0.0948621016062525,1.2276070428124461,-0.24373490095546352,0.08595558863143007,1.2402877287424627,-0.23593459083103913,0.12051488133865787,1.1811669722009657,-0.22781230069522587,0.11495613200776664,1.202360096369937,-0.2224964207435664,0.10980386719263482,1.2151135435148763,-0.21839481176710537,0.10441632095154438,1.2260156585856017
-0.2405836800923472,0.1604863824041271,1.1241545948552634,-0.26563498194522084,0.1437274704628844,1.1252139208665695,-0.2857435374824253,0.13499957405764837,1.1439906481605235,-0.2949836403012093,0.12778318778322578,1.162893336641334,-0.30214807985994335,0.11914889023714512,1.1772657706932075,-0.2676463154769299,0.13410311354536691,1.1842586986435333,-0.2733459884902434,0.12247254012037725,1.2107341609733921,-0.27643501386499203,0.112327397904401,1.2258125453026345,-0.2775608615228513,0.10419178479664445,1.2380486580681156,-0.25273824137680145,0.13726071320735445,1.1901838203607837,-0.2530401921432786,0.12531985881304983,1.2206798649078376,-0.25264296870732683,0.11462645333072663,1.2382340637405607,-0.25190292411266635,0.10569888503688069,1.2524887224482,-0.2407173922234607,0.1422385774675652,1.1901517931881966,-0.23689468224950663,0.13315479258008867,1.2189065530599603,-0.23478811734280708,0.12440834030390727,1.2352811399964152,-0.23344723453640268,0.11635353380415184,1.248463718157995,-0.22978399064415808,0.14711332448443723,1.187111515032838,-0.22117214955130512,0.14251302832540783,1.2083410527446234,-0.21557125260399734,0.13788777447509323,1.221174283307122,-0.21115273971849324,0.13302502943063177,1.232198593635855
-0.23351651355550793,0.177614683748746,1.127229876158112,-0.2584134513829387,0.16081298636754918,1.129949522735165,-0.2773447079189463,0.15373244303119593,1.150554597385716,-0.28560654135802466,0.147889829676349,1.1703630132783773,-0.29236910201289806,0.14001916751156812,1.1853552645888878,-0.2559504539703027,0.1549319761305415,1.1906584146435297,-0.2595669374218636,0.14500378980345505,1.2181731158036693,-0.2613643366950616,0.1358449053912515,1.2340699033566678,-0.2614330769747202,0.12849770258093418,1.2468445687078773,-0.24165081178991965,0.1583448989525879,1.195123412497426,-0.2399969076779912,0.14822909470259596,1.2262299876305331,-0.2383038903510274,0.13869023714286033,1.2443628443473302,-0.23640071193527254,0.1307852676842779,1.2591050899799106,-0.2306061088911918,0.16321091303697144,1.1941080593399682,-0.22538145162212905,0.1557711696923484,1.2231135355487237,-0.22225424466644111,0.14809550757325748,1.2398577861487066,-0.22012392793450475,0.1409014070858875,1.2534285234254512,-0.22068412898344245,0.16787523457313486,1.1904716250625857,-0.21159046081608054,0.1640937657967493,1.211661846778523,-0.20567709511926013,0.15994818043414405,1.2245187925511969,-0.2009172255407478,0.15558658188478433,1.2356104589454222
-0.22391718581979247,0.18969688680262553,1.1298251801602996,-0.2485050963198585,0.1728123440560185,1.134285886276498,-0.2659147323137955,0.16715212562415738,1.1566009522900038,-0.27312919676034864,0.16248584270414385,1.1771178884459155,-0.279463976815739,0.15523954192714007,1.1926036507965225,-0.2416694050173653,0.1703926215929167,1.1958037407697746,-0.24323384397600017,0.1620261770701249,1.224021851142801,-0.24369731697162836,0.15383301022929596,1.2405288457883816,-0.242722653671134,0.1472445002334448,1.2536749386179113,-0.22818616206232192,0.1739499809075941,1.1989687589445084,-0.22466968498902368,0.1654945849054683,1.2304143401664775,-0.2217344706281819,0.15704836998446348,1.248926567857664,-0.21873192766573588,0.15009935848900863,1.2639645335282375,-0.21814795103487153,0.17867064325907342,1.1971584433743165,-0.2116146434866588,0.1726755620586674,1.2262331638130537,-0.2075589810766557,0.1659990135108221,1.2432049180644422,-0.20470189219802307,0.1596280772658427,1.2570507281143157,-0.20920475658865767,0.18315614271184355,1.1930692222623345,-0.19966222832460426,0.18009823868223745,1.2141786793963043,-0.19346887698803353,0.176406579330467,1.2270421500367164,-0.18842379930671,0.17252530387846726,1.2381861105430232
-0.21551068026201492,0.2018788676861715,1.1337596676709731,-0.2397135989924435,0.1850596426594878,1.140153682059946,-0.2555166991727006,0.18081740465448007,1.1639310055158465,-0.2618435035942974,0.17742374513920717,1.1849838434165003,-0.2678628046188213,0.17090940036745825,1.200914269532942,-0.22909564263392343,0.1860833399316122,1.2016339374801754,-0.22877914847574388,0.17930720395072777,1.2303165180622806,-0.2280326431459885,0.17206177430557418,1.2472508069867776,-0.2260667692760928,0.16620545512428517,1.2606305324986071,-0.21643051150209527,0.18969192052737832,1.2037429222391403,-0.21134895079827132,0.182979410600009,1.2353942075564157,-0.207397708626035,0.175557410465177,1.2541547566747415,-0.20346633860333013,0.16946768879457716,1.2693502841823292,-0.20726768687812958,0.19433250010964154,1.201315095640948,-0.19968250330363949,0.1898412478096976,1.2304056115804984,-0.1950000151453289,0.18414635363576484,1.2475726621559515,-0.19163804459362177,0.1785366949288816,1.2616327874980997,-0.19912261357255837,0.1988255292594394,1.19685605554841,-0.1892619452871737,0.19659399813530304,1.2179227898236382,-0.1829297689515008,0.1933701853605417,1.2308442990432182,-0.1777498900440837,0.18993716130245858,1.2420731976549313
-0.20891157035862945,0.21732638725851822,1.1384312660301208,-0.23276504961483244,0.20089578292801685,1.1468335153887599,-0.2473409663312095,0.1985796379105125,1.1716382285187281,-0.2530470165616112,0.19668614456960745,1.1930537144226723,-0.25887394979084555,0.19111434316939727,1.209407583297624,-0.218940192090258,0.20555251388337276,1.207726064202376,-0.21693085593556927,0.20067186670010978,1.2367234514557566,-0.21519895874162734,0.1945187817405836,1.2540140194024445,-0.21240113215964734,0.18947721315894783,1.267576207347286,-0.20704893933190802,0.2090433725045087,1.208964562867554,-0.20060818554698,0.2043574954421267,1.240733150462621,-0.19583694264406667,0.19804596836758834,1.2597083045087674,-0.19113450601577955,0.19290902741841845,1.2750361668501486,-0.19864957417939041,0.2135491630916464,1.2060260473652493,-0.19016661544694766,0.21086104318642063,1.2350911105378715,-0.18497437511541778,0.20621964561815925,1.2524278694454107,-0.18120087236521917,0.20138602226068186,1.2666705870115027,-0.1911784837088267,0.21802492782359198,1.2012332998148298,-0.1811087165956137,0.21669510549805732,1.2222773290412783,-0.17469009444507838,0.21391975810597408,1.2352601470330078,-0.16938836762416573,0.2108922713561375,1.2465486801709753
-0.20028449095161707,0.23279405999282998,1.1427879612237508,-0.22367841657498325,0.21670128082841128,1.1529515102234855,-0.23707222653375895,0.21650117893366005,1.1785183145475462,-0.24204984650471598,0.21569676586127043,1.2001826534896798,-0.2475417795810129,0.21073873492164488,1.2168470991500564,-0.20639959482257922,0.2245761444465128,1.2130449023082057,-0.2027384335074419,0.22147359796239602,1.242125423613213,-0.19998993930689807,0.21656219073445512,1.2596795547793938,-0.196519345490597,0.21240123103783168,1.2733842832394073,-0.1955215365253198,0.22777413128713378,1.2134925457387387,-0.18752274524700746,0.22479477257119512,1.2451125816443953,-0.18177555530001707,0.21971028735966544,1.2641854530006744,-0.17626889490048947,0.21570169777211404,1.279581957060931,-0.188045458881482,0.2318601365349846,1.2101523756626402,-0.17844196155502104,0.23070311353809694,1.238969013419239,-0.17233983734473146,0.22706022594199898,1.2562478614870232,-0.1678648852941295,0.22307089025385854,1.2705488490874415,-0.1814131224062393,0.23585624220517046,1.2051862004446547,-0.1709923759888021,0.235045598096666,1.226085260314617,-0.1642511887262033,0.23259998139158308,1.2389705301871055,-0.1585702489768128,0.22995813414848001,1.250171089566838
-0.18800902446718956,0.24356885257816419,1.146671940696908,-0.21056566268176957,0.2271959244995366,1.1581904616160617,-0.22190975682028258,0.22778677366237104,1.1847245546808007,-0.2256634669618212,0.22693368098098346,1.206632298878144,-0.23051650308168745,0.22170528684008428,1.2234120212836888,-0.18940828114747454,0.23683733235730534,1.2173380225048198,-0.18417936320573017,0.23444660809241497,1.2462456248073337,-0.1801330769034609,0.23047471817232448,1.2637863009616706,-0.17601414474480034,0.2269768290984275,1.277496784508812,-0.17979785087287742,0.23984580811683298,1.2171399423619,-0.17002921590006614,0.237369692184211,1.248302845493724,-0.1630206831462324,0.2332690669972474,1.2671899295894944,-0.15663458523497553,0.23013810587829095,1.282449656731684,-0.173427165125041,0.24333106387117148,1.2135744315802077,-0.16244911854150426,0.24248470334224748,1.2419069330895076,-0.15507157468880664,0.2394594385857856,1.258803227367248,-0.14963096134726686,0.23622036203290975,1.2729583095283534,-0.16783495703787937,0.24649532986043401,1.2086678155808082,-0.1567593082485877,0.2456040693652763,1.2292239694487255,-0.14942192909294844,0.24341004189883364,1.2418257128625292,-0.14318874533064097,0.24120480963034613,1.2528252280581338
-0.17715386346318604,0.2539285059656836,1.1488252824012584,-0.1989556941032778,0.23723267011581725,1.161294455252391,-0.20775302635544116,0.23676381694643028,1.188780502463212,-0.2102677856425801,0.23542889382375157,1.2108409042897934,-0.2145511894571178,0.2295844761448247,1.2275723830838603,-0.174927032392171,0.2474683880371872,1.2194954635355577,-0.16872293262975588,0.24489186635299076,1.2481935000255584,-0.16351702454062209,0.24124387597249333,1.2654970935679373,-0.15878261579306943,0.23807814038150835,1.2790890647706894,-0.1660243390983784,0.2505543954359092,1.2189093230671642,-0.15501964664195206,0.24789824906275473,1.2496424573253408,-0.14701924783482423,0.24430793454938424,1.2682370765617816,-0.14001896087639487,0.2414299816604144,1.2832756205798428,-0.16036171367985252,0.2535549942917671,1.2152068660402233,-0.14839302384551722,0.2522022805352632,1.2431153791473768,-0.1402424619481582,0.24945836002507862,1.259701650019887,-0.13423186285709005,0.24673225519594355,1.2737337308514027,-0.15551125637016602,0.2560930293455366,1.2103554227009636,-0.14369582751048088,0.2551493059656301,1.2304930697894243,-0.13586649437775533,0.2534087881514478,1.2428675179346864,-0.12935940477397087,0.2517857260984016,1.2538095661054491
-0.17325886636191198,0.2743092048673787,1.1467912696182152,-0.19605216411712661,0.25930384046152233,1.1596308818423415,-0.20400398247681487,0.2586200712013826,1.18736888309871,-0.20635559107240786,0.2581886412952199,1.2094833844047568,-0.21090024740251376,0.2527319821448137,1.2262767794944334,-0.17107434585280115,0.2710394366362318,1.217682051019491,-0.16514178604180596,0.26917100920311693,1.2464921244183682,-0.1596761545158628,0.26593717373193504,1.2637979859252828,-0.15465919934372488,0.2633163691673068,1.2774045921675519,-0.16147279929108846,0.2738753769035138,1.2168478475164692,-0.15050177008437468,0.27227194267540283,1.2476658524449005,-0.14242600882092846,0.26934006015404205,1.2663431849317142,-0.13542529617736226,0.2666637399112451,1.2814187203767606,-0.15547515934970035,0.2762356746827498,1.2128871010350877,-0.14344941183720408,0.27540934990580546,1.2407916357711912,-0.13559913412940167,0.2733086648590724,1.2576149946126944,-0.12983966015647896,0.27118434506569417,1.271854867028059,-0.15049932958139406,0.2782376473582863,1.2078290988200968,-0.1382188500960594,0.2782247625796306,1.2277089745945629,-0.13033881625306432,0.2774655190896895,1.2401501739909513,-0.12406581515795828,0.27669532969917526,1.2513198306228515
-0.17348958487468544,0.30549109207384567,1.1390140623926557,-0.19965398301666454,0.29630609518449164,1.1508720186915673,-0.2095356963605161,0.2991657362973739,1.1778399600928007,-0.21335479114138017,0.3022657651864321,1.1995326247218343,-0.21954995613550685,0.2994494459378404,1.216448162711092,-0.17549408480094184,0.31228859809135745,1.209659248313645,-0.17153779422527315,0.31402913313169767,1.238814435140122,-0.16707072629072117,0.31257109358895535,1.256639784704393,-0.16248990346582082,0.3116050436524295,1.2706133668852222,-0.16395912480116553,0.3135303194014222,1.2089537853351788,-0.15455116231041283,0.3159011595832448,1.2402356214314199,-0.1474658319239046,0.3148853775092827,1.2595079561114337,-0.14114691888697356,0.31345286046775306,1.2750470574198134,-0.156554714923185,0.3142094241375976,1.2047851146686022,-0.14544595053610915,0.31652108414157465,1.232984690135764,-0.13875461463843416,0.31623656620752527,1.2504263131655988,-0.13389402777392378,0.31544301069898995,1.2651301632200098,-0.1505706060170386,0.3148083931336378,1.1994040787664746,-0.1384049566814065,0.31715039478751655,1.2192164942605814,-0.13094846671087249,0.3180430513635678,1.2319073865862227,-0.12522849550436324,0.3185572773851116,1.2433844273505694
-0.17085708990638065,0.3346653107779547,1.1285005898685094,-0.19972549893113442,0.3349640158487645,1.1372227892033409,-0.21290751537804023,0.34527782344547614,1.1607377947227195,-0.2192073564986369,0.35398247048275683,1.1802136383393014,-0.22790940152458997,0.35604688279137336,1.196102620782075,-0.1794887855352055,0.35835387179093403,1.1948731166362112,-0.17921643546557306,0.3668729036409005,1.2230876259888719,-0.17711401449593553,0.3693963124668414,1.2412269726224239,-0.17405151225312243,0.3717775494191225,1.2554441797949747,-0.16582345671992738,0.356347059381128,1.195966047733756,-0.15940989039822656,0.3655100791580951,1.2267489836975543,-0.15430110659472993,0.3683390526302077,1.2464607527980038,-0.14941381355078015,0.3699445374501168,1.2624913866504206,-0.15642280621651375,0.3538077757621119,1.1926398753371215,-0.1471027478183461,0.3618026054139949,1.2204460560349777,-0.1419840396001596,0.36474746416876086,1.2381715115596383,-0.1383360820940162,0.36641219371886213,1.2531508080382305,-0.14890046267622048,0.3514522965380678,1.1876203784194823,-0.13758002145650014,0.35710353997420513,1.2072655015148417,-0.13088451751921013,0.36013750789837023,1.2200490883403508,-0.12578758623407385,0.3624153292269351,1.231604943357646
-0.16458967220143766,0.35320327219788455,1.119549699960629,-0.19299993832343473,0.3620781124724243,1.124412313923824,-0.2081150012945774,0.37950137900081354,1.1417634039237055,-0.21636377975406854,0.3931061718427642,1.1573080051865166,-0.22687786459150458,0.3998657281517353,1.1705824003673715,-0.17931893150837067,0.39404253721641946,1.175729498419137,-0.18312737755179334,0.40952856229238854,1.2005162969682306,-0.1841684734246871,0.41711004585052147,1.2172871314367288,-0.18346587649198265,0.42359166625331435,1.2305035282112522,-0.1647370367797585,0.3894018387125322,1.1806779729321435,-0.16193531309946962,0.40571963251276155,1.208936845182461,-0.15947625153905073,0.4135207426669599,1.227798242281572,-0.15672513731725599,0.419380380230669,1.243339814102828,-0.15348952333749513,0.38346815539896173,1.1799604108632231,-0.14649337660668083,0.39773792121579676,1.2058716475987268,-0.1430665844281023,0.4045688501551085,1.2229204201544295,-0.1407282866185,0.40938279023567364,1.23747434009682,-0.14424208398359667,0.3774845961891803,1.1766061520716138,-0.13418073900457242,0.38649212336266386,1.1956758556520963,-0.12838432663648147,0.3917221926730813,1.2081859637704033,-0.1239196904066438,0.3959227926617566,1.2194610223858329
-0.1582258275191033,0.3647577349794597,1.1107811966929684,-0.18496266593789765,0.37853881587185817,1.1129662153154973,-0.20054805031492254,0.39957113438670266,1.1251248764685768,-0.2097133333389036,0.4158042379201836,1.1372595911140706,-0.22091319253534783,0.42540525038989024,1.1479755074265852,-0.17688158604386509,0.41655103895714635,1.155618488524259,-0.1836511363623308,0.4366066726180837,1.1761282755337963,-0.18716510078282728,0.4478771700553007,1.1902863687633853,-0.1884753212317386,0.45733893758089533,1.20150851057608,-0.16273982439889415,0.4117459285213896,1.1638731658629822,-0.16296216027113566,0.43335049640780837,1.188487737241503,-0.16301169140098082,0.44531821680975975,1.2052038318504155,-0.1623870055195693,0.4547555986595187,1.2191318621449712,-0.1503643323861447,0.4041211201603691,1.166255075709197,-0.145541574835656,0.4233640758150144,1.1892857974085331,-0.14371119429874507,0.43357469361972223,1.2048247205244202,-0.1426440267739208,0.4411953616213719,1.2182874399420478,-0.1395489683952229,0.39547800752661727,1.1652466495639515,-0.13041133016490736,0.40723364019402447,1.1832557714574896,-0.12528537090202957,0.41431432947974095,1.1951319327623438,-0.12128210284125324,0.4200810974434417,1.2058754515433305
-0.15386872241163427,0.37461631195566475,1.1007210096981077,-0.1795782015240991,0.3903622674452942,1.101520131128612,-0.19545928373373525,0.4126526244871518,1.110686748832115,-0.20501694172949372,0.4299077430498567,1.1209667984326306,-0.2162383383149615,0.44092967611975475,1.1301887504469708,-0.17468006429469105,0.4313511392622447,1.1379904854301688,-0.18308581585936756,0.4538401752598102,1.1550870703747036,-0.18791630779470803,0.4671146358557405,1.1669310015581524,-0.19033447323428876,0.47821433600523394,1.1763186168940898,-0.16119991403665943,0.42743581697048644,1.1476611546687052,-0.163198254668659,0.4520608670035708,1.1691622582807026,-0.1649204925136912,0.4664673220945099,1.183727441164694,-0.1657246589731768,0.4779626232020476,1.1960016338170492,-0.14833093148716767,0.41964191890549446,1.1520109506437717,-0.14489752375005396,0.441909390493775,1.1724152613423853,-0.14428810282597979,0.45436403582344326,1.1863284046362153,-0.14432269612881235,0.46390567007627503,1.1985519172460897,-0.1364119844977013,0.409801539432768,1.1528392199257715,-0.12726566049821306,0.4232152646324936,1.1696450682167112,-0.1222269799938302,0.4315588523263001,1.1807108293579511,-0.11824314862035168,0.4383355006454681,1.190855339639725
-0.151423282204894,0.38256279348867533,1.092415149951763,-0.176927558648856,0.3986584150781664,1.0925329391457488,-0.19315298062326053,0.42123785894904137,1.100278910070004,-0.20289569660875995,0.43872807791623625,1.1099711280035534,-0.21392366933477802,0.4503719377265524,1.1186458899687235,-0.17324884572202712,0.44060395568496813,1.1269959924789026,-0.18235566188221725,0.46415000980458293,1.14220637876766,-0.18766568340074558,0.4783923006504293,1.1526363588857451,-0.1904805913638366,0.4902684572513556,1.1608953773956516,-0.15996280378598132,0.43721999256799415,1.1369874603079042,-0.16258619286774895,0.4629528660805561,1.1570777804014072,-0.16505139411439287,0.4782754538866655,1.1705610177598398,-0.16651228201830184,0.49059241770732837,1.1819453335182568,-0.14679742265504864,0.42961309684431515,1.1419479757272093,-0.14376842100672402,0.4529570700450711,1.161179422342754,-0.14378958737735267,0.4663446847763421,1.1742115543347569,-0.14457006125235602,0.4768433947099979,1.1855969042061736,-0.13427921322372513,0.4193821690203734,1.1434980262683028,-0.12441925557168307,0.43304582824407123,1.1596876975106116,-0.11903014727356742,0.44184137736683304,1.1702257549143613,-0.11479905382292296,0.44908382245864664,1.179939137487646
-0.15069063473623623,0.3861263082323618,1.088850476292131,-0.17636953086230145,0.40193902454233055,1.0885290385476953,-0.19278054537815767,0.42447775550837147,1.0959976313419018,-0.20261290798335713,0.441855150717216,1.1058016174761969,-0.21369844497001478,0.45356201827024917,1.1143167375982879,-0.17295122052611847,0.44335996634398855,1.1244839030327116,-0.18227625906445002,0.4669273288355191,1.1395281609965988,-0.18761208581261923,0.48135915701293813,1.1496807444461223,-0.19040878272645761,0.4933400779057479,1.157793340216265,-0.1594444003480607,0.4399104271329615,1.134431874166853,-0.16212653923462622,0.4652199760628238,1.1550453836911272,-0.16468951916011054,0.4803021977172561,1.1687790768504474,-0.16625410125248014,0.4925217453933746,1.1802542314891418,-0.1459611312572527,0.43232565071996737,1.1391682962199512,-0.1427252151258116,0.4550836101412318,1.1590572027881885,-0.14282801325369737,0.4681778088604477,1.1723837377058541,-0.14382767794277196,0.47870782788979477,1.1837229445205384,-0.13312918450575933,0.42193307210145503,1.1405081658995038,-0.12288526149782339,0.4347541348382608,1.157142533784152,-0.11735081170255504,0.4431110939429649,1.1679585370409202,-0.11318306123496857,0.4502584156278726,1.177769276691089
-0.15192618689740064,0.38486692992798693,1.0891722079778454,-0.17782937720888586,0.4002933567065914,1.0883968924887186,-0.19434280357368464,0.4226000834262445,1.0963223175293062,-0.2043583211951236,0.43970388616319683,1.1064176977339353,-0.21600593203927407,0.4510652529567906,1.1146456777463751,-0.1749200212526739,0.4403376533646023,1.1270568859477634,-0.1843528091161337,0.4631125517265936,1.1432134058068322,-0.18960869511374648,0.4770534658264071,1.1540692907901158,-0.19228220226906506,0.4885420383585428,1.1629034998583738,-0.16115268818940917,0.4366148078210077,1.1369639697992295,-0.16395808959473737,0.4605663910209288,1.1591255423093088,-0.16639026013672908,0.4747111236152063,1.1738451785214328,-0.16785175084694356,0.4862461249219804,1.1860210656049812,-0.14738842265702637,0.42896443932175266,1.1413588807276853,-0.14406011148814823,0.45026118902738177,1.162790989150531,-0.14402429748234583,0.46239803774644056,1.1769952406617104,-0.14485245990966186,0.47233054368778654,1.1888745383747186,-0.13426556215977106,0.41845764029290444,1.1422646959549883,-0.12464286771625499,0.43044106138460175,1.1598664337612743,-0.11955796795220089,0.4379584667029288,1.1714891373251604,-0.11596348554535549,0.44460938771555564,1.1818597645782096
-0.1546299306733336,0.38025088989887923,1.0911430056422895,-0.1808497205165347,0.3950940680562825,1.089818729106855,-0.1977695704889196,0.41691626188663405,1.0982214788155777,-0.2082408720734354,0.4336408637829728,1.1084882649388514,-0.22061090164317487,0.44460093520416444,1.1161893266686784,-0.17947792633353793,0.4339823818003118,1.1303408409337998,-0.18921650673501342,0.455634789965598,1.147806232101489,-0.19462618014531954,0.46875913184224305,1.1595667910264438,-0.19744550651721837,0.47948434369684967,1.169272429525785,-0.1656258336984484,0.4301696869835315,1.1404808968092,-0.16898772785577681,0.4528442447861356,1.1638741865966271,-0.1715186049827178,0.46613618825147635,1.1793524133622724,-0.17311719230776426,0.47697565143493875,1.1921350184556487,-0.15167367006899926,0.42244978751806683,1.1449867055030711,-0.14889871335319727,0.44267262933611284,1.1675100435935368,-0.14900548369157338,0.45421984188926384,1.1821973041554104,-0.14985200875765847,0.46356755733361127,1.1945407985034129,-0.13821583695796272,0.4117740750860835,1.1458779313451937,-0.1298140332010617,0.4237780221839382,1.164080534206265,-0.12550890982030016,0.4309800551228843,1.1762070118765209,-0.12269489425221525,0.43728680553120836,1.1870241824576244
-0.15752149967260567,0.37426363201528345,1.0937058461437075,-0.18433653950454948,0.3879423993232215,1.0918630251206836,-0.20203945969050996,0.40912068879621427,1.1002999879161761,-0.21313273793194998,0.4254276462216931,1.110585398950625,-0.22591800192519665,0.4362564677623759,1.1177771162381362,-0.18533569202752745,0.4260882239198636,1.133474537087599,-0.19583439252521034,0.4467818036677288,1.1516475847492116,-0.20187154526274095,0.4591947583769444,1.163866218246426,-0.20534054814321243,0.4693281497223532,1.1739884012152058,-0.17153953782642167,0.42226876846141426,1.1441639988211574,-0.17603882182478914,0.444196021559265,1.168072907747164,-0.17922858163615452,0.4571624559630941,1.1837047219452417,-0.18151583568355698,0.46768750756319566,1.1966444357849093,-0.15745554142013976,0.41440072531112304,1.1491823262321499,-0.15588288478424311,0.43427580555443573,1.1721273128553136,-0.15672559445545572,0.4459657254204702,1.1866772528689669,-0.15827067812112466,0.45515972004410254,1.199068436055486,-0.14376389129382547,0.40353048267492375,1.150391165519262,-0.1366514649846734,0.4161144264821845,1.168750837451735,-0.13323701351822018,0.42385026073650056,1.1808319473360729,-0.13129743164069896,0.43040683536954544,1.1916926247980324
-0.16038979331146097,0.36794919933097625,1.0967032227134133,-0.18793912823196596,0.3800362607357624,1.0945847049270545,-0.2064290663962718,0.4006195134811188,1.102803437336971,-0.21811993390400733,0.4165491041714721,1.1130180895640578,-0.23110328499009108,0.4273499548526198,1.1198898701207616,-0.1916059869527055,0.4168908210661968,1.1375839433320927,-0.20329274236588268,0.436676114905346,1.1560411509173056,-0.21030728201921098,0.4483878673308042,1.168428836371224,-0.2146974950467129,0.45799722256830727,1.1787032955146535,-0.1779738235756988,0.41274399957012986,1.1489645989076451,-0.18420704434132731,0.4337505212521553,1.1733070909053185,-0.1885852660336137,0.4464600649946148,1.188862002560417,-0.19195132526405018,0.45676422576979914,1.2017437086776592,-0.16381686634300782,0.4045797276046506,1.15445346098618,-0.16384310092972007,0.4239188953748393,1.1779046949923613,-0.16583204165860513,0.43574267551740753,1.1922332496432102,-0.16850621076942088,0.44488077044405105,1.2044726238965608,-0.1500700357004289,0.3936534869174361,1.155794998546166,-0.14421803574719536,0.4064733387903963,1.1744343466495242,-0.1418416634547458,0.4148825471209373,1.1863125997384973,-0.14092060815795093,0.42191061848995576,1.1970113302091299
-0.164798976465832,0.3599934307076205,1.1003410154022004,-0.19290569183482098,0.3707261630392525,1.0982500745994692,-0.21202318006806134,0.3907622877775114,1.1063846316525443,-0.22436851379531017,0.406268626856672,1.1164798555872026,-0.2377497635469184,0.41670073233767413,1.1231552191876955,-0.1990401459597006,0.4049249386022538,1.1433487857679179,-0.21202045238570327,0.4233559140859727,1.1623360816269437,-0.21999933671390706,0.4340488586248696,1.175057009434843,-0.22515827026443966,0.44281362228879734,1.1857220228775938,-0.185723809652324,0.39998873978518884,1.1552003837764497,-0.19402848770559367,0.4190194046333844,1.180529221665592,-0.19978097972431796,0.4308872327801881,1.196300083867091,-0.2041694828014095,0.44054463422072715,1.2093737243192864,-0.17178728027753334,0.3915103647883544,1.160727081077316,-0.1736110280670466,0.40930292151898723,1.1853047812076611,-0.17673336484175112,0.4205255952824833,1.1999118941027078,-0.18032792316552224,0.4291542239433988,1.212284612450921,-0.15829391987664052,0.3808334100457705,1.1618424403328724,-0.1537265558020264,0.39305511239975793,1.181227717741151,-0.15240129909555852,0.40143578680836756,1.1932885144637269,-0.15243526044078026,0.40837506689896497,1.2040843563559684
-0.17216782514952314,0.3487809806409576,1.1040337696424398,-0.2006009551326731,0.3586700890170208,1.1022134179005716,-0.22046493384803953,0.37785084288014603,1.110616792232503,-0.23376653517663548,0.39257624016503767,1.1206665404712972,-0.24792002113060674,0.4020042722079995,1.1272421161896717,-0.20851219359537634,0.38892125363944907,1.1499555702136528,-0.2225926484333473,0.4051854870408113,1.170103079232249,-0.23130645500295727,0.4144513885456668,1.1834461038780446,-0.2369354550851444,0.42192846929910977,1.1948296802351746,-0.19565297143253013,0.38310455310702657,1.1616303317598666,-0.2058360046027516,0.39884749282284493,1.1884845603934644,-0.21280682024173508,0.40903051448101935,1.2049275042650063,-0.21793263674045538,0.41734947377382214,1.218637550144608,-0.18255688340858361,0.3746073110590202,1.1665933298819449,-0.18622158261738242,0.3897455673296943,1.1926963498509473,-0.19027375163950283,0.39946745930779953,1.2081278074310786,-0.19433928850995813,0.4068678886434994,1.2211340865699198,-0.16997151053326767,0.3645213633043354,1.1673303913869142,-0.16676135652418644,0.37548634631500194,1.187713812641189,-0.16631667226129065,0.38295275742298474,1.2004224627480014,-0.16702582186159085,0.3889009391415159,1.2117724056905337
-0.18183605504741165,0.33666882976063406,1.1051792669953662,-0.21055620579145146,0.34577485461118934,1.1038434982140846,-0.23161372003307382,0.36327552511818934,1.1129760386653598,-0.2462590485132378,0.3764626554894907,1.1232901701869349,-0.2613604113864689,0.38416511039596307,1.1300034537847885,-0.21942871699793834,0.37105665176689445,1.1546285932492475,-0.23430489328022389,0.38415556891278313,1.176441991999925,-0.24353148200585625,0.3915900456431682,1.1905636873146512,-0.24945732227043257,0.39742538012113987,1.2027296841043227,-0.20712904253776201,0.3648068351654237,1.16530863690864,-0.21863113265417214,0.3762301681057001,1.1937672612330315,-0.22652767693516024,0.3838991169945843,1.2111306829950086,-0.23216126895341888,0.39013708049269974,1.2257181738307432,-0.19553797753217775,0.3568388001241045,1.1691641094777192,-0.20092785820656398,0.36849788602824907,1.1967136898176332,-0.20577447277772642,0.37590088417986073,1.2131688132152563,-0.21004791782381027,0.3813028568763789,1.227061782655205,-0.18471752336961286,0.3476760448393664,1.169441107344557,-0.1830013389118768,0.35703852008983716,1.1907816455595785,-0.1833064539606072,0.3629771354102196,1.2042758880113806,-0.18448797639680495,0.36719371749007357,1.2163394448669531
-0.19148353069320673,0.32716751171915986,1.102994215318425,-0.22056677818492312,0.33510533946749516,1.102153601525011,-0.2432072725480252,0.34995227664213974,1.1121572079172772,-0.2594423201161875,0.3608070889810749,1.122804444286963,-0.2753948290036363,0.36631906810406356,1.1297024653962418,-0.23019434848744288,0.35430779098163184,1.1559644355282759,-0.24573760957017704,0.3634247993189736,1.1792881104128936,-0.2554787970310347,0.36870291539502553,1.194021556033953,-0.26176997286773873,0.3726728072773883,1.206743161837915,-0.21862606646666655,0.3482211589284359,1.165179827653499,-0.231209645456221,0.35481110976668334,1.1946910119521743,-0.23996481767867384,0.3594536591852241,1.2127035158918773,-0.24610401384257038,0.3630986185810615,1.227950449287762,-0.20889011864760948,0.3411969965420316,1.1677152683315195,-0.21608869502682765,0.34895111791716005,1.1962112079461742,-0.22183030350813246,0.3535516292286633,1.213384861261218,-0.22637354881943753,0.35646048935829544,1.2279229387208657,-0.20038470189402738,0.33314402219435607,1.1673688705978107,-0.2005221897975292,0.34071053420456365,1.189476534343472,-0.2017363211255287,0.34491600057446403,1.2035582517172323,-0.20347428062206344,0.3471217229160083,1.2160810009941054
-0.19864987834350148,0.315437354613995,1.103348635344879,-0.2280139538811002,0.3222639357109686,1.1025120446893102,-0.25232763857930274,0.3341838780311299,1.1125048111133444,-0.2703392302525407,0.34268041987420245,1.1224123186137913,-0.28706863120526627,0.34629912617173936,1.1286955707474846,-0.23913887323418423,0.33419514706377107,1.1585732034009262,-0.2556751644262184,0.33924648787197054,1.182442464928762,-0.2663450666821938,0.3424195446841758,1.1971362921580107,-0.2732690477104315,0.3444113506554195,1.209992006252953,-0.22851730895345743,0.32846575141386264,1.1664772434088857,-0.24266034511133042,0.33033180733925394,1.1959590390541253,-0.25272544741673986,0.3320285075635869,1.2138048096414833,-0.25962454254462586,0.33295795807485545,1.2291339663266414,-0.2206518209362432,0.32229464530779295,1.1678274887638085,-0.23040558572548664,0.326338560253848,1.196331441104754,-0.2374950674432985,0.3282297763273581,1.213513632210701,-0.24255754167531318,0.32856943794238175,1.2281667624589667,-0.2145384617144001,0.3151435524026458,1.166645652393653,-0.21736375413671594,0.3210757047626823,1.1890699047629332,-0.22000947499381496,0.3236712771917211,1.2033428859293323,-0.2225763446990713,0.3238571203337068,1.2159159367108183
-0.20067893321840535,0.28981617298312623,1.1134457981155272,-0.23025183239854505,0.295654591329255,1.1124931539672611,-0.2562268733107228,0.30434014940866444,1.121601062606723,-0.27608109242721635,0.31047106546102915,1.1295376370818393,-0.29353436907699965,0.31246373702326885,1.134422260210764,-0.24266317923411374,0.29867292543079405,1.1700129920038298,-0.26024897031438077,0.29947518637600423,1.1936520052169388,-0.27208207766544656,0.3004795290804623,1.2077513856458342,-0.27965126434441934,0.3002329961420321,1.2203935699399546,-0.23323631716914198,0.2936133089192687,1.1764745391745164,-0.24905403376436083,0.29068700371926526,1.2050038309732454,-0.2606354976663188,0.2893489449715999,1.2219371087599487,-0.2683171289012245,0.28734333062950734,1.2367834715871318,-0.22744974440928073,0.28842369722465216,1.1764538541970944,-0.24022515090094965,0.2887661261794039,1.2040334880977335,-0.24890232366162174,0.2877860645614243,1.220550488205852,-0.25444108334001725,0.28525605848860525,1.234811604990019,-0.2239011450157646,0.2822484163628053,1.1739644209313216,-0.2302832995685625,0.28658010988422,1.1960217176314203,-0.23480317659022357,0.2873414918615663,1.2100376312890486,-0.23828086222379288,0.28518146864373706,1.2222008942576568
-0.19465643496779922,0.24935653398557664,1.1286187283540425,-0.224713177143916,0.25164669093333475,1.1295665978015008,-0.25171899405922415,0.25376407094521514,1.1395314472206861,-0.2726586121923792,0.254858589493112,1.1469545048354362,-0.29021311346593937,0.25346129949893165,1.1516804136992624,-0.234493517499477,0.243743783527255,1.1871206111398172,-0.251405779520385,0.2384820303113732,1.2106789634307533,-0.26314769548934136,0.23588955868404043,1.2246514421860784,-0.2705063538227148,0.232737318769004,1.2370244660787288,-0.2273726416286539,0.24130443337120563,1.191163409886005,-0.24311961185425332,0.232457083351399,1.2184844866819218,-0.25473776789505875,0.2269761449028337,1.2345354794194676,-0.26230902609493956,0.2215507940424127,1.2485599599384287,-0.2246372339881978,0.23860366555695442,1.1892335612119211,-0.23861592951900157,0.2336739212721346,1.2157714241110524,-0.24761081895268314,0.22857341941746007,1.2313323362106525,-0.2528403411768445,0.22257087466809503,1.2446394694584277,-0.2243330602691365,0.23467153574124733,1.1848565670912687,-0.23354244412179123,0.23558192298521685,1.2063129938053312,-0.23929060000954352,0.23322160881258258,1.2196861926508213,-0.243256212420253,0.2282753250384718,1.2308447390949155
-0.18843909660938768,0.21716308683188426,1.1362280078788287,-0.21712716104842808,0.21020909635968607,1.1424076519487076,-0.24137633156090824,0.20189410277514688,1.1556716739809052,-0.25989465570321835,0.19440590117185214,1.1654576777860697,-0.2752221280734455,0.1872053297102052,1.1722154518460761,-0.22322151774369847,0.19573814691116068,1.1942979788729013,-0.237178735514814,0.18376155751224504,1.2173297828554814,-0.24664965706642697,0.1764469552802277,1.2313519760319829,-0.25299166500611403,0.17034021577295905,1.2431699647390635,-0.21997214843665489,0.1969953279767704,1.1966097256064254,-0.23384575643565672,0.18241613217474145,1.2224487263959953,-0.2436155951006134,0.17274054348652487,1.2377323725553186,-0.25034168318814887,0.16439908851863197,1.2507179146915552,-0.22067241548507507,0.19764680148159902,1.1934010628270981,-0.23296619582494288,0.18658792109381123,1.2189065250701823,-0.24056433162425303,0.1774608033777278,1.2333297422923268,-0.2451467015508734,0.1687680631763592,1.245325424644002,-0.2233852359399019,0.19676408025932074,1.187430484823709,-0.2328037641983525,0.19187731592765092,1.2082494824707364,-0.2383274477468406,0.18593983261493616,1.2205657334600535,-0.24247277277287196,0.1789201133627239,1.230477584233733
-0.19894321371055432,0.2140318261057612,1.1335612124757006,-0.22696052051371318,0.20460822778397367,1.1395426286745298,-0.24954355801918435,0.19321505907964623,1.1534457863455807,-0.26552962023294535,0.18221187085974083,1.1643151481787817,-0.27859922356320965,0.1722112798300893,1.1721650396893475,-0.23942068927984467,0.18946655780121943,1.1864676200884556,-0.25356320771422103,0.17544556029842767,1.2081956530779505,-0.2624707562995394,0.1659370302010396,1.221236630645442,-0.26951619823768513,0.15845886511206492,1.2318015245869656,-0.23706977354262287,0.1906610246300088,1.188762614308145,-0.2518578849156088,0.1742010966590877,1.2129093831222018,-0.26164314684849577,0.1629426992523586,1.2270569532550257,-0.26918877275178554,0.15345779999697923,1.2387421854888134,-0.2373537873175464,0.1916091979759905,1.1856235216318378,-0.24936438567318017,0.17774400608796553,1.2098612289441562,-0.2571667166635716,0.1673373291377968,1.2232735309999696,-0.26300307338359274,0.15803340235210647,1.2342203171967652,-0.2390268880020791,0.1910606028011613,1.17965533057907,-0.24824199417215673,0.18248547510530236,1.1993420978731018,-0.25406645969591146,0.17509894882076424,1.2106985787221536,-0.2593260218407034,0.16770232337652627,1.2197722715643065
-0.2261096795578141,0.23730689727578497,1.1193035991646212,-0.25585507399731966,0.24099011509063759,1.1159574907170464,-0.2828598539228594,0.23731503627480008,1.1254617700792828,-0.3021273784964159,0.23050118209715792,1.1342425018722015,-0.31782381802189275,0.22341598112355152,1.1402315637575982,-0.28516868626351677,0.23022318086946494,1.1580698356421826,-0.3062238310767226,0.2216207059048631,1.1768150995136484,-0.31963111919001774,0.21423921732384577,1.1870904055482134,-0.330781977580515,0.20829635877983368,1.1946745323060093,-0.2803537764432953,0.22567875559373285,1.163681386002351,-0.30197601830628507,0.21327340409701762,1.1849244983451452,-0.31623939851348737,0.20406634801114507,1.1965194415197626,-0.32779308018168185,0.19588127955937298,1.2056277635861194,-0.2755139106006411,0.22105158795121854,1.1638414182127401,-0.29257092121683137,0.20957420205331398,1.186230979988252,-0.30453872448549235,0.20142354603396653,1.1980379115050381,-0.3147010750343304,0.19420181922890642,1.2072591660135517,-0.27136271973850135,0.21548893842408612,1.1609591485487893,-0.28333685675407494,0.20761919991363384,1.1794174004087252,-0.2917799962222337,0.20149773405038274,1.189843131945204,-0.2997905490485334,0.1956522447666982,1.1979896810405206
-0.25019216541472056,0.26155490429059597,1.0994717272941978,-0.27673670959278796,0.2732745036279843,1.09125046271227,-0.3048351481266986,0.279346242550317,1.0938403290678884,-0.32672388590200824,0.2804977778062097,1.0976250995925196,-0.3449087130356349,0.2804443029660469,1.0989503736932396,-0.31686115975866286,0.27477002706558623,1.120003948923455,-0.3436385458122053,0.2752464525055594,1.132310501290883,-0.3613648006559695,0.2735742426734288,1.1370861966140604,-0.3756825624482478,0.2716177964467439,1.1399762147141836,-0.3142367811633738,0.2656489682909161,1.1299438378886901,-0.34293010721209566,0.26145478601282635,1.1451683505648698,-0.3620364142390832,0.2575205248114415,1.1516588994257895,-0.3776149537901774,0.25311320331359616,1.1562772388659208,-0.30781688917711214,0.2543969687737471,1.135759268161251,-0.33183963679193795,0.24926772393154012,1.1536635391347585,-0.3486058242146128,0.2464963039563051,1.1614275156348377,-0.3627982964709394,0.24366644701044388,1.1669974242835082,-0.2993546013367565,0.24203503006983268,1.1376957403378787,-0.31571490479542197,0.2377701545560566,1.1538255608826902,-0.327518725931266,0.23488552470330354,1.1621804123876582,-0.33830097912167445,0.23187179402597746,1.1684545981717647
-0.2624352083610317,0.2634082277851477,1.09104254821904,-0.2874570850635834,0.2772956704881145,1.0815243736550566,-0.3145228892768076,0.2872672328017317,1.0804727764688915,-0.3361428037079884,0.29246510964485706,1.0810461341914965,-0.35394177050752035,0.2961443166029696,1.0795944572615321,-0.329158473161795,0.2847710748956269,1.1025578032958987,-0.3572086672115148,0.28972224454654927,1.1101327058756945,-0.3755322389539269,0.2913664958134822,1.1113018160930954,-0.3902633884722585,0.2917071604655502,1.1115371258055298,-0.3288411344125057,0.2748976489337983,1.113520757165249,-0.3599709601584896,0.2757310232385631,1.1236658716170476,-0.38035527919605927,0.27533975524095716,1.1263084178616471,-0.39705620491707266,0.2737753711146792,1.127749326908496,-0.32351079630175683,0.2609758059243878,1.1219049255305724,-0.35084705890083506,0.2602822302558623,1.135179418915104,-0.36902430198023084,0.2609198884582087,1.1394509954993073,-0.3842775420250047,0.26077842658501416,1.1422397045393673,-0.3139671899076064,0.24482141106639654,1.1265112793873977,-0.33300954857897674,0.243260534193675,1.1399638643744752,-0.3463460654231789,0.24256158259656202,1.14621715243706,-0.35827738974068496,0.24130147565134702,1.1507735319458499
-0.26801732767948205,0.2509819777006759,1.0914115233743409,-0.2928803226076504,0.2648576941265627,1.0814693403923898,-0.31981686114902214,0.27499822029361076,1.07930409449654,-0.34136004917618845,0.2805255037076046,1.0789761456384936,-0.3590611332577045,0.2844150335293521,1.0769785648553232,-0.3349280966707333,0.2730040152620286,1.1002966376937737,-0.36339120856805984,0.2782619790746024,1.1058564662791244,-0.38171285220232,0.28029647058384377,1.1058998386962189,-0.3964270724699713,0.280940085085955,1.1053941990171112,-0.33520705666887785,0.2629057728788318,1.1111697398271296,-0.36694088638686434,0.2641850876124034,1.1191704470577162,-0.3874513824078025,0.2642878175941967,1.1205724468623317,-0.4042587106522725,0.263448093429797,1.1210754549388209,-0.33038004167184887,0.24840759359799858,1.1195699129186931,-0.358615981740957,0.24795560435015512,1.1308167733180792,-0.3770178551147083,0.2487106703444259,1.1339578037454852,-0.39240605807614526,0.24881244310568662,1.1358685871863443,-0.32096691478347994,0.23153817796166332,1.124234162600514,-0.34086327668623934,0.22980291786325457,1.1363644329454299,-0.3545360772809292,0.22901802502699092,1.1418319089259799,-0.36670581799433466,0.2277387892424404,1.1457004914166369
-0.27495215645830917,0.24928237543102938,1.0833515724659042,-0.30009125062140707,0.2623385401030296,1.0730020056009162,-0.3274189556810321,0.27128362726141403,1.0704964874453367,-0.3492119399640548,0.27571257950452527,1.0700300318374676,-0.3671422237263534,0.27848556778459727,1.0682237624548754,-0.342607262378976,0.2692919954078445,1.0913119840802872,-0.37146326771706617,0.2733309315502251,1.095753218930915,-0.38984593914562043,0.27467388053573805,1.0954409025837768,-0.40456543512556886,0.2748622951835203,1.0947487124262627,-0.34285575487381315,0.25898508035949575,1.1018443421289754,-0.3748561652863169,0.2588736474462403,1.1088189551708885,-0.39537497032131974,0.2582555847049077,1.1099384382254904,-0.41217735491975754,0.2572737007039173,1.1103387032994438,-0.33806138195384366,0.24454959148670918,1.1094945804264185,-0.36654174312607124,0.24247268617711687,1.1199118721351196,-0.3849854442256996,0.24202719060027855,1.1228608658454824,-0.4003792898790389,0.24142560416986164,1.1246288735386438,-0.32893254578507586,0.2281734928161534,1.11334454516666,-0.34895210045464037,0.22479325346506313,1.1249122249676013,-0.36258915943820325,0.22292884088198078,1.1302046170981346,-0.3747266772732739,0.22091951363295376,1.133858139853048
-0.2844948898994353,0.26615451585913236,1.0606546479625738,-0.3096375273228816,0.27870438793486096,1.0497047840432225,-0.3370855194542521,0.28701215717340767,1.0464360889579984,-0.3589602301120188,0.2909112392919969,1.0454057710277305,-0.37695034311352477,0.29311014818714254,1.0434138416252794,-0.3526153522718039,0.28528609428929186,1.066532718629806,-0.38173710856170157,0.2887783287657253,1.0694368923825215,-0.4001096273153967,0.2898773596192836,1.068404251033062,-0.41480098232750456,0.289906293495484,1.0672460455519852,-0.3531317069474671,0.27479375625674685,1.0768217306116346,-0.3854307851874837,0.2741184189760927,1.0822066517206113,-0.40597094832370684,0.27332674383856453,1.082569353719755,-0.4227889426411945,0.2725567069253825,1.0824884413972211,-0.3485225703499985,0.26014921331688107,1.0841710875151493,-0.3774161801474551,0.2572581266889628,1.093158045047702,-0.3959273148890739,0.25621432241297853,1.0954631488796893,-0.41135563991906116,0.25534403157464264,1.0967545132980283,-0.3394678437093153,0.24376291302666897,1.0877772628910096,-0.35978498884327426,0.23930500263681032,1.0984243494303916,-0.37350048826615223,0.23681949910609135,1.1032370590875678,-0.3856925049915745,0.2344404143760892,1.106461907568583
-0.2901921665700847,0.2836297079558732,1.0357426519802173,-0.31504698754784277,0.2962155914278002,1.024193433955995,-0.3423012694498952,0.30464396234653573,1.019804544462677,-0.3640670821108959,0.30879155509409234,1.0178515374548596,-0.38196395671174654,0.3111599679006435,1.0152942636760773,-0.358343818536978,0.3033156118729011,1.0387064203545349,-0.38755993774042286,0.30706364414267484,1.0397443264328403,-0.4058303104651053,0.30843966163182307,1.0377136322906066,-0.4204496281054374,0.30869170976590843,1.0358723792752516,-0.3594348828194992,0.2926223274097583,1.0488423745831963,-0.39201954797847444,0.2923569992892679,1.052136780206856,-0.4125583132104026,0.2920043138952064,1.0513053118149263,-0.42936686342549074,0.29183637195764744,1.050362511896006,-0.3552266465372693,0.27745441062319026,1.0562612428183855,-0.38470046990822127,0.27476608080541703,1.0631916896581288,-0.4033212605081128,0.2738302210926906,1.0643981159916693,-0.4188080915441244,0.27319432149861167,1.0648584828056906,-0.3461551508673612,0.26051329751410646,1.0600905825981723,-0.3670511575513683,0.25574782042543026,1.0694000904259087,-0.381006058297396,0.25317018391427304,1.0734090007079335,-0.39336117836410694,0.2508062136139308,1.0759521515621433
-0.29376200655516027,0.28981276646743265,1.0191301519001295,-0.3183732466927638,0.30239026551776604,1.0070618296428966,-0.3454653322277323,0.3107709712186211,1.001687972308868,-0.36712982865573085,0.3150086228266592,0.9989568065987585,-0.3849536234759379,0.3174034440581176,0.9959527562734525,-0.36191362673845917,0.3097167618815304,1.01952262453682,-0.3911327515541905,0.3135253323903799,1.0188561773038132,-0.4092807032436931,0.31503690627291103,1.015994245054144,-0.4238140537293649,0.3154406890952308,1.0135865755813138,-0.36346823950590446,0.29883911163064886,1.0294543889821317,-0.39619057002578373,0.29876841086969325,1.0308429125496077,-0.4166643606941077,0.2986866710844545,1.0289790943708732,-0.43341336993234886,0.29899904145982215,1.0273005382054283,-0.35959326486409393,0.2832798331181916,1.0367992396821906,-0.38945471255469855,0.280612533503067,1.041813611955382,-0.40810982690025244,0.2796154724149772,1.0420538585081163,-0.4236053436867035,0.2790946905988813,1.0417782006476968,-0.3505640766096343,0.26600456605767514,1.0407111666890974,-0.37189344386054224,0.26082896889610824,1.0487293391686918,-0.3860008400072567,0.25804350248410485,1.051996964803878,-0.39845650227008,0.25560382489765954,1.0538968107396547
-0.29735279456217295,0.29124007787736444,1.0062748464491174,-0.3219424766978265,0.3033315984290352,0.9936774781210739,-0.34899624811221003,0.31119465594096457,0.9874036078524706,-0.37063006515461616,0.31507921980233367,0.9839895945911327,-0.3884553147525798,0.3170690507902428,0.980711150098647,-0.36567193595419445,0.3104728812106496,1.0043878919653622,-0.39486568971679165,0.3138696252846284,1.0021757691890951,-0.41289908838299927,0.3152847552213824,0.9986236427645024,-0.4273581519320004,0.3156199110254808,0.9957949785797143,-0.36748616372862586,0.29942614306987825,1.0141057184657112,-0.40023385722411997,0.29898729317677386,1.0138230659515637,-0.4206133399495014,0.2988802631810389,1.0111171774926437,-0.43729048454550706,0.2995091470090371,1.0088986667828546,-0.3637461471474892,0.28367518078273357,1.0212189260849756,-0.39377355422230964,0.2804277718702234,1.0246501990889325,-0.4123936645861156,0.278985123012019,1.0241254183949466,-0.42786183540545086,0.27829536935838994,1.0232779676079715,-0.3547323804600474,0.2664363622219022,1.025020634787238,-0.37623300579662683,0.2604518993497051,1.0319437206225273,-0.39035661942760785,0.25716483625122477,1.034622074716712,-0.4028169122734722,0.25441952813816116,1.0360038667671523
-0.2993447891061405,0.29566284207172056,0.9914534707736171,-0.3239998544850223,0.30697556767592743,0.9782739026417194,-0.3509748134155256,0.31419631159520794,0.9709726618379437,-0.37254207583030685,0.3176356825513515,0.9667546905099297,-0.3903593455630862,0.31911801539789364,0.9631777172808011,-0.36778709287580896,0.3140321174713294,0.9870731536826572,-0.39687076932419096,0.31694956222802145,0.983287008338111,-0.4147483308949042,0.31830671643644726,0.9790004494538223,-0.4291224085624738,0.3185315530038046,0.9757579922186329,-0.36983680183065876,0.3028250728497199,0.9966112108643306,-0.4025147063121703,0.30194137722789255,0.9945968743253111,-0.4227526016898567,0.30184511631177846,0.9909809472734928,-0.4393276584857455,0.30285540985989456,0.9882076395598877,-0.3661710468403724,0.28689994848412215,1.003540382080638,-0.39625453057570825,0.28296032347460465,1.0053918236378783,-0.41479053998206006,0.28104374537141774,1.0040471213930688,-0.4302037020627033,0.28015673482051906,1.002595953451861,-0.3571070407417364,0.26974883717729614,1.007297472946807,-0.3786810566765673,0.26290813154325227,1.0131100787383147,-0.3927730923596412,0.2590848295485114,1.0151720483376163,-0.4052005575480481,0.2559963116922512,1.0160230067111615
-0.29894824519368557,0.30068902122407987,0.9772365231407981,-0.3233323332894018,0.3118757563178815,0.9634588516663507,-0.35008647477210064,0.31883806445850676,0.955161993935643,-0.3715066845989225,0.32217194406982275,0.9501793018442005,-0.38925206837303805,0.32349882888473197,0.9462059052773103,-0.36719449721853514,0.31895599531431384,0.9701843501444057,-0.39604023889918893,0.32179473817762927,0.9648391333965538,-0.41372819277388695,0.32319241794725195,0.9598384893063683,-0.42798064502626637,0.32350507314409355,0.9561037817249225,-0.3696196109201447,0.3075836637052279,0.979482778230614,-0.40213869617371906,0.30675528136621216,0.9756740004846137,-0.4221818481813733,0.3068375276861274,0.9710999544565168,-0.4386038470807611,0.3082615759364055,0.9676743924232102,-0.3661795158226329,0.29140159722588305,0.9863101363587123,-0.3963063471130748,0.28735950946783934,0.9863162733968024,-0.41473455652646507,0.28526788772225187,0.9840598698968067,-0.4300680424272129,0.28442417706249873,0.981907986096654,-0.3571583174810108,0.2741786228236413,0.990191523314499,-0.3788794262375412,0.26684545455807257,0.9947123507599217,-0.39297925802532846,0.2627335268326012,0.9960320554242547,-0.4054022280681067,0.2595187069689832,0.996231334805358
-0.2978589562010319,0.30181290785241854,0.9677029346737632,-0.3213181560495442,0.31428579836694837,0.9534325467933845,-0.3477857680204033,0.3216214814077993,0.9445584868313887,-0.36905095134502014,0.3253528482965402,0.9392072026791507,-0.38666401588681343,0.3270904249123083,0.9348245169921071,-0.36556130336285586,0.3210540049104277,0.9583681194850325,-0.3940970465535915,0.3243131432915097,0.9517502653163545,-0.4116539869601357,0.3256736463302504,0.9462980604989254,-0.4257504582234858,0.32632710640811435,0.9420506286812785,-0.36847839974636115,0.30954135980350134,0.9672682919444047,-0.4008005309867543,0.30938181291067796,0.9619826237922171,-0.4206700924169656,0.30962540271611955,0.9567102622241943,-0.4369391243559608,0.31121402054741004,0.9526804570590891,-0.36548525576044566,0.2931014430146147,0.9739818231114958,-0.3956402263857918,0.2897859017509539,0.9720714808847776,-0.41398059315895835,0.287844225041189,0.9690838432485073,-0.4292293685185957,0.2873060838748745,0.9663191560055071,-0.35675121711775637,0.2756714590100985,0.9780649820142752,-0.3787022720672565,0.2683355768978807,0.9812830285420808,-0.39286491984715044,0.26427315434224935,0.9818920911879743,-0.40532926323615054,0.2612505587081708,0.9814349006096041
-0.29752462649053596,0.3003661867739308,0.9620535877679963,-0.3196589282266412,0.31490270069140547,0.9476205189550773,-0.3458987759501661,0.32295573926683385,0.9386922139382348,-0.36705526271854255,0.32734992047810474,0.9334138049101305,-0.38449668945688564,0.32984236396561484,0.9287200316227812,-0.3646406201272092,0.32091168812338544,0.9513628359569587,-0.39293259879657977,0.3247126570834553,0.9440264067049986,-0.41047811580912585,0.3258526419899019,0.9384875503696082,-0.4244377076815696,0.32688053377558707,0.9338776238594456,-0.3679592971988606,0.3093581023970842,0.9597894530215016,-0.4001369909642004,0.3099666505407577,0.9537141255366576,-0.4199418381690613,0.3101518672274859,0.9482013833970964,-0.43613863513899087,0.3115280053175633,0.9438179545580978,-0.36544524252466337,0.29281541222447943,0.96634382936741,-0.39557201253829843,0.2904817666559078,0.963042874715262,-0.41387830340783716,0.28875714388224466,0.959730695469874,-0.4290753268026834,0.28852486308903513,0.9566558349844574,-0.35713012411652006,0.2751948724148845,0.970576225548817,-0.3792676557891176,0.2680822689008683,0.9728914719531112,-0.39349842749807123,0.2642214038474847,0.9730750041619081,-0.4060123472819394,0.2615098779046449,0.9722064407415231
-0.29795724865928486,0.29990253030276665,0.9572627957328863,-0.3193068824638832,0.3157167180321573,0.942991999383506,-0.3454568669708247,0.32422088486083056,0.9342197062875305,-0.36655669710109984,0.3290696354274209,0.9291153797714784,-0.3838604325228855,0.3321309677418019,0.9242516226029693,-0.36488389479615513,0.3208475028704055,0.9461678165605484,-0.39312542099390824,0.3247401227444548,0.9386864848094275,-0.4107341063129523,0.3255393598194234,0.9332902746799531,-0.4246589236433074,0.32666410731576484,0.9285985165251572,-0.36829763445243086,0.3093988499606142,0.9542505324738587,-0.40044946750230886,0.3101740491413924,0.9480583915912438,-0.42028377135309897,0.31005591228876433,0.9426507083197488,-0.4365003558522639,0.3110081017080229,0.9382280214660428,-0.36599525595869953,0.29297972062901373,0.9606590761510994,-0.3960932952731254,0.29097983533615046,0.9569076813501789,-0.41440138104783614,0.2892384080134378,0.9536142687415435,-0.4295993035627205,0.28902192130166193,0.9505427013614639,-0.35792649451836495,0.2753283611794853,0.9649338798505173,-0.3800940971703403,0.26822729692669783,0.9669813373854541,-0.39434156407460885,0.26442567225996233,0.9670916241457662,-0.4068757741128414,0.2618337251185264,0.9661533531590658
-0.29859280905520447,0.30113968361842647,0.9521328019172947,-0.3201556833287423,0.3168665348889504,0.9380878872591429,-0.3463394874976203,0.32529954177053705,0.9293478378596344,-0.3674251532395481,0.3301904643212923,0.9242252467586238,-0.3846840917825297,0.33336978082543084,0.9192787191061638,-0.3657874974931245,0.32122798023855087,0.941073842361515,-0.3941300389057739,0.3246154260121131,0.9337299895827638,-0.4118006130869601,0.3250643744364351,0.9284980763812607,-0.4257885598415948,0.325950772309088,0.9239450736799397,-0.3690140503002122,0.3099806671895147,0.9490167978219046,-0.401210051579198,0.3101884380128363,0.9430119461271677,-0.4210890275860416,0.3096433001890107,0.9377979513440294,-0.43736376834014107,0.31018643556078634,0.9335221761079551,-0.36659918847747885,0.29382473047248253,0.9553350308409752,-0.396685979081904,0.2912761168965511,0.9518344487928345,-0.4149865157286957,0.28922442664511405,0.9486807103736306,-0.43020773632973325,0.28871054671553215,0.9457637578084184,-0.35848085045073574,0.27630024356248567,0.9595806528865783,-0.3805142891377668,0.26884164281609435,0.961798006657682,-0.39471002724207277,0.26485673399040266,0.9620353835506978,-0.407221378614531,0.26211156536951885,0.9612384520675612
-0.29907254061344163,0.3023634576291761,0.9477020128751764,-0.3212018927451641,0.3174503523389731,0.9338373669070287,-0.3474451533176627,0.3255868691769786,0.9249951931022632,-0.36852365268285253,0.3303410006183328,0.9197167026441904,-0.38577768604428286,0.3334309903607635,0.9146969969720641,-0.3666424108599046,0.32114291035204257,0.9366290190555544,-0.39508967628271047,0.32382680145772214,0.9294001578222869,-0.4127963193675034,0.3239561521374492,0.9242735876825176,-0.42685893253838675,0.3244988746600766,0.9199001962905992,-0.36961973022672817,0.3101030386125685,0.9445056689664544,-0.40183938087223436,0.30950369979299897,0.9386559838289321,-0.4217384400151373,0.30853499882752256,0.9335819649490934,-0.4380616405577941,0.30874534082238425,0.9294645243843672,-0.366991913067562,0.29422244131869607,0.9507537583764132,-0.397034012002067,0.29081332049106934,0.9476209223606333,-0.41530169567039904,0.2883450720249923,0.9445771379778891,-0.4305325539197178,0.28743581860129475,0.94181083057707,-0.3587113752302269,0.27687461116954426,0.9549527976778888,-0.3805431498818959,0.26891034761245375,0.9573949124924284,-0.39465245682450417,0.2646394945542098,0.9577718716660991,-0.40711396241155606,0.2616370777790956,0.9571383610320928
-0.29953124161708067,0.3022027990694081,0.9453902461639214,-0.3219977268147362,0.31693402115829694,0.9316862626478885,-0.34827051968664907,0.3248766742178952,0.9227559610623144,-0.3693307758028998,0.329573829172351,0.9173550620244039,-0.3865578179870933,0.33266135155072724,0.9122420030547167,-0.3673591116278485,0.3199376650728509,0.9341732510464258,-0.39586260068459944,0.32205227223595506,0.9269769906029749,-0.4135946445218327,0.3218707143211437,0.9219405910550268,-0.4277031618703379,0.32214638819688945,0.9176918346088964,-0.3701554297718498,0.3090805792016038,0.9419342544904262,-0.4023687209567707,0.3078403410304732,0.9361506923301631,-0.42227239813076617,0.30648826012037,0.931183588939642,-0.43862387982636225,0.3063806542788314,0.9271758584277312,-0.367388332124744,0.2934423247592092,0.9480920621140707,-0.39736698523631675,0.28936802552889707,0.9451518379546611,-0.4155955673681531,0.2865475865265333,0.9421804649114343,-0.4308229346691132,0.2853147771814906,0.9395223250288094,-0.3590121888328732,0.2762415173169192,0.9522513347529271,-0.3806711374688023,0.26785172363473253,0.9548049810032868,-0.3947045105526004,0.2633455851490534,0.9552675632157344,-0.40712157764749446,0.2601448790114007,0.9547413610755786
-0.30011420191039784,0.3007953298849766,0.9451620369677377,-0.32274619168294916,0.31543597558611725,0.9316344518925979,-0.34903521602258525,0.32329049623336575,0.9226740180863106,-0.37007409942557457,0.328012985861591,0.9172122564993614,-0.38725459675417073,0.33119274233349055,0.9120000775690129,-0.3681315096085897,0.3176980231404813,0.9338081294455047,-0.39667425108843046,0.3193450508682918,0.9266453210080727,-0.41443207351149264,0.3188447373839584,0.9217226092008522,-0.4285732826059395,0.3189079004804885,0.917575272107277,-0.37078402008065175,0.3070198239744654,0.941412881912597,-0.40298573850233643,0.3052651732390752,0.9356984753437061,-0.4228914550085437,0.30354386855570115,0.9308553188845645,-0.43926108655954954,0.3030982438910386,0.92694622460875,-0.36793058112224786,0.2916153530654531,0.9474635990287967,-0.3978480544697884,0.2870364946134286,0.944645209686417,-0.4160415756115645,0.2839227123928251,0.9417529287160461,-0.43126256950946945,0.2824213012495384,0.939198452101565,-0.35951374507365547,0.274536908381547,0.9515835119299804,-0.38102653820458593,0.2658006292603106,0.9542097187072721,-0.394998124829068,0.2611140198291757,0.9547438401345257,-0.40738106589144313,0.25777094926501376,0.9543061032731706
-0.30040709418096456,0.29957483025823783,0.9451217720308719,-0.32326386852076583,0.31404045752611576,0.9317851862570474,-0.34957746029701114,0.32178190577558513,0.9227984996508066,-0.37059842454793196,0.32650934931537956,0.9172724067900675,-0.38773839437446916,0.32975875791131176,0.9119705272174508,-0.3686329037267167,0.3155608482915185,0.9336914377798539,-0.3972179620225913,0.3167105749837521,0.9266006559479848,-0.41499817965443736,0.3158927230549918,0.9218028813059889,-0.4291738176486166,0.3157239755208617,0.9177778346074918,-0.3711253833908457,0.3050694455213316,0.9411523306529813,-0.4033111639655084,0.3027598772919202,0.9355465002648392,-0.42321455750248554,0.30066626141817593,0.9308424273262417,-0.4395988114932764,0.29988370425748173,0.927049241070579,-0.36816613561549144,0.28990865137856736,0.9470985728487661,-0.3980108364227567,0.2847789792912921,0.9444632791817221,-0.41616453623819616,0.28136078223061456,0.9416660926790983,-0.43137451030634966,0.27957431365757757,0.9392322766797213,-0.35968639368571687,0.27295881540369543,0.9511714143372274,-0.38103618941704964,0.2638640993018405,0.9539085961858588,-0.39493934580573503,0.25898899728698277,0.9545334555627959,-0.40728291943829253,0.2554915107080019,0.9542036960769706
-0.30005245562339083,0.2996873928337483,0.9436958325544255,-0.3232082480228233,0.3138457519689289,0.9305466435859004,-0.34955075066782243,0.3214280695927413,0.9215091282650435,-0.37055497086112055,0.3261235254109212,0.9158928313091379,-0.3876638652183789,0.32939834081744596,0.9105068804361893,-0.36849891326079987,0.3146486483804616,0.9321975861150799,-0.3971200566559768,0.31526559675588384,0.9251864420082075,-0.4149145312633624,0.3141409231418007,0.9205050485150839,-0.4291226801812345,0.313718909738658,0.9166154986423461,-0.37081988608985367,0.3043426875451034,0.9395337769518298,-0.4029762393642378,0.3014277096474699,0.9340423510079997,-0.4228685724445226,0.2989665474690108,0.9294713150990888,-0.43926232331410625,0.29786651314677354,0.9257998993734357,-0.3677316551320579,0.2894251787606369,0.9453820614585249,-0.3974825098742642,0.28367818195596217,0.9429689422022695,-0.41558638331957026,0.27993444271973006,0.9402672162219726,-0.43077688277648735,0.2778420085881245,0.9379588213057013,-0.35915704873508053,0.27261114144830256,0.949402797821531,-0.38032052163567376,0.26312965838451297,0.9522713683562011,-0.3941432426110576,0.25804405786211027,0.9529951629594421,-0.4064376588930968,0.2543688194933225,0.9527832315376773
-0.2995276687163811,0.3003255481479834,0.941727454837627,-0.3229613337186925,0.3141935586102734,0.9287623996524916,-0.34932865089503184,0.32162250248916635,0.9196700376331114,-0.3703146291449594,0.3262899817600708,0.9139629615940882,-0.38738996624236643,0.32959430362298164,0.9084892545397547,-0.3681694276881191,0.3142877480989667,0.9301372736648327,-0.3968121093998587,0.31438996865681285,0.9231879606376278,-0.4146131249309833,0.3129642828068449,0.9186146764515719,-0.4288457235875704,0.31229813091298947,0.9148506936763452,-0.3703306265717104,0.3041634889921373,0.9373416755992747,-0.4024453726178176,0.3006645460156729,0.9319486805697249,-0.4223188753965933,0.2978484983754108,0.9275022924944449,-0.43871442233738445,0.29644286604513725,0.9239449515241341,-0.3671235305779494,0.289482069822747,0.9430871933180917,-0.3967686487516797,0.2831383362599177,0.9408762008578813,-0.41481696316698924,0.279075904776604,0.9382646615273933,-0.42998124330681436,0.2766867748657438,0.9360749337942922,-0.3584592753923173,0.2727979595757015,0.9470513040592081,-0.37943357309640297,0.2629394153397744,0.9500358885502396,-0.39317381491283465,0.2576480410960029,0.9508494854423147,-0.40541705826014135,0.2538013441322676,0.9507451853041009
-0.2995536398218187,0.29995736600133543,0.9408738444015249,-0.32322730768468183,0.3135937651328157,0.9281005482637947,-0.34961807079771284,0.3208865154912671,0.9189660486143297,-0.37058574994745147,0.32553873074362677,0.9131797987851851,-0.387622211941271,0.32888988352535525,0.9076142002866306,-0.36836516989459234,0.31297222244145984,0.9291882446004736,-0.39701861239573405,0.3125839431748293,0.9222936026027032,-0.414820670087595,0.3108563603945939,0.9178297632236873,-0.4290708900533257,0.3099593936290236,0.9141821789892757,-0.3703780427932754,0.30303523647693026,0.9362419605961496,-0.40244398759502503,0.2989898313078835,0.9309416028783484,-0.4222929884440618,0.29583006283660057,0.9266184521258248,-0.43868296892148845,0.2941214522280978,0.923169738415942,-0.36707013282699824,0.288592468680398,0.9418702042258047,-0.3966053056170686,0.28169954945966263,0.9398390204362824,-0.4145956735360866,0.2773363816879772,0.9373142294350975,-0.4297291943088088,0.2746673857493538,0.935237874182167,-0.35833629950624113,0.27203420942350975,0.9457669023106248,-0.3791282651655914,0.2618264941364233,0.9488517873739022,-0.3927904232433528,0.2563492202194879,0.9497460656088934,-0.40498541612147365,0.25235083737168823,0.9497392087864619
-0.30013820095070215,0.2985452112753987,0.9414360213465508,-0.32404925133531165,0.31194627746995346,0.928857304403628,-0.3504642594491868,0.3191020285066776,0.9196846143527642,-0.3714141709290575,0.3237368612652161,0.9138205801567597,-0.38841308851974676,0.32713166036111446,0.9081673254549177,-0.3691121006623595,0.3105935817834206,0.929671484445709,-0.39777138298379755,0.3097195040163899,0.9228459338371617,-0.4155710616937897,0.30769526695538374,0.9184988009348379,-0.4298361016985973,0.30657073592254924,0.9149742792914363,-0.3709766339620891,0.300844274771067,0.9365724417955972,-0.4029861745594185,0.2962601723620695,0.9313705933934422,-0.42280547325810863,0.292766136796096,0.9271701507403359,-0.43918430372510353,0.29076175016885347,0.9238293748878401,-0.3675665050752549,0.28664378331672413,0.942076542356861,-0.3969838677779518,0.2792178978072338,0.9402219613455188,-0.414913028825983,0.27456558847894896,0.9377793515746207,-0.4300109490711721,0.27162404850834865,0.935815073512216,-0.3587602578171068,0.27021511945662313,0.9458976482738014,-0.3793692416535081,0.25967191483065494,0.9490804810782956,-0.39295370791846296,0.25401802757519665,0.9500554998798217,-0.405099807270757,0.24987451632240534,0.9501479592395733
-0.3009706493680979,0.29693528541588365,0.9430748723164136,-0.32512058832193197,0.3100746494493206,0.9306777522113547,-0.3515548263110419,0.31709882514972076,0.9214588755449764,-0.37248524020646573,0.3217193790466729,0.9155144984861453,-0.3894497816575091,0.32515346554517066,0.9097822622595823,-0.37009947123908876,0.3079827975605201,0.9312374374605618,-0.39875985884748066,0.30663225802196586,0.9244946753170419,-0.4165541896295261,0.30432619357802293,0.9202676762481874,-0.4308316758392163,0.30297751836202885,0.9168746463498154,-0.37181675972594314,0.29840055287546785,0.9380048300138066,-0.40376049161890337,0.2932724115714294,0.9329073727590816,-0.4235453463296886,0.28945285091113504,0.9288297405586898,-0.4399087512933236,0.2871657237142336,0.9255967135411831,-0.3682910728889974,0.2844258412471262,0.9433986550967054,-0.3975770148821514,0.2764572079320375,0.9417256460193285,-0.4154405949669927,0.2715179976078849,0.9393672888811031,-0.43049779764906276,0.26830591628113576,0.9375175801536043,-0.3593844365692049,0.26812112878568295,0.9471515880362369,-0.379797632629699,0.25723435070606204,0.9504378157910286,-0.39329627620582297,0.25139375200314934,0.9515002916075819,-0.40538676477273106,0.2470942816275132,0.9516993001840384
-0.30210111706974,0.29472513393987115,0.9459806154301025,-0.3264800873587599,0.3076073412638593,0.9337631865809043,-0.35292903348222043,0.3145116570702733,0.9244960758376106,-0.37383868437355605,0.31912773438560776,0.9184756362699984,-0.3907654014138762,0.32261055697718766,0.9126615717783566,-0.37136309740724044,0.30480668658368987,0.9340597606855287,-0.4000139910229526,0.3029977043413641,0.9273843959388917,-0.41779603291725387,0.3004151659749678,0.9232669763605671,-0.43207916857422185,0.2988464954847492,0.9199944394402034,-0.3729438244311037,0.2953799890825558,0.9406980337725592,-0.40481342118171176,0.289715644628056,0.9357052473960289,-0.4245592770586499,0.28557521421198817,0.9317537140755177,-0.44090285698025056,0.28301188775874697,0.9286294238593225,-0.36930731651188714,0.28161189280166077,0.9459913451476254,-0.39844848895489143,0.27309298045515695,0.9445132802676616,-0.41624104783330573,0.26785990163127615,0.9422538832139358,-0.4312522186633551,0.2643769712706764,0.9405240890500363,-0.3602916871364622,0.2654126552910421,0.9496795232848665,-0.38049529942108395,0.2541746538562269,0.9530767541600387,-0.393899783973065,0.24813749564801016,0.9542288570760677,-0.40592922250482616,0.24367587717284883,0.9545314011285473
-0.30354645540105524,0.290636230912788,0.9500161237173782,-0.32816057111893815,0.303269671990519,0.9380122701886768,-0.35463367961028935,0.31003188677253457,0.9287094401154181,-0.3755263499295088,0.314626714443203,0.9226142577247742,-0.39240980426548816,0.31815463175044756,0.9167024121551911,-0.37292089150895225,0.2998034416170101,0.9380112803431676,-0.4015480471452307,0.297532018251978,0.9313755277629678,-0.4193072853346908,0.29465864813740494,0.9273534803436472,-0.4335869871766982,0.2928663325870918,0.9241823749419217,-0.37437278956356546,0.2905705341286843,0.9444799008581245,-0.4061616666655786,0.2843910118257341,0.939584524708358,-0.42586295305898436,0.2799353295292093,0.9357553193542846,-0.4421810941218361,0.2770949752643354,0.9327395115988842,-0.3706543100054203,0.2770339348568116,0.9496368558195621,-0.39964616871885517,0.2679893298454036,0.948359466592445,-0.4173622322230386,0.26246304486805244,0.9461992793945345,-0.43232145585498577,0.258711133188563,0.9445858890158978,-0.36157294569865195,0.2609431676427685,0.9532245790983566,-0.3815748918297556,0.24938135934172656,0.9567269415858554,-0.3948930390699794,0.24317055504331075,0.9579548220845032,-0.40686765715500833,0.2385703299517939,0.9583439422922645
-0.3051998568075516,0.28446456160482586,0.9543960331909146,-0.33006231844485356,0.29682690744692314,0.9426239716811189,-0.35656976012602837,0.3034118705106111,0.9332917979636044,-0.37744879588344704,0.30795462492755343,0.9271114572841814,-0.39429510370024,0.3114997931384337,0.9211047240473147,-0.3746864490886842,0.2926518745084148,0.9423317137986745,-0.4032857815067325,0.28989972865919156,0.9357582447982818,-0.4210200003922898,0.2867359825292899,0.931845208474244,-0.435295212181425,0.28472045883316327,0.9287900191506399,-0.3760008484870682,0.2836448243279789,0.9486019587602322,-0.4077021154702429,0.27696501282096514,0.9437963681784718,-0.4273541657077507,0.2722123311725874,0.9400727217750301,-0.44364197278848,0.26910616293750417,0.9371566463454585,-0.3722046996971293,0.27038221602054224,0.9535780943660898,-0.4010515912729682,0.26086470500878267,0.952465302713288,-0.41869133062606073,0.2550765329744638,0.9503672558784296,-0.4335952862774742,0.2510722451457235,0.9488519914261055,-0.3630827030776121,0.2544361476955034,0.9570259066314334,-0.382907824774236,0.24259692306820088,0.9606060062325307,-0.39615658621769934,0.23625146604388036,0.9618945409938625,-0.408085892317435,0.2315423948355474,0.9623649323677962
-0.3075740169241028,0.2764811974233816,0.9597470936947764,-0.3326490967457771,0.28856522491943737,0.9481381455517458,-0.35917029668551437,0.29502110660234954,0.9387550109594253,-0.3800279506850508,0.299544398049885,0.9324887946463524,-0.3968492678391787,0.3031106518107222,0.926424780118499,-0.37717292120857787,0.2835714214142159,0.9476356260717389,-0.4057549569971375,0.28037085944890155,0.9411912293179511,-0.42347470988105573,0.2769619704566916,0.9374211502869196,-0.43775300075173096,0.2747457825798181,0.9345233735004557,-0.3783430377326058,0.2747067039117951,0.9537787976986543,-0.40994870031212854,0.26752223681441467,0.949072478926697,-0.4295506434920424,0.2624915597842925,0.9454513304740302,-0.44580700585833954,0.2591463383009433,0.9426256248351456,-0.37441623896815357,0.2616658487115342,0.9586276087714604,-0.40310952878663614,0.2516816739872692,0.9576397579843351,-0.42067671641583926,0.24566113246159346,0.9555874083544823,-0.43552609707014767,0.24142624040323937,0.9541662029250262,-0.3651608468648543,0.24585786685142608,0.961986381662392,-0.38479407155767215,0.23372380363121362,0.9656361489350639,-0.3979583040190224,0.22722102282688336,0.9670042322581206,-0.40982775916915903,0.2223748895135459,0.9675838787532077
-0.3111094345850282,0.26555217544281373,0.9686414694287644,-0.33633568881670595,0.27741523043654015,0.9571325576978085,-0.3628396295162884,0.2838424741963876,0.9476812438013491,-0.38366604766249274,0.2884278122109093,0.941356503074807,-0.40045116388826363,0.2920799007031626,0.935243461948447,-0.3807853537299555,0.2716676826078218,0.9564417454463168,-0.40934684813793737,0.2680988070705541,0.9501005483341889,-0.4270493465616368,0.26447235356468235,0.9464544481082989,-0.4413253056205937,0.2620741196189609,0.9436933512092475,-0.38183714834606386,0.2628343774334323,0.9625400129934913,-0.41334081112001636,0.25514257381357897,0.9579531513380728,-0.4328907852113634,0.24982287655579333,0.9544666146554338,-0.44911446595187826,0.2462428237557888,0.9517426760192534,-0.3777558482400842,0.24989124657150494,0.9673681644612404,-0.4062595674569958,0.23936243973868768,0.9665639927193883,-0.42374430113574013,0.23306826674578748,0.9646319950527222,-0.4385342039189576,0.22859067681725956,0.9633404047422536,-0.36826901514432725,0.23412791079946974,0.9707256264421114,-0.3876410497337767,0.22161658733445347,0.9744953564369996,-0.40067243769894456,0.214875897452557,0.9759788840174095,-0.4124510501090607,0.20982896325782824,0.9766843686999842
-0.31423907103492704,0.2508089850767179,0.9820222781087721,-0.3396622176591746,0.2624764228521893,0.9707490559849132,-0.36618144407692843,0.26880219864701027,0.9612721967941025,-0.38698979186716104,0.27340353332909895,0.9548997762061253,-0.403706094163464,0.27715213772329206,0.9486579534342975,-0.3839484182213428,0.2562620267555037,0.9697000358973565,-0.41244753192912853,0.25230958121046876,0.9633058738477381,-0.4300958608758666,0.24839267580537777,0.9596978273175696,-0.44434074391952766,0.24578134334981144,0.956969743910432,-0.38491952818488534,0.2476052089796701,0.975616617619235,-0.4163195610877981,0.2394424568685605,0.9711342831141105,-0.4358082282139286,0.23381270367806703,0.967794472253114,-0.45199012980363146,0.22996344518731238,0.965191837717269,-0.3807997329073691,0.2348266230062066,0.9803273310645074,-0.4090995380944648,0.22374428385556064,0.9798103590805437,-0.42647870751171707,0.21711394752965316,0.978058716697816,-0.44119335115676517,0.21235710001898545,0.976914205625491,-0.37124878937053474,0.21908298245873467,0.9835710007193751,-0.39036440409332945,0.20622800154116933,0.987490508672442,-0.4032786789150542,0.1992834340494936,0.9890555373133897,-0.4149876078542024,0.1940859429040979,0.9898249738621198
-0.31456148040932785,0.23524364622464528,0.9961927571322009,-0.340316349565615,0.2465882840964783,0.9853513120313,-0.36692527692469395,0.252566031530694,0.9759000057862948,-0.3877394072043515,0.25698652802510197,0.9694193766339427,-0.4043981087385022,0.2606884576963643,0.9629982763555193,-0.38432069722695905,0.239891478863964,0.983822804724402,-0.4127279384043233,0.23540212865723145,0.9773744716339883,-0.43030234962332364,0.23112992986456143,0.9738090754274007,-0.44450597012593085,0.22826902250620695,0.9711163884975469,-0.3851821122441757,0.23170909959550473,0.9893183822597034,-0.4164768477992882,0.22312581826513156,0.9848854690994322,-0.4358990936606187,0.21723188098990165,0.9816152285847441,-0.4520306862674065,0.21311797053353868,0.9791068631328406,-0.38112550549750207,0.21939242974498607,0.993623719976136,-0.4092891413905945,0.20796161343897107,0.9932912646119616,-0.42657502981064405,0.2010847189575979,0.9915674536342638,-0.44121271173175647,0.19608143741710307,0.9904887121276664,-0.3717869643648929,0.203871582048372,0.9964814505982786,-0.3908071784344672,0.1908887740649528,1.0004435153161606,-0.4037230286915286,0.18394333330835352,1.0019915758118125,-0.4154407066494156,0.17876520630270815,1.0027583793718373
-0.3125874436790588,0.22341453997815713,1.006327909780749,-0.338605264796096,0.23432134659396717,0.995666503712902,-0.3652529077060007,0.2400381970288878,0.9861630086833961,-0.38605010724766614,0.2443167109070819,0.9795344211276495,-0.402737216500912,0.2478963438563386,0.973117742734642,-0.3824518117832054,0.22643023328506381,0.9940461320140499,-0.41083846084241776,0.22139364948128867,0.9879193388064067,-0.42841252388670753,0.21692518101101868,0.9846013936630841,-0.4426289342506196,0.2138830588701496,0.9821894735893123,-0.3831136826482587,0.21846499386744378,0.9993583114658133,-0.41428606117928635,0.20941406471772292,0.9949939777031052,-0.43365483468895777,0.20334030883160858,0.9917356489761096,-0.449748880536301,0.19906133425856398,0.9892624928181811,-0.3788826653161046,0.20653515452583965,1.0033850563048836,-0.40695049844332365,0.19487442995122725,1.002950636407404,-0.4241975725800457,0.18794373961103852,1.0010614287438577,-0.43878869079965555,0.18280763685005427,0.9999760905637711,-0.369424686754632,0.19134453950678992,1.0060301886345369,-0.3883809362314013,0.17824776638438694,1.0099231236160435,-0.4012909038489116,0.17129786062790778,1.0114999471811115,-0.4129847770882165,0.16608489273771965,1.0123849659096968
-0.3103308175904875,0.21487989041995245,1.0122247688056887,-0.33630069928942685,0.22545956971701733,1.0011258203829463,-0.3628319572853909,0.23148694985439333,0.9914894980992093,-0.3835942095459314,0.23605086225314756,0.9849422125966422,-0.4004017659909281,0.23977469423506334,0.9789350276819616,-0.38031509406899905,0.2155144862019702,1.0002763490023714,-0.40881659246645713,0.21024940292486585,0.9949237698654134,-0.4264965985832242,0.20586159542921825,0.9920974309931647,-0.4407856788539139,0.20276551951831848,0.9902495435049478,-0.3806490292909014,0.206709891871878,1.0062561912955483,-0.41164638102608725,0.1969451970851739,1.0021943158574114,-0.4309659652664755,0.19060711944656572,0.9991547368484468,-0.4470435085776807,0.18620757384312953,0.9967880860346905,-0.375651553513206,0.19438825765520515,1.0108373622745828,-0.4034151231457181,0.18202250250655075,1.0103507663704785,-0.42061553815671127,0.1749414888555489,1.008598593551063,-0.4351687881031134,0.16966024713149405,1.007721300393206,-0.36497875476824704,0.1792529062363595,1.0140596335810494,-0.3834495804596327,0.1655113499693921,1.018061887053241,-0.39600907881861885,0.15802886097818852,1.0199922201673954,-0.4074066922655565,0.15227908155095857,1.0213110863332369
-0.3083255483749074,0.20520175444350705,1.0170165426799223,-0.33453697554884193,0.2151628044345922,1.0059129579363824,-0.36116711956350195,0.22130353568645264,0.9966273497831282,-0.38211703062156505,0.22602734194724475,0.9908347472734014,-0.3991674575736765,0.23011128984720877,0.9858296040005723,-0.3785011961629982,0.20267262457756893,1.0065309162576883,-0.4071234463097807,0.19721969016988805,1.0020880659211264,-0.4248886730631824,0.19280786210450943,0.9999072051162325,-0.4392122862347637,0.18954752004496792,0.9987314225840174,-0.37813894781394547,0.192498489635479,1.0135901725165049,-0.4088351864912784,0.1815696099769929,1.0102758956086717,-0.42803312002910765,0.17457479840977944,1.0080024482390388,-0.44406979971872806,0.16980408898952568,1.0061290361982251,-0.3717818178426217,0.17956161638995424,1.0191415456373145,-0.3987999242695464,0.16563402088864224,1.0192336508212827,-0.41577356021244927,0.1578556063578913,1.0185575659665693,-0.4301805031505246,0.15212036098965306,1.018485474494693,-0.35924532549140187,0.16482060752394911,1.0229818624880969,-0.3767065588099593,0.1499424949059222,1.027427860591522,-0.3884341825956511,0.14140240071625473,1.0300706731155846,-0.399170772370678,0.13465791178004372,1.0320562392069366
-0.30667935220649667,0.1919124962649872,1.0229806638546344,-0.3346796626374113,0.19924329864132767,1.014507590158047,-0.36234348392469573,0.20296675728439362,1.0071628970505404,-0.38407235900128694,0.20586992451869845,1.0033952756946316,-0.40174187572859615,0.2094409808951868,1.0006597896574279,-0.3768914943221267,0.1831928379251531,1.0170486271222177,-0.40535281875865575,0.17632605052863834,1.0136564510651345,-0.4229507922286378,0.17098300778512115,1.012396734303588,-0.4371102383859584,0.16691289737514145,1.0120467700684301,-0.3752645905593679,0.1734114308842374,1.023874727818447,-0.40539976025024005,0.16074979783461305,1.0218159643142393,-0.4242452779977503,0.15258053076630299,1.020940669894559,-0.44007310991054716,0.14688414935709052,1.0202511684111115,-0.36795045700638007,0.1618987656778307,1.028782227831412,-0.3939591391325615,0.1462126666528923,1.0299902121644182,-0.41032535089713307,0.13728657506491734,1.0312300274351152,-0.42429516082286517,0.13069747932031195,1.032603515455636,-0.3552722238238545,0.14915150066424762,1.0313038754798853,-0.37221512442099813,0.13376389048132828,1.0360133739063928,-0.38336085419540544,0.12467652206806992,1.0392763893188701,-0.39359022848304964,0.11734888422028526,1.0418003918874126
-0.3055433491027078,0.1759559552362936,1.0309794554360838,-0.3356879339394163,0.17577953219915407,1.0300717630262917,-0.3641924088335746,0.17201315639167078,1.0275409541417664,-0.38621298341014004,0.16888403433021254,1.0278060073597497,-0.40433099704877645,0.16897719386323637,1.0298495464398867,-0.3734197341437224,0.15534294500634466,1.0339571331969504,-0.4009544205035632,0.1449537068111349,1.0323411526831627,-0.4178042861607079,0.1374791636250934,1.0325332303360588,-0.43133784029126626,0.13172128575471312,1.0334648655771312,-0.37108284003616093,0.1494121590941303,1.0378369845145066,-0.40020702565613187,0.1344341771168037,1.037482331433856,-0.41835079381198037,0.12479561173374211,1.0382295518762203,-0.4335579287834934,0.11764888201357092,1.0392839411684909,-0.36468133371807765,0.14246571797737131,1.0393300982680291,-0.3899885716402617,0.12575963163713968,1.0414312557234344,-0.40556326540699855,0.11584164556959717,1.0442821515302947,-0.41877352908279364,0.10825382444687927,1.0471756175592604,-0.35496647079353616,0.13390639717791272,1.0379246320338837,-0.37299168733092913,0.11960077727924556,1.0419817999266883,-0.38469413452906953,0.11127984601030727,1.045338831183141,-0.3950982077247732,0.10430441188280576,1.0481323134870655
-0.3039292050391909,0.15946237548166564,1.040984912547699,-0.3311005433547996,0.14899097927994362,1.048834706258469,-0.3567540200486606,0.1361025241819103,1.0518150632888261,-0.3759188865987842,0.12563883792036476,1.0560561153637062,-0.3918426067780778,0.12027133153232561,1.0631322837977086,-0.36441607510114205,0.12461483092618961,1.053944603531143,-0.38978113074554,0.10963219533902283,1.0548617726820124,-0.4052752272961086,0.09979910216389566,1.0566130330908297,-0.41767245736583175,0.09217624670433605,1.0589322895316724,-0.3636770403125682,0.12331055303499905,1.054033498848306,-0.3910741989855543,0.1054477171859248,1.0557651752105368,-0.40811816653088384,0.09414345908668362,1.057856472192248,-0.42215109178511906,0.08523412609718588,1.060529528683597,-0.3598617819995433,0.121414441513468,1.0515930229854384,-0.384550908663846,0.1039098043802333,1.0544213048132465,-0.3993823739411045,0.09308883400216768,1.057885316688468,-0.41163021590928656,0.08440723793525341,1.0617684208962572,-0.3540943437378666,0.11801100794209597,1.045913275053475,-0.3734228702447375,0.10522696526224046,1.0489126281584413,-0.3857926407890745,0.09790641051635704,1.052207029675779,-0.39635812127908626,0.09132758380753299,1.0553366662140142
-0.3012900866083145,0.1448942552106136,1.05100844026823,-0.32475661816142287,0.12855238324651955,1.0605905143209846,-0.34764978160418,0.111562361970557,1.065100271958645,-0.36472121965662907,0.09813487399264102,1.0698998482097597,-0.3786145559408111,0.08998823813888708,1.0784470512634736,-0.3532796812168537,0.10027556105228466,1.0696422961727086,-0.3758983708010974,0.08163676346458847,1.072756252211105,-0.38998719465257714,0.0700431195147397,1.0753861048257347,-0.40130255705593204,0.06106986979793007,1.0783223528394241,-0.3537143129860462,0.10026987878792591,1.0685409588578947,-0.3783709022749698,0.07910045487223093,1.0726142875534703,-0.3936505697386417,0.06570859616735868,1.0757521987304424,-0.4059063923591817,0.05475108703716465,1.0793815570856096,-0.3515544022986361,0.1004918612282863,1.0648126580495902,-0.37424381607702045,0.08080020849850723,1.0694380001853416,-0.38781943168021116,0.06848894591400972,1.0730712652506966,-0.3987238499291704,0.05832561754391771,1.0773442806413336,-0.3481153626608303,0.09993555742878701,1.0577281712832538,-0.366420207152641,0.08585809118903971,1.061302722390016,-0.3778884036271594,0.07752794090287111,1.0653701407722516,-0.38751370394221407,0.07002337230307633,1.0693375086260049
-0.3002780385081955,0.13455570892532312,1.0579707574473027,-0.323480967552261,0.11609493418883608,1.0634821007936286,-0.34629175326038214,0.0986550171429504,1.0664168951877369,-0.3639903040052703,0.08546953892170664,1.0691867017466272,-0.3779361345465635,0.07686794965487188,1.0771850529191291,-0.3470621155670805,0.08505279769269566,1.0780126714044709,-0.36757143727625635,0.06431186641441329,1.082242105051148,-0.3804570393334223,0.051441654870510105,1.0850956251173307,-0.39099711757842476,0.041521451500298345,1.0878659147917584,-0.34614191192392685,0.08406835097057742,1.077834178415743,-0.3672777616817484,0.05983661067921979,1.084061740411761,-0.38008349583623785,0.04426251665496632,1.08807638510519,-0.3901285859383634,0.03134466144355092,1.0920348719488886,-0.3430281738468832,0.08393814253365528,1.0752600128633794,-0.36144908225269745,0.060983252649776026,1.0828565672555555,-0.37274166888920196,0.04666431073012009,1.0869198823828539,-0.381731883255578,0.034781313946319524,1.091212745590314,-0.3391084134389488,0.08340527891282608,1.0695845966411253,-0.3528244239624539,0.06550449295954631,1.07570445944918,-0.3606995442823544,0.05438110509265222,1.0813354050868313,-0.36752720830454266,0.04479150344936,1.0864469124999234
-0.3033078037062028,0.12850956505772113,1.0611185359679471,-0.3267852343339427,0.10963688509256493,1.0625961108827315,-0.3499686173942833,0.09247855255254316,1.0636997610303904,-0.3685710890072139,0.08029091413438631,1.0641203349767145,-0.38323221306497174,0.07212359889224797,1.0712472944952627,-0.34776882432758327,0.0767390881324791,1.080714498972142,-0.3670538191032147,0.05491586355233517,1.0852468782216111,-0.3789971812211155,0.04117673747268064,1.0881479432358112,-0.38885458807763984,0.030518059751796063,1.0906782215811008,-0.3449687051074129,0.07471220699340252,1.0815449220960038,-0.3630835144698358,0.048493072671155144,1.0891010181847447,-0.37377159340928795,0.031533950734988665,1.0936627892952344,-0.3821306303101421,0.017480646199030444,1.0976722244455297,-0.339888727823522,0.07386766332025486,1.0802164158756586,-0.3541389983819106,0.048822505028907524,1.089892898185041,-0.3630569233539506,0.033095986218714145,1.0946058973120167,-0.37033949899655594,0.020086366032490758,1.098868773812118,-0.33372086387821104,0.0727286381734186,1.0760376423570075,-0.3425490444323567,0.05256871623255239,1.083890067374608,-0.34653736373575944,0.03991763404739971,1.0903319813093852,-0.35029262030270875,0.029036562832229794,1.096006952766388
-0.3072603090083503,0.1239039403494399,1.0627418053341995,-0.33049966333763864,0.10473968817899831,1.0642300508387639,-0.35345226738011953,0.08724768120582323,1.0647808039997824,-0.37205428876867086,0.07505404705797604,1.0645629754105648,-0.3869654144496754,0.06710954282437356,1.07141792488434,-0.3516429569843773,0.07150694723764231,1.080789023216796,-0.37044924496261034,0.049218247122249106,1.0850603223023656,-0.3820704274584822,0.035177677616166865,1.087823325681133,-0.3914619282974732,0.02408790362248111,1.0902717565985938,-0.34816073236951506,0.06904503532587483,1.0818383913905416,-0.3649842665545769,0.04204558034991474,1.0896282591347601,-0.37513049337690507,0.024750429507420638,1.0941657080360114,-0.3831815559386953,0.010496190828558394,1.0980952764381156,-0.3419988119675101,0.06768340789409596,1.0806615875406722,-0.3548873753499175,0.0419785173046381,1.0905159271142497,-0.36290916667179846,0.025874842229813642,1.0955545433466936,-0.369712782399905,0.012617309781344798,1.099844868257144,-0.3339657574504018,0.06598284942452383,1.076562515088866,-0.3411230643885947,0.045066578121122185,1.0841323470137136,-0.34353451435063226,0.031984869054111104,1.0904969855290678,-0.3459929917426251,0.020731788146256216,1.0961564044661447
-0.3067163638671571,0.1179024712122752,1.0650263944630092,-0.3301822242261987,0.0991449905544697,1.067683713141369,-0.3529448809823732,0.081407853340396,1.068276241769026,-0.3711592643254295,0.06865656808566574,1.068915246112234,-0.38593861743836455,0.060517288056792906,1.0758268299433993,-0.35315284991224677,0.06633831605698766,1.0800516088950642,-0.3721502699904574,0.044072668173998186,1.0835222818781145,-0.3841667406552372,0.030270927877323807,1.0857449064245026,-0.3936268947652117,0.019183959590005753,1.0879272921852958,-0.34994831157314393,0.06379671825670451,1.0808564255802209,-0.36711847479569576,0.03686373396711334,1.0881009934151453,-0.3781766253815505,0.019983416315057928,1.0920289426908474,-0.3869830523295441,0.006100052262279498,1.0956543369455898,-0.34391642191359756,0.06213830094449918,1.0789957698041364,-0.35780264390722555,0.03657251625877581,1.087800766502411,-0.36638322858005257,0.02066571960195053,1.092534953576876,-0.3735738605773545,0.007571179555652417,1.0966926060263296,-0.33546281021402696,0.059975053587342286,1.073807161985233,-0.3435889366913825,0.038804293572874765,1.0794449622742903,-0.34599975490165846,0.025412005671612788,1.085127339135356,-0.3483865848539261,0.01396803129627086,1.090422946464689
-0.30122129959290017,0.11111250531895396,1.0680122087033945,-0.3255139917691387,0.09346059342592807,1.0708097324169163,-0.3484955293096514,0.07600243793524203,1.071206479769676,-0.3665227365791735,0.06307935403593569,1.0728741318194528,-0.38116750605925054,0.05476057671072787,1.0798581005743564,-0.3499399252188332,0.06081214561739598,1.0797312416343865,-0.3694223066197459,0.03885465844972292,1.082379295346718,-0.3819530565109698,0.02545066885073781,1.0841504622847724,-0.3918181908566546,0.014669093610355836,1.0860517641742544,-0.3470169438323031,0.05822498333755671,1.08036909657533,-0.3648235780842965,0.03159447204454762,1.0871825799602006,-0.3768508713174065,0.015251650259154315,1.0904860625924968,-0.3863360311046452,0.0017442725933881006,1.0938067445886472,-0.3415705110363082,0.05668893309785018,1.0779442968183277,-0.3562720242075304,0.03133960673403567,1.0860215264230195,-0.3653916264558296,0.015584540093858127,1.0902257945473848,-0.37270607646584636,0.002492097579092318,1.0941685108044459,-0.3338377015100719,0.054713268517559394,1.0717993161409953,-0.3430120185929135,0.03355051360773244,1.0755395720019663,-0.34567827405373425,0.019868517850353155,1.08035090241851,-0.3480784167936235,0.008205389716641687,1.085137939150748
-0.29438578452957354,0.10592975214910161,1.071823138973985,-0.31924711265800004,0.0890459468426135,1.074353456669386,-0.3424971403193832,0.07194250499338763,1.0744179545759684,-0.3606868566251292,0.05932839797667375,1.0766056217474813,-0.3752368078304102,0.05118751551627152,1.0839861435156433,-0.34318360541280524,0.055504383323753764,1.082640775393244,-0.36295123435163784,0.033789729649230237,1.0851747994982357,-0.3754632813596684,0.02042700677555825,1.0873450481933953,-0.38550617003362686,0.009872733897226819,1.0895644851241437,-0.3400013737770004,0.052685191547835256,1.0832799480630126,-0.3575180827028634,0.02595572409537271,1.0904482385887653,-0.3694252860758474,0.0095429533266029,1.0938388237082448,-0.37877633437721697,-0.004034223355026141,1.0972538794231534,-0.3345945606410878,0.05128916593873836,1.081112440020637,-0.34814460459287516,0.025468810264137103,1.0896955639537647,-0.3566025185031996,0.009359272942840849,1.093939576211579,-0.3631553700139719,-0.004095389667301511,1.0980004175726985,-0.3271376349225058,0.049594963289049325,1.075394361240732,-0.3350882053043155,0.028002573574657123,1.0794658401171542,-0.33707781194448433,0.01419681599458051,1.084250957620624,-0.3388631357623974,0.002376409689229652,1.0889195309950743
-0.2880193799518209,0.10356746848756014,1.0777412634544945,-0.31289573426640643,0.08668801869062086,1.080150038276713,-0.3363934937106044,0.06992741837732289,1.0799676991274105,-0.35492431162777344,0.05784360178893433,1.0822823323045814,-0.36945690949361626,0.050202697040312855,1.0902112239530182,-0.33533723391455866,0.05205676506728217,1.0899328396992956,-0.3549705236490952,0.030281342290890592,1.092944735006523,-0.3669012668398264,0.01657253933660595,1.0960350021156873,-0.3766689322852823,0.0059321297733615636,1.0989594824574642,-0.3314796594226302,0.04883416483386502,1.0904885482628717,-0.34825331159173567,0.021771496200910012,1.0981658179806812,-0.35944619604480643,0.004967283458009741,1.1020380751567709,-0.36833255351209226,-0.008850748656638738,1.1057176234927497,-0.325291905187235,0.0472025135929637,1.088803865952952,-0.33735528514651,0.020794078296412735,1.0978057481925592,-0.3447817676618635,0.004303113614722912,1.102491960072274,-0.3504120282165168,-0.009454403541944763,1.106906609458792,-0.3166819103511804,0.04528309601716068,1.0841002763797631,-0.32244861540294417,0.023264378495886355,1.0893862005922108,-0.3231260731414037,0.009617795705676575,1.0949329704294235,-0.32395943329095384,-0.0021294603580097517,1.1000332105753714
-0.2826411707947625,0.10399019203751965,1.084275100233889,-0.3073048272678921,0.08674934396306758,1.0862771573323404,-0.3309704152817036,0.07022746402983139,1.0860259666534642,-0.3496053234913254,0.05833194866099743,1.0884763284420076,-0.3640768775610899,0.05081310175986521,1.096630358915563,-0.32881924578007776,0.05179525225652999,1.0978486058139916,-0.34760753553287693,0.02941459288528144,1.1016973550271199,-0.358635746579234,0.015147699847057883,1.1055259300206992,-0.3678362828127875,0.004124958285911459,1.1088466966021713,-0.3246570428724514,0.048432722088571606,1.098241406722626,-0.34130557000651407,0.021309545157016614,1.105977279546891,-0.35224011775899783,0.004397237888762614,1.1101083971001733,-0.36105060394348343,-0.009448959159958218,1.1138637395606727,-0.3179701611699755,0.04660592131486413,1.0964216373712972,-0.3305793043672952,0.0202471265358877,1.1047994604978022,-0.3383358847723983,0.00392156867077266,1.1095298686490218,-0.3442217686530826,-0.009721530224243645,1.1139661356517032,-0.3083377660486199,0.044471588448322164,1.0917762059988811,-0.3136736329075406,0.022411898343978165,1.0973366376889238,-0.3138785665052702,0.008983078058862434,1.1034259409688603,-0.31447060597094556,-0.0025868255161438716,1.1089478776080433
-0.28170672655924517,0.10664678861643684,1.0857467822178155,-0.30512939942925354,0.08777342389708626,1.087920609573263,-0.32794049019416305,0.07010680713709427,1.0887208968313888,-0.3456945506017713,0.0571416706065762,1.0921070357171951,-0.35928652478263307,0.048613424005510136,1.1007658114192589,-0.3253224424737748,0.05298007399409935,1.101825322845971,-0.34190497866068614,0.029321848324415187,1.1076575152300252,-0.3516706736043214,0.014384269913351816,1.1122752653109365,-0.3600957649937584,0.0028235155369888618,1.1158171549939186,-0.32234045950335705,0.050666499769351045,1.101937233049641,-0.3391094673936822,0.023757557677164802,1.1101465643744712,-0.3500065749448712,0.006935446010300991,1.1147210818366313,-0.35886169097952897,-0.006807976946548777,1.1187397485255381,-0.3174595220973954,0.04979740797894315,1.0991077696092446,-0.33200995736085126,0.024281862641830916,1.1069312122340398,-0.3410776657045543,0.008586386405730988,1.1114582235639057,-0.34807620041925985,-0.004593632497021022,1.115673179673444,-0.3103127854167612,0.04845487507220833,1.093125153531836,-0.31788377963420145,0.02698235477571785,1.0983816468393313,-0.3194529241488633,0.01363235623604657,1.1044454864601772,-0.32113374286468555,0.002161159281648759,1.1099492535872426
-0.28696214163135353,0.11055397773308401,1.0795773392248458,-0.30494984500463046,0.08700770628226755,1.0851957601503206,-0.3233804678375487,0.06539682058870395,1.0903316564552832,-0.33762651020652845,0.04961338497196484,1.096866241347947,-0.34799249672819865,0.03902689315721173,1.1074926077715734,-0.3224202272296387,0.0534640131166013,1.1024776996503292,-0.33529144558543134,0.02873822704566903,1.1120523462466556,-0.3435893840063581,0.013416634292802973,1.1180703754760957,-0.3511407515214868,0.0015117188168868936,1.1223631630739308,-0.32322931874692185,0.05365176466348437,1.1018001586311272,-0.3391944782501576,0.026959975971898524,1.1120639790420284,-0.34922010839514667,0.010063585507892252,1.1181183438650255,-0.3575017929595322,-0.003692898178421675,1.123179696834227,-0.3233661968489599,0.05529784840112599,1.0971880003906493,-0.33888473203450514,0.03075771496044421,1.1061836321704765,-0.3483470210973017,0.01546532421563919,1.111250486368641,-0.35572063547821875,0.0026054562453507457,1.1158015135256085,-0.3226263605281046,0.05673998210192434,1.0891252779154925,-0.33377349759715025,0.03695088294266655,1.0946164246850136,-0.33816022577777355,0.024032494681481942,1.1002134495256832,-0.34173229333482835,0.012808186080670858,1.1053085641968763
-0.29218978130254736,0.11382889277931002,1.071858322486264,-0.29778465563272855,0.08682736248775785,1.084071666365817,-0.3057873267140021,0.06205652989697669,1.0965399773039244,-0.3129905133943274,0.04434929235293938,1.107912540909962,-0.317898898743526,0.03284692086500865,1.1211809376593007,-0.3143356477890167,0.054616397953311996,1.1041756159352556,-0.32400137039512084,0.03024662071450484,1.1176438890266847,-0.3315047883757902,0.015273747167812116,1.1253468390259176,-0.33852404972995653,0.003595294974740485,1.1309612769865174,-0.32106177892887156,0.05661162086175783,1.1025114664994438,-0.33514388961533076,0.030261839544382406,1.1159303745805085,-0.3431984140173927,0.013295167786859866,1.1242917913297978,-0.3502184216119162,-0.0004885985072229301,1.1309379719350467,-0.32767731173477516,0.06051030664527489,1.0960738961574066,-0.34219815182736973,0.03653876567577972,1.1078414320618695,-0.3501880069194162,0.02104307817510015,1.1145579062079192,-0.3564719566955797,0.008079578725390356,1.120295318400119,-0.3334324740052398,0.06528542398575715,1.0860575374176196,-0.3470148468284722,0.04743646850402203,1.0926114476944853,-0.3535536819575522,0.035333520102633235,1.0979234248793468,-0.3584099875275381,0.02449838131268546,1.1027938486108617
-0.28946194301899314,0.11460137486798905,1.0709796279991275,-0.2873931721420588,0.08875908419308086,1.0863889506743345,-0.2884869462225767,0.06493362874740712,1.1026446266181975,-0.2914962442870145,0.047910279220348004,1.1166416641192152,-0.2937583110959832,0.0372265086331862,1.1312425972631315,-0.3032632741651784,0.05620404083853253,1.1089301357515808,-0.31243542223943965,0.03280967690015588,1.1243340979644387,-0.32033715009694064,0.018572198066965848,1.1329758891947928,-0.32748862264219314,0.007489659962642361,1.1395494710797391,-0.31339417064050523,0.0583251442796235,1.107135651596193,-0.32610234327438914,0.032524860632270114,1.1228051003092387,-0.33263840987883647,0.015784072570793936,1.1327892103020818,-0.3387020368695754,0.0021430305412123846,1.1405737357583328,-0.3236889182563833,0.06291427884531693,1.100058636279595,-0.3366800820672778,0.03933143605155373,1.1141669197794708,-0.34260632194597107,0.023689287008354404,1.1224896593930653,-0.3473400146587962,0.010648189802968798,1.129416431975979,-0.33269571636390893,0.06925484773411296,1.0892437756059359,-0.34695129996644364,0.05240245966055092,1.096911575524078,-0.3540055210514253,0.040741322421685676,1.1025427982727365,-0.359031627266055,0.030124320022479285,1.1077121773539722
-0.2781861586850095,0.11363677773002892,1.0780717426543418,-0.27643816893175427,0.08790905470951445,1.0937107907576809,-0.2782692620566991,0.06439364603485362,1.1103471461925816,-0.28219102097256105,0.04782832388764505,1.12466417353526,-0.28544256912284516,0.03769453508866847,1.1394689331781782,-0.29307872421609343,0.056080519427186296,1.1168848206552224,-0.3034875796706748,0.03325972193677432,1.1323629841851697,-0.3121632632765523,0.01949521089464233,1.1410286873920825,-0.31976690594430374,0.0088072168170748,1.1477465434471352,-0.30284366951622593,0.05835118100755858,1.1152541799757862,-0.31583305438088805,0.03302793905753379,1.1314619931819363,-0.32252705824312095,0.016562100350461517,1.1417926791171158,-0.3286921659305323,0.00314104593627762,1.1498742125191865,-0.3127259505693108,0.0629273706678147,1.108472223961735,-0.3255630858321029,0.03969545346518061,1.1232860842298908,-0.331051186678802,0.024201940955082643,1.1321684802839447,-0.33540500502356246,0.011278698875472247,1.139550371735855,-0.3214523678413153,0.06908208377569283,1.098120686776775,-0.3356326934823601,0.05245646572289095,1.1063987899587684,-0.3424325352371858,0.04091032301233197,1.1125553772505392,-0.34721181207139135,0.030411149289847353,1.1181795063207265
-0.26523181192781314,0.11322177781884722,1.087494904982671,-0.26639654085517506,0.08684244078837776,1.102066281373905,-0.2713131762266246,0.0630832723177774,1.117700355684037,-0.2773867483622965,0.04654538596865061,1.1312789196501605,-0.2822098697711273,0.036404635556974305,1.1456438014750912,-0.28461489240918225,0.05630437812481673,1.1252529796812882,-0.29599683737048793,0.033739660502400466,1.1404184491349838,-0.30504697236540207,0.020137023217604348,1.1489558361943053,-0.3129459439857435,0.009584313411205352,1.1555455821894365,-0.29294556393506294,0.05890002771655155,1.1239382734606083,-0.3069269393024882,0.03404077780578761,1.1400386693456974,-0.3144874088939361,0.017885415476861885,1.150261201884366,-0.3212353928996796,0.004742155770145574,1.1583336161858429,-0.3011851630080637,0.06337608999092728,1.11768421439503,-0.31491064283469306,0.04059487614774114,1.1324012784388373,-0.32129531430559743,0.025420291947847964,1.1412349133098372,-0.3262978532459612,0.012735479706549088,1.1486192469959806,-0.30847458998081734,0.06888732209556861,1.1080755743237167,-0.3227091847482218,0.05248553481126353,1.1166998127772638,-0.32946982900740596,0.041103141846847366,1.1231951685080017,-0.3342758649808069,0.030765380984092046,1.1290890367011217
-0.2564403589885894,0.11433520952515099,1.0948257962011902,-0.2589168211793685,0.08762824012446459,1.1086155005498985,-0.26511290982253194,0.06383499141013664,1.1237345438552495,-0.2720162092693599,0.0473001712579269,1.1369145113076924,-0.27735902046974986,0.03704755824351528,1.1510136404912328,-0.2781221766487376,0.05818083406672249,1.1324761786912731,-0.2898371362441854,0.03593248138696839,1.1478539919606185,-0.2990174276956927,0.022521522337834617,1.1565541119929172,-0.30704959324201136,0.012133635433849873,1.1632439783222193,-0.2859122591688498,0.06110155306711636,1.131494701426013,-0.3004877085792478,0.03679518635990769,1.1479093510697578,-0.3084973102968512,0.021003986494943422,1.1583564028584845,-0.3155735722606689,0.00817722767437927,1.166653704304928,-0.2934867602244477,0.06564757503609324,1.1255781758662675,-0.3078415128477641,0.04342732725234602,1.1405503547411668,-0.31487582947209725,0.02862367142681846,1.149518927888169,-0.3203871363739735,0.01622642577729069,1.1570283911162413,-0.30014915600138614,0.07093518305009397,1.1163902237197838,-0.31464660985604387,0.0550391391400456,1.1255094025730212,-0.3216871660541016,0.04395815230503999,1.1322248419219307,-0.3267505440906498,0.03383876301304708,1.1382800154889816
-0.25104328578213936,0.11735838207022191,1.100635915217093,-0.2534094733644169,0.09059837625947395,1.1143419091945672,-0.25962477119749355,0.0669563572508536,1.1296885922031874,-0.2666606236680362,0.050578133976819095,1.1429934013023282,-0.27212914451151915,0.040438754177288816,1.157126179017474,-0.27334345523587456,0.062064718457827864,1.1391882122754748,-0.28543036957296514,0.04033047652826727,1.155007056916842,-0.29487683848360263,0.02728580592691579,1.1639750252682113,-0.30308552541760986,0.01720637040523552,1.1709176924488505,-0.28114787948040326,0.06528465443479467,1.138438878314291,-0.29597500296365536,0.04159821348879169,1.1555208230358724,-0.30408713528909986,0.026195186106590926,1.1664568488461873,-0.311263198986921,0.013701551850496013,1.1751664785394862,-0.2886619104079643,0.06998419332234705,1.1327163730298386,-0.3031762219030066,0.048335949308093935,1.1483577530084066,-0.310273410195835,0.03384925368203517,1.1577827574455006,-0.3158435921643063,0.02170912053569702,1.1656598432938632,-0.29524322868701125,0.07529984263521326,1.1237981706415132,-0.309948428802964,0.059991926295956274,1.1335677453566961,-0.3172106182691772,0.049240497811434074,1.1405764696460006,-0.32244502226252764,0.03935314511406293,1.146865049388931
-0.24617538549806572,0.12315396936944298,1.1073436405574635,-0.24905900241897738,0.0963320163925197,1.120827653963475,-0.2560083103134213,0.07290767475519609,1.1361932977173517,-0.2636812302904279,0.05680729918139174,1.1494850834579828,-0.26970165099365895,0.046908759935207434,1.1635641673851533,-0.2698738891166529,0.06885246539917571,1.146467725142671,-0.28264900728078823,0.04768981854593728,1.1625190599871642,-0.2925041904910718,0.035057935571114564,1.1716368754454136,-0.3009745219417009,0.025321988069958033,1.1787532650193888,-0.27732576333757153,0.07231557785991989,1.1459718116207536,-0.292538196851677,0.04927959189135901,1.1635959180656898,-0.30089582420978683,0.03429307930594935,1.1749189525263173,-0.30825997051163406,0.02216197700291434,1.183977105907274,-0.2844214038287643,0.0770660954255839,1.1405367182833415,-0.2991392199267695,0.0559971398747137,1.1567678450467693,-0.3063193453650272,0.04184453723839715,1.1666276005089795,-0.31194530703703094,0.02997441543140631,1.1748681711802085,-0.2906372008862542,0.08225411336533611,1.132029557995877,-0.3054427855316692,0.0674657519608873,1.1424275786485931,-0.3127736004032788,0.05701462447392789,1.1498091715684153,-0.31806138530215405,0.047358698479204986,1.156405184588314
-0.2414914248825436,0.13228020330253273,1.1156952484445115,-0.24572883232536635,0.10532025499772689,1.128531002849378,-0.2541833157362498,0.08211896781830111,1.143474819389934,-0.2629085840137899,0.06629781902713522,1.1564489593297793,-0.2697387099199592,0.05658493224072692,1.1702857349390297,-0.26754741781826874,0.07908118864642538,1.154834953011311,-0.28106258854384203,0.05845538132789239,1.17097877068093,-0.29129633234192115,0.04619123483392926,1.1801812084546102,-0.3000281118570222,0.03676007012771066,1.1873914336925075,-0.2742827317254115,0.08275562316880812,1.1546704950586062,-0.2900719193346352,0.06040156789460854,1.1726616506186591,-0.2988726981883625,0.04587063102977051,1.1842398529542595,-0.30655691310413574,0.034142749023799455,1.1935594055882048,-0.28060330382105825,0.08747200472546016,1.1496233594722411,-0.2957548329184204,0.06702794756396434,1.1662497291150402,-0.3033083935599286,0.05328093815245904,1.1764000293244044,-0.3092140666451237,0.04173559711641831,1.1849021683027727,-0.28614957337870783,0.0923834596356954,1.1416364393621123,-0.3010522766213291,0.07811147145663132,1.1526018209192892,-0.30845281921480955,0.06797517006031598,1.1603440550793749,-0.31381763173307936,0.058571431124636815,1.1672356038446685
-0.2371622401528814,0.1437208181210174,1.124581685633674,-0.2426666917673735,0.11665652900513974,1.1366968122385532,-0.25248196088576197,0.09371107582867994,1.1511972377490474,-0.26211456552787404,0.07815047630368621,1.1638403399394701,-0.26961656247241944,0.06857456826951071,1.1774222829538366,-0.2654283053672388,0.0916999714907112,1.1637713204238513,-0.2795661511518333,0.0716281608412637,1.1800793046664333,-0.2901177223326299,0.059736817122249534,1.1894111829608287,-0.29907603080837797,0.05061534304875582,1.1967409584810815,-0.27151102127133775,0.09558511000966352,1.1639534843074615,-0.28785352692063065,0.0739701115935428,1.1823490887694297,-0.2970723281905972,0.05994092259467206,1.1942172041676322,-0.30506376909533073,0.048660061747923054,1.203825715360168,-0.2771332644138454,0.10027737195383098,1.159274835625878,-0.2927349725085094,0.08051976440702317,1.1763097445855681,-0.3007073768240855,0.06723250097818767,1.1867478737506478,-0.30693988391051547,0.05605927310776413,1.1955098983915835,-0.2820695329265482,0.10494761977019523,1.1517666063422982,-0.2970978555469793,0.09127213935306958,1.1633056945988505,-0.3046352159175374,0.08149849328123168,1.1713753208337667,-0.31013683929172536,0.07237841199460816,1.1785350150510485
-0.23168529187085316,0.15528053103998166,1.1320599767720823,-0.2381112142239545,0.12816699823799144,1.143597519252336,-0.24897374486749843,0.1055238483556549,1.1578238631519118,-0.2593223025402669,0.09025072644536367,1.170249902906102,-0.2673706266532784,0.08084775088742747,1.1836385428112315,-0.2617625411667607,0.10450806344580507,1.1715375908212333,-0.2764976695029785,0.08506467865246407,1.1880765568386666,-0.2873773856784523,0.07360561288440876,1.1975710420797465,-0.2965586093326513,0.0648422568194301,1.2050601616466485,-0.26732143372243555,0.10860303399354419,1.1720387255510027,-0.2841331049086808,0.08779085355384698,1.1909306489104257,-0.29368532137979597,0.07430808440295264,1.2031628482400176,-0.3019281943586174,0.06351820013800942,1.213116635414696,-0.2723860767181604,0.11329230865867201,1.1676839258204996,-0.28833506187720803,0.0942700960903104,1.185226724232106,-0.29660816635135356,0.08146905275711468,1.1960320086988236,-0.30307985986625974,0.0706962911889952,1.2051162275799794,-0.27683381153127773,0.11778535652158184,1.1606041325461316,-0.29197031316189137,0.10477069176849645,1.172750104016816,-0.29964796085776935,0.0953943942177647,1.1811521035742178,-0.30528395352946147,0.08658347028121192,1.1885890498359524
-0.2239327206052289,0.16547276317837617,1.1366606784341937,-0.23133992360225475,0.13836171429370234,1.147600303551629,-0.24333250720070337,0.11610251982498654,1.1615215775437246,-0.25444211912365394,0.10117935071447955,1.1737134973837906,-0.26308558847004365,0.09200426663897049,1.186887540754974,-0.25588304673030565,0.11606451631287672,1.1763969113205999,-0.2712795914052924,0.09731225692620704,1.1931302850449492,-0.28252114080789964,0.08633023193275965,1.2027659664635415,-0.29194148853142726,0.07795989380184391,1.2104061678705296,-0.2608607393306699,0.120332842499899,1.1772283094306986,-0.27814469966902267,0.1003787600555238,1.1966134382611342,-0.28803791405073076,0.08748753470423248,1.20920697716273,-0.2965358862376583,0.07723571649703731,1.2195088764376927,-0.26532677561559004,0.12498832652847366,1.1732143793504153,-0.2815991072476682,0.10674312237215394,1.1912778292772592,-0.2901422087459594,0.09446360016622625,1.2024713046825655,-0.29682725398014237,0.08412562861833764,1.2118997062399424,-0.26925572998953073,0.1292872311164305,1.1665852144922613,-0.2844610541541539,0.11695617170173475,1.1793430706591657,-0.2922411542925336,0.10799580869850162,1.1880973132392827,-0.2979816268265827,0.09951541755608384,1.1958326157458716
-0.21527906775035344,0.17441899659754184,1.1390071137645614,-0.22391091060985358,0.14737481519813106,1.1491882024519762,-0.23724653029484333,0.12559707169762613,1.1626413361006254,-0.249212527083138,0.11107339249882849,1.1745007216731953,-0.258517336137134,0.10214542425346707,1.1873909916610175,-0.24933989469117912,0.12651020615735972,1.1788263838293107,-0.26543152134369247,0.10848396192833863,1.1957030152142867,-0.27703868109763163,0.09799634000310914,1.205455311924731,-0.2867024671932404,0.09003172364429565,1.2132241158064503,-0.25362325846553063,0.1309012057490124,1.1800308704011262,-0.2714210170798459,0.11185799774025397,1.19986215699552,-0.2817021445401324,0.09960699473733721,1.2127798947035742,-0.2904853304683134,0.08994409509895893,1.2234066746506833,-0.2573963777777763,0.1354751099351374,1.1763987751265963,-0.2740326141876663,0.11805423147539743,1.1949382763743357,-0.282902405879741,0.10634999432845745,1.2064882880025793,-0.28984655677372634,0.09649628549831783,1.2162423349620504,-0.2607286530563652,0.13953636428748628,1.1702574405977197,-0.2759787853981788,0.12791141412765966,1.1836108596563044,-0.2838451074636329,0.11938987553758525,1.192719052873671,-0.2896839927799272,0.11126540834932401,1.2007568022403186
-0.20768293475383842,0.18341468646177958,1.1413097197646556,-0.21761330928208006,0.15650622897338504,1.1506303207592514,-0.2323311586069115,0.13529084014821985,1.1635294624971153,-0.2451454496971554,0.12119296897498284,1.1750103742641858,-0.2550993895592723,0.11251464150513954,1.1875822819327928,-0.24389771564156765,0.13711979167802335,1.181137332849528,-0.260669064534015,0.11985706695531835,1.1981498813860778,-0.27262822586690794,0.10988561987809257,1.2080176250860575,-0.2825269536254572,0.10234365520052038,1.2159114294136144,-0.24745403576870462,0.14159725001765677,1.1827414132350096,-0.26576844813106915,0.1235242361606494,1.2030054794827534,-0.27644398259917224,0.11196580346285398,1.2162377204614048,-0.285514737890575,0.1029459366978627,1.2271833971650143,-0.25051593542504164,0.14606326911619888,1.1795044331097024,-0.26752623683457455,0.1295203811975662,1.198503037794734,-0.2767488418724481,0.11844727313733056,1.210393999684628,-0.2839771978867277,0.10913140392898879,1.2204649326929977,-0.2532357640481582,0.14987516881027757,1.1738533253966894,-0.2685153188505403,0.13899653719257438,1.187789263914879,-0.27647199127907773,0.13094475552322102,1.1972399253879442,-0.2824182625222847,0.12320555283021269,1.205573685865049
-0.20066702523952917,0.19437041904578867,1.1448858139436784,-0.21185038874758028,0.1676626486673406,1.1533225436202312,-0.22789323608313122,0.14708116418267916,1.165656448723674,-0.24150433250703385,0.13343530716119456,1.1767603220593337,-0.25207162396112404,0.12502196340282407,1.1890075726490887,-0.23895983740271937,0.1497911977905874,1.1847269982977868,-0.2563973751089707,0.13334466218716257,1.2018778105707053,-0.2687026880032531,0.12392591453284825,1.2118623050259454,-0.27882881776927276,0.11683537162402932,1.2198850156911323,-0.24179798815804754,0.15432616941913374,1.1867394356716476,-0.2606039375156607,0.13728688447048468,1.207444095730313,-0.27165217889717796,0.1264747913440576,1.2209973834689918,-0.2809920036210947,0.11815458863023029,1.232266204944283,-0.24416824431769307,0.1586690545945833,1.1838946202157132,-0.26152483803954485,0.14305787520473068,1.2033626506025328,-0.2710775956571094,0.13266616021036817,1.2156028394017784,-0.2785753333375416,0.12393939128847009,1.2259992654845433,-0.24629163373792218,0.1622368274358984,1.1787217882633778,-0.26157673064198883,0.15214571148749256,1.1932323015129005,-0.26961898966523445,0.14459365974942257,1.2030171577107707,-0.27567106178879336,0.13726895870780537,1.211644216385266
-0.19238081695858472,0.20842595632367528,1.14904286053777,-0.20482193659774256,0.18199939771510523,1.156553291138496,-0.22217910158065263,0.16214187547500958,1.1682794714016946,-0.23656588428123942,0.1489860584203207,1.1789898553311158,-0.24773607164537015,0.14086316284278916,1.190893326697368,-0.23273157882924767,0.16567687019232505,1.1888586620896047,-0.2508395181018316,0.1501012862796691,1.2061274297732807,-0.26349115122336125,0.1412721148275665,1.2162173045572486,-0.27384095573049344,0.13466159887590456,1.224363519304869,-0.23483690717591177,0.17022865706607515,1.1912976877578387,-0.25411813928949895,0.1542847354346292,1.2124331878025394,-0.26552738334772225,0.14427249659733293,1.2262982816504386,-0.27512269883747065,0.13670959462554025,1.2378817556946058,-0.23651093785321936,0.17442332462958987,1.188854717056082,-0.25419084082000104,0.15979501476970856,1.2087895623386067,-0.2640538744939578,0.15013506890616324,1.2213780949427246,-0.27180622417045236,0.1420501143992699,1.232101565768441,-0.23803276761553993,0.17774040331391083,1.1841618298598624,-0.25329262198758296,0.16846723000990946,1.1992338205921262,-0.2614031441090232,0.16144047680844642,1.2093481172472484,-0.2675490173326275,0.15455848570351075,1.218268397762007
-0.18266206888698977,0.2243345765934259,1.1526269415683228,-0.19641385406794587,0.19829267387726518,1.1591276132901684,-0.21510290807765442,0.1792642268721342,1.1701608872430804,-0.23025936292903038,0.16663743953039267,1.1804377291962578,-0.24203095988911444,0.1588255480390716,1.1919638302377036,-0.22509679976433294,0.18353961398728497,1.1923261990318401,-0.2438763634783796,0.16888280640140974,1.2096816763901048,-0.256869001904306,0.16067295369395745,1.2198607395878478,-0.26743685711675075,0.1545651995172061,1.2281187032788892,-0.22644054703099536,0.18805773808244886,1.1952234147739491,-0.2461898483624333,0.17326794745130275,1.216762010386342,-0.2579578183525306,0.16410832787562513,1.2309137896196134,-0.2677997983478683,0.1573595920799019,1.2427895814435528,-0.2273979335696088,0.19207150116174967,1.1932031270287837,-0.24539241814920926,0.1784760336361645,1.2135826820333708,-0.2555640019107985,0.1696016056170574,1.2264996689722756,-0.26357040511808105,0.1622152344210872,1.2375358490031074,-0.22829827215531945,0.1951217127134411,1.1889998889843265,-0.2435034763768304,0.18669091583493042,1.204612167222652,-0.2516653791810565,0.18021344016324814,1.2150467480959593,-0.2578945381415844,0.17380255564752506,1.224255608073261
-0.17307422268043704,0.23896175655355806,1.155627588851257,-0.18815666378814494,0.21341285398094295,1.1610428056653734,-0.20815708913619985,0.1953109129660729,1.1713091773085558,-0.22405951963816811,0.18324331179013384,1.1811200421406942,-0.2364170611259251,0.1757558623710738,1.1922410321351073,-0.21758462780282034,0.2002370154681973,1.1951267618240764,-0.23702313412853548,0.18654374945457478,1.2125435799587947,-0.25034458315731134,0.17898112170749195,1.2227987893501893,-0.26112039935099157,0.17339748470811578,1.231158392954224,-0.21815480967490053,0.20467366228195244,1.1985122126454613,-0.23835664218432034,0.1910957271493867,1.2204258967662212,-0.2504722548652218,0.18284026289580435,1.2348382471383994,-0.2605441465355924,0.17696054826478474,1.2469803388261087,-0.21838792181039024,0.2084773768219433,1.1969313624714983,-0.2366839361606768,0.19596423239767674,1.2177313997363992,-0.24715845023185018,0.18792885959786804,1.2309519322296862,-0.2554151388074799,0.18129895769651524,1.242280203765039,-0.2186565915624556,0.21124821671086016,1.1932208478884432,-0.23377977145144974,0.20368341851166988,1.2093479388060917,-0.24198029978532232,0.19777875836158698,1.2200876385235808,-0.2482853428401357,0.19186747252438507,1.2295748981668528
-0.16464680324467204,0.25036282574060886,1.1583480109474014,-0.1810344906713184,0.22540980981708686,1.1626307346955946,-0.20228619900053899,0.20831856953438047,1.1720832511866366,-0.2188955779586069,0.1968343118060194,1.181411043949226,-0.23181341499442196,0.18968389133668603,1.192109086868766,-0.21118231356754377,0.21381307121513832,1.1975848319825126,-0.2312602687269034,0.20112894233300072,1.2150403528098215,-0.2448959841891555,0.1942431688053894,1.2253591244948385,-0.2558671205996005,0.18920638964790304,1.233811533073433,-0.2109846390470229,0.21812539240595735,1.201482412017343,-0.2316122346065281,0.2058154237867138,1.2237456302252747,-0.24405284025406135,0.19851300245481085,1.2383935849541834,-0.25432785871462604,0.19355372714725227,1.2507739735011372,-0.2104992558410034,0.22169476346705194,1.200351882770294,-0.22907224886446567,0.21031153585924717,1.2215516595165015,-0.23982952203335609,0.2031648997751096,1.2350524671633034,-0.24831969247249128,0.19734694900476196,1.2466510315651342,-0.2101366151197148,0.224178693079467,1.1971309193079556,-0.22514936439756292,0.21750072262199077,1.2137454272123442,-0.23337467320258007,0.2121902335823711,1.2247725677159673,-0.23974599483716605,0.20680580052626085,1.234525470104689
-0.15716122690415094,0.2595544987079572,1.1601748740047584,-0.1748154948605786,0.23530209566442173,1.1632891628662656,-0.19724581332653804,0.21930035239836285,1.1718868774048896,-0.21452200625091758,0.20842235323904468,1.1807169201621723,-0.2279745862216991,0.20162257285736446,1.1909754886671393,-0.20566240025966184,0.22527927023249866,1.1990826020021292,-0.2263592396009836,0.21364842917557636,1.216548883627612,-0.24029362653510186,0.20746811314825697,1.2269151856153653,-0.251446432887958,0.20300004471086358,1.2354492036661922,-0.2047080220028937,0.22942462687383752,1.2035167335589125,-0.22573087786007115,0.21843460726382508,1.2260986491447776,-0.23847009942579936,0.2121295798305483,1.240951779013298,-0.24891703091580966,0.20813648211052627,1.2535359448400833,-0.20351119500901918,0.23273571869486173,1.2028487998497077,-0.2223326881655899,0.22252637402719294,1.2244239047515064,-0.23334640168629953,0.216313503918725,1.2381775769871028,-0.24204646483770406,0.2113591682723631,1.2500191014202127,-0.20251743544926135,0.23492467203099615,1.2001152264421306,-0.21739031190057875,0.22914844622565217,1.217187208304966,-0.2256232835946911,0.2244499837903944,1.2284831126199323,-0.23204758091300262,0.2196175062496979,1.2384871382344342
-0.1501233846927294,0.2681147712617789,1.1604617827855386,-0.16900066061500757,0.24467240225173892,1.1623735397072312,-0.19252923362706614,0.22983309386178807,1.1700739843599153,-0.21043277071470046,0.2195818208844144,1.1783891587333737,-0.22439497749869997,0.21314445129373522,1.1881903935205977,-0.20052984832667087,0.2362082990244858,1.1989602484058017,-0.22182167135703734,0.2256702168013676,1.216404838149757,-0.236036407434152,0.22022023826827955,1.226800157989734,-0.24735575305301916,0.2163397657124158,1.235402049450407,-0.19883384762278733,0.24014400635440808,1.2039583435938412,-0.22022026097499597,0.2305201809866408,1.2268206973695672,-0.23323050610201468,0.22525089767654,1.2418415089008727,-0.24381587885156286,0.22226169504177098,1.2545874489554965,-0.19693202406918403,0.24317254123090365,1.2037684438499208,-0.21597416501647204,0.23417656003402365,1.2256872409236361,-0.22721799091459144,0.2289373761707716,1.2396583708738225,-0.23610285322098484,0.2248933202692998,1.2517067348746889,-0.19530541646235905,0.24505663558441526,1.2015221304801047,-0.21000996209843947,0.24019111857196696,1.2190184982475432,-0.21823258934303918,0.23611904526394795,1.2305623904263079,-0.2246952380512759,0.23186115202419313,1.2408000405738655
-0.14351185079841272,0.2756829369039132,1.1596880013061788,-0.16355138227280452,0.25315524673501966,1.1603745721456002,-0.18808306660254948,0.2395371099546018,1.1671449845333697,-0.2065708273313422,0.22992760275518437,1.17493134680244,-0.2210144680512412,0.2238609960418161,1.1842600484602404,-0.19574953735461365,0.24622829377224187,1.1976960860127988,-0.21760632517170952,0.23681720845119292,1.2150862819757813,-0.23207961106064973,0.23211887610619858,1.225491729158942,-0.24354818585904364,0.22884209598869548,1.2341469410773502,-0.19333573224417988,0.24991564960814158,1.2032844625571752,-0.2150500578929599,0.2416979484118371,1.226385141326732,-0.22829971121076537,0.23749558767834883,1.2415325323611583,-0.23898633115721635,0.23553810213331838,1.2543936692073225,-0.19073963466382204,0.25263958312597246,1.2035875540323764,-0.20997269150739928,0.24489143083903833,1.22581411776364,-0.2214177375155154,0.24065902329223846,1.239962007666204,-0.23045890184691153,0.23756451960850825,1.252174281652618,-0.1884810897958562,0.2542094876763113,1.2018271077372198,-0.2029907333708147,0.25025869052815686,1.2197123320421384,-0.21118584932474854,0.24682386599227857,1.2314808018396,-0.2176721870859758,0.24316018783166127,1.2419311534362547
-0.13776448270845731,0.2807995145753495,1.1590276747737416,-0.15888514738841303,0.2592780302926111,1.1584852143410262,-0.18431139268771918,0.24692150501506055,1.164309130752656,-0.203336467263166,0.23796318357481733,1.171559122279404,-0.21823026527552508,0.23227318743649678,1.180404792044515,-0.1917415097047121,0.25386530182167344,1.1964709003533962,-0.21412795400236018,0.24561049786893446,1.2137744242616262,-0.2288352938406037,0.24168191701310077,1.2241707731240952,-0.24043384510164612,0.23902239909909356,1.2328643778026749,-0.1886432434399955,0.25727183821130084,1.2026719623936097,-0.2106448976397582,0.25049296658132925,1.2259669838111937,-0.224097488558891,0.24738020118872875,1.2411983689451636,-0.23484448785175965,0.24647081134504842,1.2541258378709021,-0.1853691692336224,0.25967263045667094,1.2034807853511809,-0.20475954701859606,0.25320085881447835,1.2259773161032104,-0.21637192540407602,0.2499994975211304,1.240259091012761,-0.22553549702745423,0.2478837379380477,1.2525883553024493,-0.18248364223417374,0.2609206930217219,1.2022026095565381,-0.19677354087438714,0.2578836534320766,1.2204397965819214,-0.20492442319756554,0.2550929348842631,1.232407663300976,-0.2114191854921617,0.25203926364778073,1.2430471237397005
-0.1333448625965288,0.28306035537294405,1.1592333564784951,-0.15545273125494705,0.26262266417068825,1.1574743944892207,-0.18165899505799774,0.2515514308220674,1.162348325033472,-0.20117341785323586,0.24324936780243012,1.169058795609565,-0.21648500764367704,0.2379400940864056,1.177414271632991,-0.18895779372389973,0.25870114542449535,1.1960409261338434,-0.21183506370554142,0.2516263690122657,1.213224775328264,-0.22675006527992983,0.24848182916834138,1.2235919475335728,-0.23845804950989277,0.24645014776865026,1.2323082291466498,-0.18521534130832965,0.261800372374366,1.2028738222370443,-0.20746054620314788,0.25648482100903247,1.2263169381523256,-0.2210768241996404,0.2544749703706669,1.241588286418275,-0.231841890984382,0.25461789411625935,1.2545319082621658,-0.18128297557564957,0.2638624612594785,1.204200106831868,-0.20079458129742897,0.2586889297097278,1.2269266615239296,-0.2125371559171921,0.25653319874062575,1.241297809903698,-0.2217855241573012,0.2554138245379921,1.2536942984276709,-0.17777755747875965,0.26478198474545755,1.2033998886182615,-0.19182463633460997,0.2626525184376326,1.221951566495931,-0.19991454504548226,0.2605085250261002,1.2340928800890114,-0.20640153551957194,0.2580762873954594,1.2448960341843753
-0.13035206167015795,0.28346484806424865,1.1602611554740827,-0.15334649830597502,0.26417489901790714,1.1573107698777096,-0.18021751215756554,0.2543974267840945,1.1612408233925542,-0.20017377183780538,0.24675276047738337,1.1674112479646412,-0.2158706163859173,0.241826240004904,1.1752716306618836,-0.18749032045919045,0.2617215736480518,1.196364005805367,-0.21081652673605605,0.25584424737983846,1.2133949116209317,-0.22591115343841384,0.2534938785640888,1.2237124536477413,-0.2377071052839268,0.25209747833427365,1.2324350550747176,-0.1831490830943458,0.2644929880445077,1.2038451748692638,-0.20559221638548447,0.260656834839471,1.2273881909804363,-0.21933185002285455,0.259754120478478,1.2426546305856463,-0.2300731428427517,0.26094200705154874,1.2555642390445187,-0.17858023797025102,0.2662034605100281,1.2057003231843686,-0.19817611043108446,0.2623432707594471,1.2286146242275593,-0.21001090117806537,0.2612383716638278,1.2430292718621305,-0.21930523342533342,0.26112140567099074,1.2554413606657562,-0.1744631572718779,0.26678814445736887,1.205373732103781,-0.1882464759812184,0.26555536770557986,1.224202438645985,-0.19625907826308575,0.26405685512589,1.2364909491816678,-0.20272170712003174,0.2622531573426693,1.2474310618993314
-0.1285752267304672,0.2830547789754079,1.1616353068271268,-0.152351093679344,0.2649603648204702,1.1575302669009817,-0.17977362560506696,0.25646984973249626,1.1605321938901805,-0.20012490185453555,0.2494795397797098,1.16616499821376,-0.21617433105187353,0.24493542377676694,1.1735280126149337,-0.18712139993355167,0.26395324199004633,1.1969686238224913,-0.21085173611910976,0.2592839344067399,1.2138142561182947,-0.22609654562114465,0.25773353234015806,1.2240619728887354,-0.23795823839696364,0.2569766148021441,1.232774349690166,-0.18223131017765895,0.26638324092832144,1.205110681681944,-0.20482537193332742,0.26403376204695406,1.2287045841424167,-0.21864758303149437,0.2642332357271161,1.2439217880424391,-0.22932482033435356,0.2664475321007278,1.256749022025761,-0.17705025406331612,0.2677323459669202,1.2075049615403826,-0.19669301227504374,0.26519355929853244,1.2305631723729198,-0.20858208735201558,0.26513519351505926,1.2449753764970162,-0.21788362886651305,0.26601472311275853,1.257351401487942,-0.17233148206975243,0.26797667245531687,1.2076471160829934,-0.1858326962259629,0.2676255561882174,1.226715774580396,-0.19375276657151644,0.2667676122183543,1.2391250954453958,-0.20017479497048965,0.26559511828555127,1.2501744290421035
-0.1279200625653418,0.2821662349375598,1.1628682414144562,-0.15237010502055306,0.26529662895246936,1.1576564429319254,-0.1802356017893599,0.25807140615688307,1.159755470017659,-0.20093615318482985,0.25172834426727275,1.1648564601719358,-0.21730566776166974,0.247564299146051,1.1717228179857633,-0.18775086917676084,0.26571514370335125,1.1973733508803648,-0.2118386033490308,0.2622569839608536,1.2140025062971014,-0.22720338097741657,0.26150690835611495,1.2241604912028785,-0.23910821204827645,0.2613892868458275,1.2328460741742158,-0.18236564633578436,0.26779758078077104,1.2061838722667553,-0.20506341109606327,0.2669316884090066,1.229779329800671,-0.2189280789556239,0.2682177302279797,1.2449045962614689,-0.22950404849221115,0.27142777677926716,1.2576045531910964,-0.1765992918470143,0.26877931529886306,1.2091257107665812,-0.1962516775952928,0.26756154896366646,1.2322831124831692,-0.20815792417395704,0.2685346030781307,1.2466483343249488,-0.2174292368521076,0.2703914433885193,1.2589387023715475,-0.17129093007690313,0.26867920256230726,1.2097309512971517,-0.18449480502728724,0.26919035733124563,1.2290031128342565,-0.19230871590893936,0.2689638695533274,1.2415069652999773,-0.19867486594220315,0.2684199869357057,1.2526371624753752
-0.12839022838458103,0.2810212822839493,1.1637371683521096,-0.1534091232289571,0.26538811199195655,1.1574753864201073,-0.18161654634613827,0.2593942228768011,1.158704306144264,-0.2026224288684056,0.2536878715746159,1.163282276987629,-0.21928022706824096,0.2498999798482802,1.1696554068532112,-0.18937931764123894,0.2672129288214323,1.1973619623012361,-0.2137768654287649,0.2649617460214807,1.2137448330566665,-0.22923131350889758,0.2650065402289777,1.2237937976971667,-0.2411568438126051,0.26552322499193015,1.2324363061888295,-0.18355486762184253,0.26894874018213677,1.2068433163537238,-0.20631002760306505,0.2695528963145475,1.2303915986805496,-0.22017895915133584,0.2718995640685389,1.245385013638056,-0.23062085338070626,0.27606396352204643,1.2579177331597287,-0.17723205776245543,0.2695607317185667,1.2103393349915939,-0.19685759492063687,0.26965481846289086,1.2335512697159354,-0.20874582970805178,0.2716338114873228,1.2478277749155184,-0.2179522380316008,0.2744363886218778,1.259986962742842,-0.17134785780105422,0.2691135405930913,1.2114015526582869,-0.18424215249103804,0.27046350462272944,1.2308420918684526,-0.191937854175749,0.2708552382276702,1.2434149812271942,-0.19823396921120284,0.27093199894295356,1.2545979149640958
-0.12967126385810887,0.2799588884846829,1.164404509299834,-0.15515963682824882,0.26555959867262774,1.1571550733342,-0.18361757583603958,0.2607550372455831,1.1575520194860933,-0.20488724695549623,0.2556722498225862,1.161618187860463,-0.22180255463184897,0.2522548180698629,1.16750382081795,-0.19169153168475353,0.26877334061088476,1.197105217232505,-0.21635058973608665,0.26771930725402326,1.2132150429899784,-0.23186446560906923,0.2685504329302782,1.2231373687171718,-0.24378851191211512,0.2696943631962577,1.23172146636962,-0.18548365256839236,0.27016973734277017,1.207255104125196,-0.2082500836234976,0.27222385789958503,1.2307104684732182,-0.22208675070881947,0.27560006133522796,1.2455362736202362,-0.23236548142781424,0.28067300499914427,1.2578674282256967,-0.17863405869843688,0.27041244138042164,1.211310164831367,-0.19819664318421024,0.27180359978437113,1.2345337399489456,-0.2100336564277068,0.2747573830480554,1.2486838432125136,-0.21914338474559555,0.27846728472132215,1.260671658734289,-0.1721888690562133,0.2696161584906698,1.2128227595060865,-0.18476314936071356,0.2717795593199283,1.2323989433755558,-0.19232950575472255,0.27277421781911115,1.245017015013223,-0.19854197839826696,0.2734603484818851,1.25622591201863
-0.13142800497653562,0.2784829110473885,1.1651829514680379,-0.15729417896165182,0.26530316473841564,1.1570106594897027,-0.185921541323384,0.2616405123186,1.1566172503050278,-0.2074161936162784,0.257166037226264,1.1601846524720933,-0.22455954900029307,0.25411151892207606,1.1655904302132893,-0.19435308841757581,0.2698898199922136,1.1969250223185544,-0.2192250232128558,0.27001820444106983,1.212738845170894,-0.23476824462809626,0.27162606586001736,1.2225187588731121,-0.24666880707706818,0.27339011437866667,1.2310301004488773,-0.18781595387084055,0.2709597469909485,1.207736739931434,-0.2105474870395737,0.27443950870082656,1.2310573867747039,-0.22431681892768018,0.2788122798359268,1.2456841080710652,-0.23440630438119475,0.284747348068772,1.2577845909072762,-0.18046959252503336,0.2708361512240883,1.2123537073095667,-0.19993358096709124,0.27350627239383046,1.2355482773977586,-0.2116880705844889,0.2774011478998898,1.2495385261122012,-0.2206721301008297,0.2819768425554078,1.2613202040258722,-0.17347936688232407,0.2696891011062474,1.2143092950846117,-0.18572471690736492,0.27264018095991,1.233990817730916,-0.19315141963476923,0.27422189452038587,1.2466319053137085,-0.1992671743850432,0.2755044081243432,1.257841618352015
-0.13406064542695828,0.27510238737514814,1.1661200541119046,-0.16022020947860743,0.26311493992088253,1.1570906943485972,-0.18894590861364668,0.2605401683979257,1.1559503303134477,-0.21062957491950257,0.25665655015748745,1.1590331030369503,-0.22797324046607542,0.2539565487047353,1.1639681214203217,-0.19776752499452116,0.269055049356559,1.1968743969024207,-0.222805775620665,0.27034349459596285,1.2123706071062097,-0.2383500119227317,0.27271246777448344,1.2219928909408058,-0.250206542972235,0.27508438313445127,1.2304175498772072,-0.19095427158710943,0.2698170009620813,1.2083362084053484,-0.2136093195024238,0.27468753231913046,1.231481632125861,-0.22728126504674873,0.2800151306077672,1.2458813267557534,-0.23716198482018136,0.28675875088660496,1.2577278198574435,-0.18314207297356128,0.2693337870818394,1.2135159101794655,-0.20247565951871171,0.27325621627691454,1.236641468663976,-0.21412111645856668,0.27805038596709597,1.2504423530598725,-0.22295630398205196,0.2834419750164077,1.2619891478698346,-0.17562408461695106,0.267836229920118,1.2159068922027563,-0.18753561050507855,0.27154623161481356,1.2356647069011808,-0.19481500401757407,0.27369573325781704,1.2483076851595432,-0.20082362870911347,0.27555697319172584,1.2594941581933308
-0.13820309072428835,0.26912310350877244,1.1668186202348008,-0.16457966838152058,0.25828805395286464,1.1569987995750652,-0.19334256520591195,0.25674079640554476,1.1551555877921804,-0.21518212388145955,0.25342847277978897,1.157768928914484,-0.23270022066620186,0.2510747093920145,1.1622436615137828,-0.20257497089523605,0.2655556933397857,1.196559182263232,-0.22773702808009458,0.26797292208054824,1.211716177337233,-0.24325756337677382,0.27107634076020637,1.221166332834993,-0.2550527470758842,0.2740335562834173,1.2294913978227813,-0.19553794155569557,0.2660328611483821,1.2086538801576057,-0.2180836918594338,0.27224409963379514,1.2315840692249918,-0.2316366315216468,0.27847079931133245,1.2457333674960862,-0.24129896245304075,0.28595810919037656,1.2573102404876173,-0.187291839228893,0.2652009550864154,1.214395315934881,-0.20646967997239588,0.27033555435518786,1.2374129350445038,-0.2179872029457943,0.2759749575257605,1.2510000221827446,-0.22665901617562703,0.28212085148107613,1.2622909868993704,-0.179264254568087,0.2633563062134968,1.217214757401196,-0.19084229784717785,0.26779102675964594,1.2370213717186536,-0.19797048051813623,0.27048289859547126,1.2496466504994725,-0.20386568350007442,0.2728976410733098,1.260787591405809
-0.14336864477939085,0.2618558406993512,1.1665371030716554,-0.16989707323691397,0.2521295121661485,1.1559923393277571,-0.1986460536622934,0.2515513114118897,1.1534908442320573,-0.22061133224294402,0.24879007676516574,1.1556517428567248,-0.2382795030265412,0.24677308160340752,1.159678481060227,-0.20829392842070923,0.2606998313169543,1.1952483828798732,-0.233538254469876,0.26421311014865667,1.2100499871985484,-0.24901149971257722,0.26802385591122757,1.219317163722217,-0.2607290591347313,0.27154381868807775,1.2275322019105186,-0.20108067630044837,0.26091784807626595,1.2079552787686345,-0.22348493296055802,0.2684194254837734,1.230636979120556,-0.2368988586836923,0.275492048631961,1.2445186649844624,-0.246335180997496,0.28366350683859204,1.2558159004198217,-0.19243136094538946,0.2597493072780451,1.214255473235492,-0.2114283310719585,0.2660542273014545,1.2371318274952592,-0.2228010461224322,0.2724867463045891,1.2504865716755202,-0.23129764377167697,0.27932864613600916,1.2615072103375415,-0.18391233674907229,0.2575609715034788,1.2174959973748496,-0.1951566858952324,0.26268702419967555,1.2373279917085145,-0.20212959144713707,0.265896241838955,1.2499190336341224,-0.2079049954285366,0.26883881619297534,1.2609956273674732
-0.14829866135977424,0.2551745503089896,1.1646806885721168,-0.17492508424647293,0.24651845843878079,1.1534710184891244,-0.203617795108301,0.24685976137942447,1.1503553283525527,-0.22568169639338506,0.244630301966692,1.1520819243026785,-0.24347709123988523,0.24293752966138685,1.1556743598358512,-0.2136679012421638,0.25637510161036775,1.1923643941693627,-0.23895006880503958,0.2609576304394017,1.2068045828484033,-0.2543488152542036,0.2654635798011652,1.2158819552915803,-0.2659687560628292,0.2695390513612232,1.2239779849583101,-0.20631698002523222,0.2563604286669622,1.205662295205676,-0.22853691689570985,0.26511897555815983,1.228073144649058,-0.24178360491774278,0.27300602501784327,1.2416737443120751,-0.2509774449887052,0.2818244295528679,1.2526807185884543,-0.19729181479230776,0.25486522171814213,1.2125158815192814,-0.21607544170416423,0.2623132020268266,1.2352241933030168,-0.22728028376533935,0.26950503082148164,1.2483312239903108,-0.23558364252791805,0.27700360861923184,1.2590682536403661,-0.18829966018855995,0.25233264818876744,1.2161674776891782,-0.19920429283109212,0.25812589326605906,1.2360054993047858,-0.20601358401514788,0.2618369686212752,1.248548078774062,-0.21165796948701884,0.2652912417321767,1.2595441632422373
-0.15282106929198436,0.24972991340008788,1.161563594370544,-0.17949704144522088,0.242100250670419,1.1497427745221749,-0.20809821247163862,0.24330934567462217,1.1460540383546913,-0.23023650685494124,0.24159172106743912,1.147362873819132,-0.24813853938203595,0.24021040854944511,1.150534049627398,-0.2185326177578592,0.2532197604365677,1.1882240476244286,-0.24381266863465595,0.25883878108618463,1.202297151434118,-0.25911194774557855,0.2640263194714546,1.2111766315155195,-0.27061553855030096,0.2686491986992861,1.2191437248022687,-0.21107902627515468,0.25300129152054507,1.2020892926847544,-0.2330776306028624,0.26297727254152903,1.224207726653939,-0.24613387811133386,0.27164425149685745,1.237514660211737,-0.2550735142663621,0.2810708566395265,1.248222902710605,-0.20170518173061674,0.25119218047698105,1.2094889089528849,-0.22024856784854135,0.25975286900938177,1.2320016146508346,-0.2312668681570585,0.2676680680622019,1.2448473074204263,-0.23936346437998696,0.2757825566425731,1.2552904126155806,-0.192259632962963,0.24831643997059652,1.2135409698042892,-0.20282329965720147,0.2547527895310663,1.2333652517212699,-0.20946372070917518,0.25894995948079497,1.2458449712345465,-0.21496906579581582,0.26289900193178783,1.2567445676907585
-0.15811904962837156,0.24513947929260776,1.1583937151550556,-0.18479944096063602,0.23846919239774098,1.1460157097958008,-0.21328132701443006,0.24047715062939254,1.1417912642838404,-0.23547222524525227,0.23924789920881798,1.142696990191748,-0.2534627620593126,0.23817058804842176,1.1454587169497896,-0.22409112421890373,0.25079849396252246,1.1840184557198021,-0.24934600382795205,0.2573973034312449,1.19770616501539,-0.2645378794010921,0.2632150263272548,1.2063770749563385,-0.2759219127868291,0.2683404210840165,1.214207292172812,-0.2165760853013813,0.2504090300795981,1.1984190884242971,-0.23835406731426514,0.26151653540822517,1.2202141964939601,-0.25122841390584827,0.27088305926779044,1.2332209652915596,-0.25993372701462203,0.28084065355746585,1.2436376958801407,-0.20688530733222457,0.2483095027637372,1.2063565498553446,-0.2251896434668547,0.2579123045644013,1.2286433609990983,-0.23602893649307585,0.2664771071839107,1.2412218753488031,-0.24393171171910552,0.27513279133275914,1.2513748806712384,-0.1970067851361356,0.24510385044283092,1.2108035284175491,-0.20724753305692903,0.2521399767290674,1.2305934200827995,-0.21372845367629575,0.2567860704783813,1.2429977059253021,-0.2191033191982302,0.2611897634697258,1.2537876675735247
-0.16489989517677348,0.2408325367968052,1.1558408713961812,-0.19155127330027874,0.23505277924418014,1.1429626156009594,-0.21989338943656309,0.23779400882809543,1.1382397157914645,-0.24211751025806413,0.23702923165010878,1.1387602274102613,-0.26017958005661257,0.23624975737969905,1.1411269135606807,-0.23106145273752157,0.24853581168346248,1.180422861937633,-0.2562726842822205,0.2560558068806147,1.1937100773143374,-0.271356568311906,0.26243952761108486,1.2021686950822077,-0.2826252946724409,0.2680096387719766,1.2098607596336834,-0.2235235407551637,0.2480069613685184,1.1953227596701532,-0.24509179210207258,0.26015231563290675,1.216770016244744,-0.25780160178649736,0.27013087466884955,1.2294800792374332,-0.2663004867584946,0.2805399546282917,1.2396222902954495,-0.21354644628775352,0.24564217405543606,1.2037888735045126,-0.23161857911686487,0.25620409010736045,1.2258299356165971,-0.242294195902131,0.26533909194798844,1.2381444834398443,-0.250023788079609,0.2744589871495272,1.2480206748979923,-0.2032529132006934,0.24212299548576952,1.2086274842196532,-0.2131888206406933,0.24971005268906216,1.2283691687869127,-0.21952108797480543,0.25476128269243536,1.240691599242258,-0.22477653724812804,0.2595722498131387,1.2513658585612955
-0.17244361047897247,0.2362735772693499,1.1529958327065501,-0.19904655090530124,0.2313633249746797,1.1396645158679093,-0.2272304283073139,0.2348151797043849,1.1344828729973306,-0.2494709784241542,0.23449849790768781,1.1346410055553398,-0.2675882151235517,0.2339991112612709,1.1366318586980502,-0.23870255274180127,0.24600023201645213,1.1765778419395523,-0.2638240421511915,0.2544291888963885,1.1894840447894466,-0.27876730087791346,0.2613870353157965,1.1977369869411125,-0.2898949044254331,0.2674141641146326,1.2052886984642606,-0.2311537124494539,0.2453556754494655,1.1919530285729973,-0.2524517269023625,0.2585349662704819,1.2130571699856685,-0.2649545664550821,0.2691302426300836,1.2254698943404925,-0.2732156507175406,0.2799917361001587,1.2353302636501444,-0.22090708762751157,0.2427308035270432,1.200935649805318,-0.23870023610172267,0.25424401250397155,1.222725885259254,-0.24917949493499827,0.26394638008847304,1.2347722265305945,-0.2567088420926307,0.2735243756408174,1.2443654102572985,-0.21021499770416494,0.23889079247745415,1.2061514369283557,-0.21982534956378466,0.24701920928779664,1.2258387369084722,-0.22599066077102328,0.2524744962982339,1.238073262147161,-0.2311052659374538,0.2576903280319418,1.2486250808069077
-0.1796877608452905,0.23134018781202745,1.1485060357560086,-0.20621978404320393,0.22729945723002878,1.1347483009509824,-0.2342271569153794,0.23145344140421423,1.1291423086566212,-0.2564694152674438,0.23157264370445005,1.1289549667830798,-0.2746278420360655,0.2313289171562017,1.1305856977660254,-0.24594358709466688,0.24310951921769644,1.1711470323793818,-0.2709191975217654,0.2524519663847571,1.1837026757701856,-0.2856674916138239,0.2600397100173522,1.1917486455854864,-0.29660558056664166,0.2665832331486812,1.1991458548083882,-0.2383802750301172,0.24237118522360768,1.1869836859608218,-0.2593116246779026,0.256622989210843,1.20775502669701,-0.271534105264275,0.26788621606659413,1.2198549148385534,-0.2794958367799757,0.2792378604625203,1.2294045450562625,-0.22787459524298373,0.23948281929586893,1.1964680727746861,-0.2453194050209959,0.25198590094339507,1.2179928500286783,-0.25554423924037295,0.2622920264514053,1.2297530236100747,-0.2628212112469087,0.27235544911857157,1.239039112349325,-0.21680526030979144,0.23530167708970798,1.2020377422928994,-0.22605939494062458,0.24398787417690487,1.2216573950832073,-0.2320290119063461,0.24987439256475724,1.2337886522734784,-0.23696823012457405,0.25552216241940656,1.2442007501779668
-0.18635245410854734,0.22687834737339202,1.142245713624288,-0.21278129961586612,0.22361492126679647,1.1280888354100271,-0.2406059504256715,0.22838578552217917,1.12207856662286,-0.2628367177160706,0.2289150965037967,1.1215492478806945,-0.2810252523247525,0.2289256528750104,1.1228237070727691,-0.2525779495776493,0.2404958094107287,1.163918620198102,-0.2774208901886229,0.2506613488541869,1.1760922279565145,-0.2919955891729369,0.25879972540626495,1.1839132661831049,-0.3027648976958674,0.2657896268879991,1.1911480060133244,-0.2450366646727039,0.23969777535055609,1.180177881863322,-0.2656633053912188,0.25489160032289315,1.2005831087997358,-0.27766209183460216,0.2667120412103008,1.2123713616405771,-0.2853847134670282,0.27845953770614396,1.221634291939202,-0.23430536148118125,0.2365844203174993,1.1901512589635137,-0.25145388311607414,0.24997600912191556,1.2113776112111505,-0.2614703299709601,0.26079047023880486,1.2228573047445035,-0.2685426367335629,0.27125191645929825,1.2318572414924225,-0.22288239371596447,0.23209154979005872,1.1960735112885759,-0.23183319388755536,0.24128262388351526,1.2156036709528564,-0.23764169833619364,0.24755025538707057,1.2276216948282799,-0.24244122410822255,0.25357645053184297,1.2378859282702745
-0.19313620239705132,0.22396277176720772,1.1354717473141729,-0.21944906735462782,0.2213126972747701,1.1209748073444683,-0.24710005036219684,0.2265685407321506,1.1145798939289853,-0.2693084615845276,0.22747016820128724,1.1137191374868374,-0.2875158640399123,0.2277559972710847,1.1146443112277986,-0.25937170203808224,0.2390739707747655,1.156098832752513,-0.28415025285141593,0.24990451474304534,1.1678218593742837,-0.29865534182625114,0.2583741816148879,1.1754173053283203,-0.30935688157929575,0.26560444018910323,1.1825150935092517,-0.2519246642011636,0.23825421878971106,1.172710101080468,-0.27244929815438296,0.25412204451916665,1.1927009844689838,-0.28439749311291446,0.26625261984522053,1.2042225461434304,-0.2920477198454218,0.2781992509913325,1.2132887731268356,-0.2410180661026156,0.23498843619178975,1.183162336572554,-0.2580207037249946,0.24902988540105744,1.2040839161662495,-0.267969109259043,0.2601459844242293,1.2153323254005512,-0.2749737160659351,0.2708280793251523,1.224123603660491,-0.22925300522382736,0.23026047544004088,1.189462128407171,-0.23800445081436594,0.23983070464160142,1.2089003051817784,-0.2437325513654644,0.2463484610253327,1.2208234986408855,-0.24848275293036365,0.25261631940706697,1.2309652194076175
-0.2014342539381025,0.22238471764863865,1.129612448815206,-0.22764817513629715,0.22036388853006422,1.1148375508235207,-0.2551170678913683,0.22612654222826603,1.1081035013367788,-0.2772946509918658,0.22738970825276225,1.106951727842973,-0.2955095628899585,0.2279298648596572,1.1075619444153497,-0.2675866349649478,0.23905004346015307,1.1492871991795375,-0.29223752952222987,0.2505709813602047,1.160614511467166,-0.3066316728972427,0.25938884427267594,1.168022452644376,-0.3172342416339509,0.26687552800767556,1.1750019434591021,-0.260220771920093,0.23821991707506876,1.1662241334690513,-0.2805450021427715,0.2548003315161535,1.185837889707077,-0.2923704165504384,0.26727808763948346,1.1971127192020126,-0.29989045430546163,0.2794538323143638,1.2059809044893075,-0.24914125753772165,0.2347936847753484,1.1771381239195904,-0.26591409972811686,0.24949238861762602,1.1977920423110924,-0.2757403864647917,0.26093405700789746,1.2088191658653509,-0.2826312976911272,0.2718566687653291,1.2174022967802534,-0.2370395484409627,0.2298137975387976,1.1837984021970227,-0.24553100580706777,0.2397596542511238,1.203163186969205,-0.2511358675450448,0.24653238784821246,1.2150025463684921,-0.25579204727634947,0.2530448465286729,1.2250331413636106
-0.21204852201027083,0.22075184167418413,1.1247429351570466,-0.23815149570097224,0.21960296436601195,1.1096808678683354,-0.26539393201528283,0.22605658602565096,1.1026597496910178,-0.28753118875688366,0.2277084049185063,1.1012523687661793,-0.3057473706094711,0.22841988726925488,1.1015865251045782,-0.2778305807840281,0.23954301151640361,1.1437318551176554,-0.3021228152851845,0.25199679765168065,1.1548447831778095,-0.31612417139156757,0.26155900364206286,1.1620801066749527,-0.32636635488596566,0.2696816180343462,1.1688844436668075,-0.27041423563306854,0.23869221432758322,1.1610556077779521,-0.29002068698797767,0.25642115006837807,1.1803935449407832,-0.30130744169344725,0.26966624432597996,1.191340382395136,-0.30832886618670163,0.2823910000128659,1.1998388897528571,-0.2591051409673626,0.23499081841159503,1.1724037849767035,-0.2752608223046261,0.2507290113605582,1.1927819035831821,-0.28463522505664396,0.2628323324914378,1.2034914941967834,-0.29110857224305764,0.2742693082290315,1.2117225089347738,-0.246699473606612,0.2296020266403707,1.179332600370148,-0.2546980429083294,0.24011947153752394,1.1986050170628315,-0.2599900910677869,0.24737169598131087,1.2103034910384995,-0.26433901179221553,0.25435527090003396,1.22015344198245
-0.2235089231939753,0.2178824557993587,1.119334267646733,-0.24943406779248684,0.21752262207184045,1.1039294494780185,-0.2764493663316328,0.22456737457569523,1.0966054631095756,-0.298535404870697,0.2265874636709571,1.0949044326971134,-0.31674758956796556,0.22746076024464346,1.0949332515697547,-0.2889313770872433,0.23858195970211893,1.1375660932982263,-0.3129052985418847,0.25186323097546404,1.1484088576912697,-0.3265144131969446,0.26215029675386325,1.1553939803319173,-0.33638931193119515,0.2708992739884913,1.1619605594667204,-0.28148637722821007,0.23773972292344064,1.1552693126110207,-0.30044820201966244,0.25649982571812346,1.1742743554854385,-0.31125646177679195,0.27043215697817996,1.1848445149264633,-0.31784122554514105,0.28363329688742017,1.192957173413442,-0.2699788655226258,0.23379877454060136,1.1670400923375652,-0.28559904632189453,0.2505239092209852,1.1870461988161105,-0.2945681669586623,0.2632226569923086,1.1974077537432721,-0.30067072216412266,0.2751108321117783,1.2052746688774467,-0.25731583735058167,0.22802237262587421,1.1742279868731198,-0.2649186479144046,0.23909827267382655,1.1933471268347875,-0.26995138373761185,0.24682163488728948,1.204856951886365,-0.27404185825589156,0.25426606496102094,1.2144774218750733
-0.23273744597569826,0.21364156802708476,1.1121231405056193,-0.2584794241936741,0.21312947137993477,1.0964183851740144,-0.2854183829120285,0.22000832258708228,1.0886679285058165,-0.30744904957415575,0.22224000156875348,1.0865615814045657,-0.3256370323374176,0.22345082585842363,1.0861392824307408,-0.29874787692776705,0.23388044553584825,1.1286753984945173,-0.32319687402257036,0.24698408028950203,1.13863772319981,-0.33737841409721847,0.25672309590710396,1.1452603479241785,-0.34778608667688415,0.2649453958683502,1.1516831451356075,-0.2917654292451832,0.23316288237681207,1.1464981193086796,-0.3118480947958697,0.2514091583825796,1.1648405255643453,-0.3235930737563103,0.2646843018788533,1.1752560254706568,-0.3310044317158588,0.27737239471784875,1.1834735987024032,-0.2803144642123214,0.22945562498120092,1.1587597504820888,-0.29675361554658075,0.24581612730579047,1.1784079753842558,-0.3064484884057307,0.2580114398649236,1.1887205372529255,-0.31322431203476253,0.269486197430772,1.1966500009415009,-0.2673382064047092,0.22388110171052317,1.1665013079648683,-0.2754081379324572,0.23481227134386098,1.1855119770430491,-0.2808474965548461,0.24227865810164362,1.1970063788554408,-0.2854072935203863,0.24946523037764753,1.206611918625065
-0.238334858536046,0.20895059866422852,1.1036565515820773,-0.26392785300811733,0.2070225919254747,1.0878188607925654,-0.2909688979069181,0.21269162179032958,1.0794678332810963,-0.3129407443666996,0.2149207938677292,1.0768152651362457,-0.33105858613156114,0.21662304757363826,1.0756780356147269,-0.30617697031530067,0.22514029108338202,1.1169346587712787,-0.3321242013559594,0.23651475037242667,1.1250629730760464,-0.3481651587549051,0.24340365239460007,1.1309836467693577,-0.3603929431105509,0.2488984351816434,1.1371046631124508,-0.3004283160803585,0.22463462017254612,1.134404522084756,-0.3242067749251537,0.23958998540620705,1.1512451235182395,-0.33909333976415,0.24939005710504153,1.1614923370867314,-0.3496921922294225,0.25906463741783736,1.17029638494583,-0.28952844200292127,0.22185087114191238,1.1472619461285658,-0.30882985035631305,0.23529100268896663,1.1665176718817853,-0.32112745545069943,0.2446458462518403,1.1770210499727547,-0.33053574795069673,0.25361933194240477,1.1854720160850345,-0.2762080022122473,0.21745976074429835,1.156118584685295,-0.28601961362426354,0.22693396091600895,1.1750920297025134,-0.29282540827753456,0.23284419341557067,1.1867627253717137,-0.29892721667491917,0.23843020098059425,1.196574423363199
-0.2422207243302557,0.20487091809123045,1.095036449539906,-0.26748525288973296,0.20113391437099445,1.078996205606641,-0.29458558011394437,0.20507524678187386,1.069878429973708,-0.3164616837947813,0.20721862988375034,1.0664711789718284,-0.33445104353223337,0.2092086073189143,1.0642643543470491,-0.3119521276887688,0.21504908522820818,1.1036910842062397,-0.33954564875346765,0.22374370588442855,1.1093220506533956,-0.3571997375420709,0.22661376386507706,1.1137851861611292,-0.3710173934234782,0.22828830573722725,1.1186273431865468,-0.3078157584698039,0.21467462435884993,1.12049627141996,-0.3358347200158493,0.22418411402506966,1.1345387537901304,-0.3540356829995453,0.2279732080927226,1.143315103631541,-0.3684653043555854,0.23132105618323,1.1513165020842395,-0.29798531922980115,0.2130619445315785,1.1339189326560402,-0.3209399536357327,0.2213931324900909,1.1520197763159272,-0.33634892720541554,0.22545733251339853,1.1617722607257859,-0.3491458966850506,0.22913536488011088,1.169720083791373,-0.28468711273320296,0.21040999427685608,1.1442804365796053,-0.2969949827471324,0.21737583019085127,1.1628818684856432,-0.3055763102546498,0.22086405636352063,1.17435566135642,-0.31361236949734034,0.2238814204946525,1.1838962184292088
-0.24679991449969998,0.2017913539713464,1.0863698471473877,-0.2712748104657142,0.1968589820987841,1.0694523354881666,-0.29821934868960576,0.1993155033112545,1.0593998217349399,-0.3199058498353824,0.2014378089694936,1.0549322889132153,-0.33768137452375113,0.2032721120302344,1.0513110732036772,-0.31753086997630775,0.20674550279510073,1.0900515245669649,-0.34616757065380444,0.21301213660774437,1.0931134342975488,-0.3643989649900091,0.2138311392808231,1.0957151947607464,-0.37882299305076406,0.21397439729167764,1.0987326574104332,-0.31478366299944893,0.20644408136452216,1.10645929109793,-0.34520542432295975,0.21163787293440678,1.1174240016755603,-0.36474956163584726,0.21151082724831483,1.1238010825135978,-0.3805768526203641,0.21068366873950814,1.1294806164211812,-0.3061039762010149,0.2056815204003226,1.1203775716025,-0.33162336350399646,0.2099480760489036,1.136331312520783,-0.3485378481258491,0.21010339363564143,1.144264863232131,-0.3628092023825168,0.209988789589082,1.1503289835334098,-0.2933154537524777,0.2043671393148274,1.1320723165164908,-0.30788862609440315,0.20927216884206234,1.1496672912662578,-0.31794156478372815,0.2110776506936858,1.1603037138536032,-0.32742359052561376,0.21237777600979693,1.1688539083369842
-0.25187383906230154,0.19976592040416583,1.07736421859952,-0.27491662991265897,0.1942691560829483,1.058699642595763,-0.3015153108815782,0.19567286590796323,1.0475804952019339,-0.3228977320640632,0.1977835581979518,1.0418268524255923,-0.3402974527708811,0.19926619320518818,1.036582935793865,-0.3228511853524535,0.20135908370069033,1.076561382288639,-0.35195202010309057,0.2059902479963113,1.0771941147088835,-0.3703326996448212,0.20715234759575804,1.0779839288855968,-0.38496481195728316,0.20817018277250177,1.0794134358026344,-0.3211472366795242,0.20119052616498587,1.0930546797624918,-0.35254155799238573,0.20471077026644782,1.1016969237834733,-0.3726119312606175,0.2041425694562365,1.1061143742517123,-0.3889548443699435,0.20308729414717544,1.1100182212822391,-0.31336587077884365,0.20083417235536594,1.1074676955560758,-0.34038285343361574,0.20427360389960555,1.1209664893390012,-0.35793594514862725,0.20376878538167925,1.1273460872866408,-0.3727471525254236,0.20334250576298385,1.1319182490470547,-0.3012476005626212,0.19992972086872687,1.1200403315113536,-0.3174398020107092,0.20425577399887948,1.1363227662124382,-0.3285554101509564,0.20579146311612645,1.1458904065209,-0.3389679501739028,0.20699693366255656,1.153295189754948
-0.25571555681827407,0.19869535123166143,1.0681194943633145,-0.2768565952656031,0.19266819189203424,1.0474729239643439,-0.3029795127873262,0.19325844329000538,1.035211584202094,-0.32399732026192934,0.19522591872892334,1.028201008467982,-0.34082813372857074,0.19649675343827283,1.0213049337821125,-0.32657022457809404,0.19829095689116924,1.0636007640453469,-0.355769856387152,0.20194153594161612,1.0619390206703219,-0.37407728132174156,0.20395671956818054,1.0611638500154599,-0.3886511466031121,0.2061214988960119,1.0614710477036535,-0.3257151603792828,0.19825950025969916,1.0802392809021186,-0.35761061645461845,0.20129245241816301,1.0870337635092095,-0.3779399896009656,0.2013719798696651,1.0900942972514285,-0.394526364804378,0.2012668309605095,1.0929796980612252,-0.3186739536169313,0.19793827105186929,1.0950322711408518,-0.3466387009729014,0.20219434412881632,1.1061598594685247,-0.3645466260512788,0.20228178188393717,1.111485618991013,-0.37959279264954077,0.20270842258561117,1.1152124259143985,-0.3071910562205337,0.19666356663272108,1.1081843240918643,-0.3244028481734105,0.20113197813444558,1.1233437211655475,-0.3361513697906149,0.20271055538357596,1.132114990181093,-0.34702840180991024,0.2042261955891543,1.138755620642839
-0.25814167598108173,0.19822152599672913,1.058491551585191,-0.27746803865608743,0.19150296907433384,1.036335204318301,-0.3029612766414068,0.19152863972481893,1.0228004406570301,-0.32358917843874185,0.1932754570802871,1.01466375464047,-0.3397665801794144,0.1944449063598271,1.0063348165218424,-0.3286868927500277,0.1963613462008773,1.0506890824905302,-0.3577681599172101,0.19946708182473852,1.047036559743416,-0.3759857459787482,0.20150596025528564,1.0450907449617706,-0.39052461703205527,0.20387047811547981,1.0446341565458999,-0.32862378346891535,0.19633505950885063,1.0671942786737478,-0.3609090619386207,0.1986887792923195,1.0721747112113638,-0.38135547848822815,0.19882286491093068,1.0743154296078472,-0.39802884288317547,0.19905158252972507,1.076637291903248,-0.3223353185555249,0.19579287173225898,1.0821961575347034,-0.35096818231566407,0.2002554136918028,1.0913727204458554,-0.36908057065512556,0.20043607889888448,1.0959524463316115,-0.38423390540959607,0.20118777366901017,1.0991570745825472,-0.31143961094384176,0.19393456980569268,1.0959080974421742,-0.3292796865584871,0.19812513272110063,1.1104060520472623,-0.34128821718047453,0.19914015476485084,1.118904272391308,-0.35232537638609496,0.20032747206965648,1.1253444865180673
-0.2608912936336978,0.1980097188105679,1.0478571954281346,-0.2787723676196507,0.1908966026863652,1.0246360456355676,-0.30345969646008975,0.19073795228937687,1.009682574663902,-0.32361815040982433,0.19237395705928365,1.0004236554226935,-0.3392842902498556,0.19333720545450495,0.9911451122222691,-0.3309304425302787,0.19476266869128475,1.0366795083154516,-0.35980257117025843,0.19765516600468874,1.0315084094650175,-0.3779534178236315,0.19925410956086795,1.0287130905926072,-0.3924819473394565,0.201419439524744,1.0275250815637198,-0.33166796714654595,0.1946133445590988,1.0529709825682076,-0.3642272824675822,0.19622049692526705,1.0561319884278215,-0.3847388565723764,0.196087056669973,1.0575155076246614,-0.4014744863954341,0.1962641518482892,1.059340820813691,-0.3261432652051344,0.1938004412869715,1.068181876003807,-0.3553039033870336,0.1975150076506034,1.0759164511223414,-0.3735752918948202,0.1973672025849146,1.07981512475901,-0.3888383211632603,0.19806908792211414,1.0824619220612866,-0.3158235812742663,0.1916939854835971,1.0825213131244302,-0.3342079468093132,0.19503197167352457,1.0965531610171735,-0.3462906477937037,0.19531762931233218,1.105001922056501,-0.35738747385363995,0.19595488150383136,1.111417475403716
-0.26518412184977014,0.19786239363803865,1.0362741999080647,-0.2818857073483456,0.1909865253367596,1.0121219639346897,-0.3057611879199857,0.1908800629356472,0.9959032783358108,-0.3253399830791562,0.19252722862711302,0.9854761508279087,-0.3406854137964431,0.19316167144484875,0.9756495345592013,-0.33453576585579226,0.19330282118648404,1.0217646797731805,-0.3631657986474693,0.19624941373871377,1.0154128744462525,-0.3811833721762483,0.19783566684796558,1.0118527469854732,-0.3955779744977288,0.20024332577451748,1.0098090269221576,-0.33604386211858434,0.19305914467070215,1.0379623050316564,-0.36873410284723745,0.19449148101261798,1.0393696019632224,-0.38928608443734664,0.19448831010423873,1.0398917576788616,-0.4060773339654152,0.19494986093115774,1.0410254889675523,-0.3312183138904826,0.19211717945878695,1.053452920678197,-0.36078372124884744,0.1950184498413546,1.0598898293004235,-0.3792137222787918,0.1948255496457946,1.0629497299550161,-0.39457755122021615,0.1957381136367745,1.0648413505977965,-0.3215071298075749,0.19019106864522203,1.0683353183537123,-0.3405808285087024,0.19263876595516014,1.0816102043778173,-0.3528183419985237,0.1927317385838109,1.0898375639871467,-0.3640425653443942,0.19330113075536517,1.0960341409896537
-0.2702869414058823,0.19769891371093498,1.0250637986939946,-0.2861054967550979,0.19139581001736627,1.000172129082089,-0.309405254818392,0.19131870273433876,0.9831365487284951,-0.32835855878781384,0.19295856965896385,0.9716104709967528,-0.3432990434251288,0.19333897447900947,0.9611661251648925,-0.33894623889542247,0.19221926588135899,1.007834732273255,-0.367262399900261,0.19542675700525655,1.0003105284701457,-0.38505856800922433,0.19743559776236966,0.9959419335268437,-0.3992146145507615,0.20036722623388736,0.9930801001955339,-0.3410946961858449,0.19205901844000667,1.0238484243204116,-0.373791797915311,0.19392383115400516,1.0235229662095666,-0.3943396532223225,0.19433612760434502,1.0230011828777348,-0.4111444455404332,0.1953354511796252,1.0232127107759055,-0.33689918352088305,0.19114971125821004,1.0395049759098274,-0.36677910971906885,0.1937786090552636,1.044428732755299,-0.3853528947562374,0.19387672205774514,1.04644616272855,-0.40076864896352765,0.19521834120147497,1.0474525531740357,-0.3278360300785601,0.18944812492924482,1.054712957973313,-0.34767096601461,0.19138036487400623,1.0669138418931,-0.36024242030820675,0.19174822365122,1.0746130654467119,-0.37169395607903954,0.19270948899819138,1.0803264935886474
-0.27463258642708355,0.19783646927718565,1.015661368269405,-0.2899665752721093,0.19200123342532538,0.9903558385529547,-0.3128568632215714,0.1919887003475122,0.9727737388536141,-0.33117947768242145,0.1936355735860844,0.9602702605127255,-0.3454098675090933,0.1940179300820351,0.9488774137318978,-0.3426999624319024,0.19220995239515123,0.9962670125590855,-0.37058666720490796,0.1958134711287455,0.9874322535995884,-0.3881527981258086,0.1980578434467845,0.9823119509038131,-0.40213459754589653,0.2011870769855653,0.9788629841551224,-0.34535142370580896,0.19228424492143437,1.0117828957398025,-0.37794192380139796,0.1948084489092646,1.009740444101576,-0.3984285453427204,0.19542593469113234,1.0081361831944795,-0.41519807762308614,0.19670192804867165,1.0073621905821544,-0.34179270932603484,0.19142485106396417,1.027367755236313,-0.3718774235363035,0.19422016628625496,1.0306935120530691,-0.39053335572367853,0.19459357335831787,1.03163260834407,-0.40595094026345724,0.19624948371508014,1.0317521461385866,-0.33341632752556777,0.1895828360312924,1.0427795372572783,-0.35385360363191376,0.19144939035111586,1.053953324598175,-0.36681573299112785,0.19196306940081256,1.0609657537616932,-0.3785278908885725,0.19317510956467873,1.0660707787114374
-0.27749035080881906,0.1987347010079908,1.008164941854434,-0.29245566511483256,0.1933714818269526,0.9825363197042928,-0.31482844183481223,0.19365419624993424,0.9643024335656261,-0.33250735172467566,0.19548821428454635,0.9509285827469294,-0.3459321683557693,0.19612567518555,0.9386072560772213,-0.34493055710927256,0.19390641577340675,0.9864976245846525,-0.3723183990277929,0.19796754621832766,0.9763921829422488,-0.3897262478004198,0.2000528274196741,0.9706963892531105,-0.4036440022998603,0.20298684213132442,0.966840762642234,-0.34805745433888,0.19413904163326054,1.001368802891506,-0.3804582880970233,0.19732449749774297,0.997801905968429,-0.40085380888281014,0.1978908903545214,0.9952802924106943,-0.4175701334849797,0.19910412827694818,0.9936875017611945,-0.3451934165087103,0.19321547314718754,1.016794163742304,-0.37535699679845796,0.19636306404188764,1.0188473491633656,-0.3940318806342005,0.1969224866697618,1.018877357664094,-0.4094093629001393,0.19879420850331941,1.0181788320928398,-0.33754956204008607,0.19088460581130529,1.0324612979645018,-0.35838920845578337,0.19307309736540126,1.0428024509563987,-0.3716868491463022,0.19340308379200533,1.0491678800455155,-0.3836613591467938,0.19449249583806016,1.0536544439147866
-0.2792235977587287,0.20011510294642865,1.0014233412344784,-0.2935075926773107,0.19563785242468235,0.9752418068541601,-0.3151937219412764,0.19629238999022108,0.9562055507241655,-0.33229139927504875,0.19841889679343938,0.9421373325934987,-0.34521947189084984,0.1994083478703147,0.9293180863641958,-0.3458827081911914,0.19672405022786515,0.9772152814271274,-0.37278592388525034,0.20131372857815066,0.9660861101106094,-0.3900579514460175,0.20324143380857412,0.9599391857729213,-0.403891194264951,0.20601651916209238,0.9556826045637243,-0.3495120521401064,0.1968477837096664,0.991631431502644,-0.3816978120929135,0.2006799068144024,0.9869329636973178,-0.40200385529290483,0.20121905976507437,0.9837658628807839,-0.4186614402044924,0.20238970849007312,0.9816213622418107,-0.3473315333327956,0.1957684739167687,1.0069952690562127,-0.37749153669661595,0.1993452408545484,1.0082384142918404,-0.39614794861478364,0.2001308111653765,1.0076168725864258,-0.41144190278781084,0.20227881765539402,1.0062242939325028,-0.3404097533953318,0.19296902594102325,1.0229694246463747,-0.3615610998201551,0.19570113644967907,1.0325180329115127,-0.37511150950075045,0.195854639408851,1.038333328329117,-0.38731137471371596,0.19679272829504213,1.0422047933926413
-0.2804228771169867,0.2012080828296305,0.9946282654317546,-0.29376083033940653,0.19798797525570772,0.967771591463721,-0.3147599254149868,0.19877410843142562,0.9479848365513646,-0.33145051668537057,0.20102914333463873,0.9334553374754766,-0.3442414516086838,0.20231148405038812,0.92052495716565,-0.34629862154151503,0.19919782313929765,0.968221608045496,-0.372738462801333,0.20447455148679528,0.9563137304707604,-0.38980991597673204,0.20664448479651892,0.9497046050944283,-0.40346934280671515,0.20959262005563842,0.9450241407619449,-0.3503860278718044,0.19902510822190347,0.9824867725731731,-0.38236381914435347,0.20351826080833466,0.9770171879352333,-0.4025973182718154,0.20419585098277587,0.9734390615343467,-0.4191923627392022,0.20555332930411524,0.9709478392947228,-0.3487355336434528,0.19783694154535045,0.9978912114122822,-0.3788588666058425,0.20185128746576345,0.9985502355226002,-0.39748239640689753,0.2029051793646493,0.9974926013326035,-0.4126831906554575,0.20530511353229172,0.9955861880408166,-0.34239005923517946,0.19489743118097108,1.0141036289622827,-0.3638023202551458,0.19814001866302025,1.022879761803662,-0.37754422113354535,0.1983819899705934,1.0282235840872913,-0.38990506108870154,0.1993783225654069,1.0315284170141634
-0.2814309876148863,0.20209569767617724,0.9886591741296098,-0.2940308790135025,0.20000466323108615,0.9613384615241731,-0.3144523212598346,0.200818976337859,0.9409571647040798,-0.33088289297919166,0.2030413357837214,0.9261293262158038,-0.34369480420965104,0.2044100163330867,0.9132285978233031,-0.3467654552423813,0.20097413285912508,0.9608902016240134,-0.372737581690399,0.20705676224627068,0.9483539787582791,-0.38953378899095226,0.20979156140118319,0.9412665281427406,-0.40299256688074575,0.2131166539139325,0.936268203754284,-0.3511634371496204,0.20057117141203396,0.9751652869183567,-0.3829190336669797,0.20574619685237916,0.9690427782441517,-0.40308320132450554,0.20668733298361772,0.9651469844369939,-0.41961052382262104,0.20833909674208292,0.9623967618925161,-0.3498250002743808,0.1994220815630616,0.9905934080725287,-0.37989873224387377,0.203841792661724,0.9906291003849826,-0.3984846307016326,0.2051456105730505,0.9892400079340796,-0.4136217512690228,0.20764337257663168,0.9869845684343517,-0.34385024881164067,0.19663226264187056,1.0069083515856887,-0.3654272769259959,0.20019554902365813,1.0151396729333917,-0.37932083191628274,0.2006804338756392,1.0200578883492368,-0.39178092820214655,0.20181706914050365,1.0229142889746186
-0.2824338411527385,0.20358790297058285,0.9851596312929022,-0.29471133110871733,0.20214009965017837,0.9576511211278167,-0.3147105310474443,0.20329032092694987,0.9368712110666501,-0.33090315932554737,0.2056475458992935,0.9218043718943856,-0.34375579369819353,0.2067585206478358,0.9089193932885969,-0.34747414844599417,0.20305688175885556,0.9566913534121596,-0.3730432952573712,0.20981323621371178,0.9436807030805604,-0.3895899184295635,0.21303076524070377,0.9362187709657194,-0.40290920376923844,0.2166517459453101,0.9310551166420292,-0.35202907417336377,0.20261688116046164,0.9709264184453591,-0.38353300825345976,0.20842601753721446,0.9641117296791342,-0.40361203119605976,0.20966821837507596,0.959875413039035,-0.4200711345390817,0.21152689402647024,0.9568608353768597,-0.35086969538767526,0.2016042856626179,0.9862684907264536,-0.3808829157452296,0.20637646319877245,0.9856380939926278,-0.3994264259941907,0.2079239566222168,0.9839621965565525,-0.4145220449977906,0.2104393778995052,0.981461559811423,-0.34516231725596447,0.1989674580513123,1.0025618019351294,-0.3668045022993479,0.20267921694212263,1.010552951771035,-0.38082235560071465,0.2033515493043494,1.015080929739237,-0.39334379685643284,0.20456601224006452,1.017619345065456
-0.2833676502274705,0.20563677213153952,0.9840033665792656,-0.29542579066765084,0.20432167918180175,0.9563913618488085,-0.3152124758912875,0.20608726687547885,0.9354517950605117,-0.33111032756691094,0.20891474285533215,0.9201537215069829,-0.34392550692015655,0.2095199410071629,0.9071979481907496,-0.34818762614789833,0.2056488568064058,0.95503205357037,-0.3735208146008815,0.21279232076153426,0.9417690561052429,-0.38992728976758506,0.21621268373490315,0.9340910126003316,-0.4031741758271261,0.21992436314029776,0.9288069199710828,-0.3528287183226626,0.20527862664822813,0.9691018417780181,-0.38408651265624183,0.21157716598097426,0.9616210258719308,-0.404068854009966,0.21306288181183308,0.9570215382461834,-0.42046032385457593,0.21498832343100566,0.953696357436205,-0.35182917721701434,0.20437731139117163,0.9842554233918811,-0.38178286602395034,0.20941154864778735,0.9830732826172484,-0.4002853597706797,0.21121468415974548,0.9812100682058267,-0.41534154217392266,0.2138062681636872,0.9785542622592327,-0.3464087137916281,0.20172875113759542,1.0004227893814512,-0.3680763838656473,0.20549791976526682,1.008317423295388,-0.38218891049880704,0.2062518029706126,1.0125273019878824,-0.39475046332617836,0.2075229268692892,1.0148287359561694
-0.2838788467526937,0.20727174317709088,0.9827343733645715,-0.29547198896681276,0.20575663030746041,0.954934112355512,-0.31514699131059115,0.20800218645122295,0.9339353640665683,-0.3306981957327654,0.21137041553948485,0.9183924416709992,-0.34332273735881674,0.2116388349013923,0.9052396454413488,-0.34844309625475567,0.20763157960585538,0.9531997393596675,-0.37367085478919576,0.2150554073708679,0.9398898333917065,-0.3900063944533097,0.2185568395466222,0.9320979286868658,-0.40319095240638764,0.22224392183237834,0.9266434768356374,-0.35317479504694577,0.2073380819632662,0.9670789960238584,-0.38421414124276504,0.21404497690395471,0.9590627338688448,-0.40410360280318064,0.2156952147070982,0.9541289079744653,-0.42042857232837444,0.2176246066484036,0.9504933539241219,-0.3523442234809207,0.20649340836537272,0.982015460215316,-0.3822366125962759,0.21178542902713193,0.9804649554583369,-0.40070502460241314,0.213873386648582,0.9785614504260955,-0.4157260289192708,0.2166171137990908,0.9758596672979228,-0.3472413405574529,0.20378519879533227,0.9979686818707714,-0.36894133452233663,0.20761884968959818,1.0057425603082284,-0.3831119485436249,0.20841713544632195,1.0097439681323246,-0.3957004772907863,0.20976196319053386,1.0118476187761587
-0.28377563608331985,0.20839934840319513,0.979002253740145,-0.29469963549582007,0.20670602853627854,0.9509424973220941,-0.31410850816575675,0.20918437357658054,0.9297234224867418,-0.3293244904456621,0.21285795922057846,0.9139200679523473,-0.3416761965478189,0.21321330500561292,0.9005127477645,-0.3480363537072283,0.208869869737761,0.948814422053228,-0.3731400018579468,0.21671245154761265,0.9355100101416379,-0.389404901437757,0.22035138608465776,0.9276337890031505,-0.40251370636576506,0.22404472585090962,0.9220038099687462,-0.3528968095294916,0.20865239290908943,0.9625942361750458,-0.38370188246251513,0.21590561022122776,0.954160836435839,-0.40349897063906015,0.21777005084023687,0.9489401310395814,-0.4197784578141802,0.2197310529062695,0.9451221204677307,-0.35222767148010903,0.20785445735466745,0.9773736360700621,-0.3820089786173092,0.2136617619506303,0.9755533522352801,-0.4004315530827086,0.216125211186561,0.9736545872698409,-0.4154252980709577,0.2190367810129342,0.9709771605558705,-0.3474180460108062,0.2051920611463833,0.9930878043371318,-0.36914658847221155,0.20925113386119215,1.0006650184963233,-0.3833464022591187,0.21015213289583623,1.0045390752358654,-0.39595356460080927,0.2115490777410287,1.0064917571097918
-0.28341494134919637,0.21040539751752288,0.9729526368436119,-0.2937949163128812,0.20887839275431727,0.9446776407908665,-0.31273342288076217,0.21161294309200415,0.9230685947047045,-0.32769948464855425,0.21535944731401183,0.9070452347560839,-0.3398355740842276,0.21596730739940526,0.8934513762822591,-0.3473388247733566,0.21114286053158055,0.9420631616441061,-0.37223723844205653,0.219445347081838,0.9286525565087053,-0.38842396665057644,0.2232432920982221,0.9206908289396035,-0.4014721106106432,0.22700741726199636,0.9149675877122752,-0.35235972591576686,0.21098765233963254,0.9558265937832422,-0.3828886776640624,0.21898030280406636,0.9470639141331075,-0.4025850422472895,0.22122177565106488,0.9416154624624961,-0.41885583069683124,0.2232741004540733,0.9378083844953586,-0.35184635412081405,0.2102159728105189,0.9705575760731503,-0.3814267795732301,0.216893579468989,0.9684665299047166,-0.39977429024417016,0.21980028275261845,0.9664702662282821,-0.4147394848000382,0.22285395207656444,0.9637914050896295,-0.3472777103720649,0.2076373321100317,0.9861029339953035,-0.36900240183201083,0.21219140638110615,0.9934048509846386,-0.38321761800051757,0.213324029618906,0.9971597971025317,-0.3958307236679196,0.21479958460547285,0.9990137837841396
-0.283294204486751,0.2144295342092102,0.9667421972161655,-0.2934771982082197,0.21334227020234658,0.9383753940578212,-0.31200810167229703,0.2164730870919425,0.9164687906758783,-0.32685472937013305,0.22022370708113997,0.900335661454787,-0.3388463486711967,0.2208706518294049,0.886615979318837,-0.34690043983938246,0.21579008159048246,0.9352245491929931,-0.3716011158492868,0.22432063957648812,0.9215932322597808,-0.38771404869994,0.22822648798034867,0.9135346092058735,-0.40071565340044757,0.23209361283991733,0.9077742437895461,-0.3520638114847928,0.21565237136517898,0.9489582293479089,-0.38236360007430137,0.22430967372515984,0.940033105358506,-0.40196637030148424,0.22698985127765006,0.934446992968514,-0.4182357720353171,0.22918258344940426,0.9307129697547728,-0.35169922049445096,0.21485789006861963,0.9637089237406326,-0.3810426945867238,0.22244136975803216,0.9613817282812669,-0.3993121909254637,0.22567918456067804,0.9591891956594549,-0.4142388891881996,0.2288304946679386,0.9564104972202052,-0.3473180829383864,0.2122556730270936,0.9792026580470217,-0.36900465549770806,0.21742542742497065,0.9862016589264587,-0.38322588756118064,0.2188929330381113,0.9898152184370687,-0.39582350913620823,0.22061005714735596,0.9915634687500563
-0.28329726776115133,0.21980568682638396,0.9621834248766423,-0.29353886956450387,0.21907577920634722,0.933826276695908,-0.31193247757629644,0.22252000065253788,0.9118511045176745,-0.3267639864640213,0.22629175436469873,0.895708998681877,-0.3385797517774708,0.22674453099844794,0.8818298837152132,-0.3467075688415987,0.2217282483986508,0.9303023352511062,-0.37127662370265324,0.23030682932643728,0.9164648460015183,-0.3873013381102561,0.23433870394252543,0.9082931767985051,-0.4002098229628311,0.23836932270320893,0.902436273144334,-0.35193391410358726,0.22160165812763596,0.9439403725974108,-0.3821665606704089,0.23057052887865384,0.935095580346349,-0.40170997448171925,0.23355784000422655,0.9294575352272376,-0.4179364059438685,0.23591423875014295,0.9256372285027633,-0.3516739212362324,0.22081190064527806,0.958683247019348,-0.3808680569547916,0.2289268288509034,0.9562718460627243,-0.39909547522094563,0.2322846460096081,0.953915699262426,-0.41396894401193024,0.23551285322984597,0.9509463818826257,-0.347420831598091,0.21812139607028458,0.9741991435003885,-0.3690766237938931,0.22367735132859642,0.9809945705476995,-0.383293780119248,0.22546312910597682,0.9844785754579568,-0.3958530626779123,0.22758071958857523,0.9860550258601736
-0.28279102273761925,0.22478316089022327,0.9596026721703191,-0.2931151040139526,0.22414620329893964,0.9312732059486813,-0.31151886602498496,0.2275956599770926,0.9093073583257983,-0.3263218899947311,0.231388649070605,0.8931440951078227,-0.337926126682643,0.2317839382317658,0.8790859093695973,-0.3461825947478869,0.22682520059023004,0.9276917794571051,-0.37061214128008335,0.23559884064395736,0.9137301494422599,-0.3865286581345948,0.23983756160218112,0.9054523841528275,-0.39926414930379817,0.24411733863845442,0.8993968938839635,-0.35138388878868493,0.22675345070343808,0.9412135347390304,-0.38166473837755066,0.23574705555339978,0.9325608397295844,-0.40117777046153336,0.23887245769814838,0.9268925027380774,-0.417313822588891,0.24137179295995462,0.9227906029944298,-0.3511515960058643,0.2260727952903094,0.9558879289376908,-0.38031495289947537,0.2343129289449287,0.9535292668678742,-0.3985179632038585,0.2377500761750467,0.9510999510707441,-0.4133166214950299,0.24111849944150632,0.9479200644510213,-0.34695792372989104,0.22336057457724495,0.971419221318709,-0.36863095353279846,0.22892643210033325,0.9781512947296589,-0.382843604775254,0.23091145265254173,0.9815446801383766,-0.3953636504802255,0.23337200211646866,0.9829227641677469
-0.2815000559777856,0.2285939773365651,0.9583655921102533,-0.2918133637199957,0.2279336466885176,0.9300327371106938,-0.3101283744922186,0.2311699289281327,0.9079605254633804,-0.3247631794730004,0.23496723223278643,0.8916457979586717,-0.3362571135415176,0.23569878018774013,0.877510683311148,-0.34493858807344796,0.23060580552631857,0.9265462333061205,-0.36915815550279635,0.23979370434620187,0.9124855901827288,-0.38499727525004646,0.24420723789951315,0.9041509234506613,-0.39756246902902337,0.24870556640086136,0.8979011926414109,-0.35010276722403566,0.2305842029611013,0.9400153686200231,-0.38036999494483753,0.23965405592443703,0.9313946607449208,-0.39984894851943314,0.24285878697194055,0.9256538706879567,-0.4158992718944909,0.24544545493778677,0.9212788615559446,-0.3498574011309957,0.23001985037798717,0.9546412530537237,-0.37900508348392237,0.23831290256145254,0.9522743196695912,-0.39714988713694854,0.24198963760042955,0.9497617790606735,-0.41184578250048315,0.24561613816519184,0.9463946742875792,-0.34567341137948265,0.2273211560576575,0.9701641577445005,-0.36738865977752055,0.23282065181446585,0.9768142206500534,-0.3816081090818378,0.23489880332194657,0.9801222977740588,-0.3941200600359864,0.23747237445743866,0.981360352151925
-0.27983659670234756,0.23210224021061399,0.957582278927485,-0.29008252335643336,0.23158234713503711,0.9292220651806634,-0.30813701623941625,0.23474051798827553,0.9069250493954745,-0.32248066778191853,0.23855883478221473,0.8903585929230015,-0.33401012322827883,0.23975071539869547,0.8762838557465245,-0.3431862173639946,0.2345340686027999,0.9256154496427407,-0.3672208433128403,0.24405318565286344,0.9114581270738786,-0.38306672644507683,0.24845643156758593,0.9031308780982237,-0.3955845290022094,0.25299208921235894,0.896813392991994,-0.3484036179342322,0.2344916300275565,0.9391464956188406,-0.37850975661197644,0.24389778220159725,0.9303244422216729,-0.39793314925805306,0.2472003471059585,0.9244523482940318,-0.41394141745185886,0.2498471994844264,0.919960805303429,-0.3481842049393527,0.23390184706216266,0.9538411139760199,-0.37724440570686607,0.24244462881921183,0.9512935492736119,-0.39528568137555714,0.2464618419099548,0.9485660024463269,-0.40985482674177803,0.25039812456799215,0.9450017460625727,-0.34401274287811845,0.23114381628334135,0.9693953841140105,-0.36574061846592054,0.23688715353116865,0.9757932980642107,-0.37997248286558294,0.23905830990425503,0.9789862500177621,-0.39249277746360356,0.2416212908033658,0.9801602669684834
-0.2782688353648928,0.2361477151275216,0.9566983629915302,-0.28844837569958887,0.23603548198727045,0.9283097140650161,-0.306186130615435,0.23950076905938145,0.9058050588715205,-0.32028907231958537,0.24341378500295352,0.8890550527735922,-0.3319501801112802,0.2447928593309299,0.8751064375036507,-0.34132368791733786,0.2396127173517767,0.9242476968812802,-0.3653505302326526,0.24918654504046298,0.9101140742750659,-0.38129386313816677,0.2533888388674148,0.9018694078303588,-0.39389219471938586,0.25780364326158367,0.8956268336234903,-0.3466955292121195,0.2395569263253216,0.9379050519830618,-0.37659068509211374,0.24943604351760998,0.9288847077901203,-0.3959455063484648,0.25285030027359756,0.9228522664215602,-0.4119288208545138,0.25559360309856977,0.9183298352694174,-0.3465755987708551,0.23885374207288634,0.9527621283813735,-0.3754944471489256,0.24780404689319735,0.950013178250979,-0.3934272375832215,0.25206524505144434,0.9469599245830126,-0.4078721233952503,0.2562307805324387,0.9431583683925557,-0.34246702858044303,0.23600577056995337,0.9684294161474771,-0.36415503832721774,0.24225528639302385,0.9744786796081347,-0.37838234776981483,0.24458925420390373,0.9775756275810306,-0.390886949290227,0.24723034781571657,0.9787437581646379
-0.2768082615269262,0.24016863081826928,0.9561284815998229,-0.28690779130494415,0.24050400914334952,0.9277130272621154,-0.30441121742566996,0.24452446189628282,0.9051174147892787,-0.3184377387755849,0.24863117068219986,0.8883496181381381,-0.3303160226955457,0.24995903306720665,0.8745804387332592,-0.3395119515349674,0.244897848023856,0.9231611012698441,-0.36370497759617515,0.2544263960079177,0.9092826690979557,-0.3798257480843479,0.2583462205816003,0.9012465384054036,-0.39255554357938294,0.2626271819113458,0.8951799194174348,-0.34502044795279524,0.24497710466867798,0.9368671240997205,-0.37479697940921797,0.2552364586920892,0.9278789240355119,-0.3941008420709611,0.2587340602176438,0.9217320326397557,-0.4100468498295142,0.2616034599224306,0.9171564650888413,-0.3450244288804608,0.2442693717385762,0.9518425876169491,-0.37381703479330686,0.2536014530667703,0.9490385588116,-0.3916816051201372,0.2579475595211516,0.9457168685505897,-0.40604629914165585,0.26219492017796,0.9417076623256223,-0.3410313140352985,0.2414116255129762,0.9676567190731744,-0.36267673786304966,0.2480501146041854,0.9734382321206708,-0.3768735961197324,0.25055562232871437,0.9765408879421316,-0.3893363735049978,0.25336054886958104,0.9777723629344365
-0.27537453277409546,0.24320020485012056,0.9570256454602079,-0.2853136505060452,0.2437022680187937,0.9285561372652732,-0.3026813762073155,0.2481378440333119,0.905933506147082,-0.31670073352821604,0.2524842329804091,0.8892202214251785,-0.3288254090125202,0.2538712065360763,0.875673424843084,-0.33781728063928756,0.2490065585951753,0.9237366698518333,-0.3621490916684882,0.2586926283002574,0.910214479129169,-0.3784735771302972,0.26240409740079296,0.9024969773409268,-0.39132839109053463,0.26661537098540344,0.8966491467995532,-0.34335799317028365,0.24932628290809983,0.9373344298882383,-0.373090521050957,0.2598469907065545,0.928504061595139,-0.39238836516671954,0.2633457672071676,0.9223389679698394,-0.40830332246305506,0.2662759281780285,0.9176943229397744,-0.3434579778620358,0.24875940116673953,0.9522959210492031,-0.3721650535078875,0.2583449479567854,0.9494700450241622,-0.3900144953970854,0.2626993846127451,0.9460786668207537,-0.4043634722658763,0.2669389083993472,0.942005395123836,-0.3396094803702348,0.24595301893761654,0.9682211485961598,-0.36126670666128513,0.2526969464744685,0.9738339726599784,-0.37543452042384445,0.2552633336121757,0.977018550608986,-0.387869443812984,0.25813893712635566,0.9783633734398739
-0.2742187175271893,0.2454833717135972,0.9598181373929074,-0.28387881428499157,0.24582941342713005,0.9312504316513058,-0.3010744263367657,0.2503197756359108,0.9085074493771246,-0.3150319011406292,0.25484079801865167,0.8917886989309872,-0.32725268443039185,0.25651461924199104,0.8783611925661624,-0.3364071329135631,0.2520412767423249,0.9261943173364412,-0.36063797546936954,0.2621327891009817,0.9127878165408068,-0.3770609491647542,0.2658476117268308,0.9052838382500767,-0.3899859379900973,0.27004300043151286,0.8995810699154205,-0.3419698320121663,0.25251244203939965,0.9396339270562907,-0.37158810297121153,0.2633120250672034,0.9307563743096489,-0.3908900616507406,0.2667582720278844,0.9245745964953003,-0.4067881621596404,0.2696641279921942,0.919857517119431,-0.3421679164776431,0.25207163839125724,0.9545142184729927,-0.37080356121234154,0.2617998861690728,0.9514604469505504,-0.38866018481283904,0.2661784404253754,0.9481386407129828,-0.4030218098541428,0.27045422293431953,0.944148696910825,-0.33848570773367376,0.24933036031567948,0.9704952351746681,-0.3601953549278585,0.2560413286588341,0.9759426130591786,-0.37436810649240737,0.2585498501487702,0.9791512357369899,-0.38680997692708924,0.2613573916016053,0.9805733942331549
-0.27347817031616234,0.24825455630916196,0.9632358961196349,-0.28282010515594297,0.24838802131688886,0.9345607942694696,-0.2997389239604079,0.2527058224200446,0.9115780652491778,-0.3136257572364268,0.25728001764693276,0.8948150117577547,-0.3256957405983271,0.2591934767033839,0.8812835179391406,-0.3353059042753954,0.25520118909031864,0.9290300193103253,-0.35921286636315347,0.2656280817859491,0.9153025399830469,-0.37552554355841367,0.26956362738655737,0.9076715698037489,-0.3883999135520888,0.2738403404073131,0.9019149638417752,-0.34100558611234577,0.2556635823868322,0.9424470015125598,-0.3704148795482588,0.26670476141610433,0.9331804090325172,-0.3896535791842953,0.270212117677775,0.9268378943660532,-0.4054964836280097,0.2731817119164798,0.921976996778217,-0.34133526835249944,0.2552514802229059,0.9573124044495505,-0.36990810370398675,0.2650243825346108,0.953841390895503,-0.3877410117895699,0.26951061229805373,0.950535899678465,-0.4020745215602465,0.27396956532666106,0.946646622499121,-0.33780513714217847,0.2526830851196977,0.9733093880705461,-0.3595762783522507,0.25929503643795326,0.978630977437602,-0.3737796080266997,0.26174257865840367,0.9817502385203728,-0.3862357937031222,0.26448662662552935,0.9831710139634359
-0.2725876232601213,0.252180134244407,0.9655962293473693,-0.28174785766349714,0.252327961721339,0.9368626378856564,-0.29851991185601234,0.2565209142827347,0.9137495892700777,-0.312445958595346,0.26113926087007444,0.8970312322999968,-0.3242755804013327,0.26304855374767455,0.8832885325100965,-0.3341254873451621,0.2590558519264965,0.9308574586145001,-0.35772955450931165,0.2694210327747084,0.9165704835838392,-0.3737676107230613,0.27368052084481687,0.9085417117852529,-0.38643725632251763,0.27824942332807423,0.9025597890441907,-0.34000455082548814,0.2594584700189345,0.9444064347161408,-0.36930636768162917,0.2703684698331542,0.9346565965672199,-0.38841576918465665,0.2741491993637817,0.9280844232327319,-0.40412957771057173,0.2774339312073473,0.9230118307159421,-0.34042683697996917,0.2590734652893456,0.9593549537797437,-0.3690029518437714,0.26871741462163445,0.9555649174637253,-0.3867686822805536,0.2733902096700258,0.9521577266929447,-0.4010156040436253,0.2781267211271048,0.948278432823044,-0.33694610322237784,0.2568468739787184,0.97535601242622,-0.3587843380489945,0.2631950759072501,0.9807236595036262,-0.37300536728370637,0.26563853612414245,0.9837644909916232,-0.3854561149623001,0.268406247218408,0.9851870314141362
-0.2709826177272763,0.25651269864092985,0.9672672985534903,-0.2802284940401958,0.25697208026752744,0.9385644456412154,-0.29727832574500634,0.26126282226991027,0.9156736518316615,-0.3113565455402565,0.2661340837327007,0.8991557251480942,-0.32306486634010956,0.26798508892675443,0.8853016227701063,-0.3326635297853061,0.2629072452406839,0.9326906986151392,-0.35622365614465473,0.27288765549325106,0.9180613283841783,-0.37202583176916865,0.2774270076565036,0.9097241112346399,-0.384432376807319,0.2824482942089641,0.9035562501165697,-0.3385311499893187,0.26328025955626094,0.9463288268085082,-0.3680408650851136,0.27344912950607475,0.9364063921346972,-0.38709591718347136,0.2774852123782498,0.9298282747365333,-0.40269935339348706,0.28114523784402334,0.924672556692991,-0.3388889883929436,0.2629932807801424,0.961321095572826,-0.3675941162112884,0.2722459208136805,0.9575304803124798,-0.38533073341060986,0.2769946973958927,0.9540769789353063,-0.3995279776828193,0.2818592463641322,0.9501740749080476,-0.3353009440412648,0.2611076053304564,0.9773214271198071,-0.3572106859692343,0.267030619697308,0.9828802860562524,-0.37141931854779686,0.26945046295890973,0.9859970063358333,-0.3838509213835084,0.2722500833634765,0.9875209289836321
-0.26927638423554495,0.25996868088806696,0.9707613924513612,-0.27887042918222543,0.260871264305006,0.9421835921456538,-0.2964835389111775,0.26550091663845743,0.9197907282316264,-0.3107169411883098,0.2709086337267643,0.9035754817556673,-0.3224489970635616,0.27292822504510583,0.8897650775353954,-0.33158856545261073,0.2659005777104353,0.9372506318827923,-0.3553562821544363,0.2755908528479697,0.9227626773420992,-0.3711584243797482,0.28020400697912085,0.9144660049741059,-0.3834515479321798,0.28551310916041184,0.9083120845528915,-0.33716574454905873,0.2662206698033917,0.9507871319809738,-0.3671235417923267,0.2752947702125855,0.9411499645007246,-0.38631605564885896,0.2792157125392592,0.9349105553088268,-0.40198611351128555,0.2828885340377213,0.9299705041609859,-0.3372933083458748,0.26600343209435146,0.9656711798643242,-0.36621559455002634,0.27465603320213355,0.9621217673066655,-0.384057773313761,0.2791481955036549,0.95887488029217,-0.39835542788647726,0.2837898209472504,0.9550682244900485,-0.3334824444398308,0.26422193361084756,0.9816488826518607,-0.3554500790254848,0.26976075432667845,0.9873728933964797,-0.369625414529585,0.2721103398294865,0.9906886343054851,-0.38203208329800814,0.2749284325547281,0.9923732372775783
-0.26864226073573133,0.26206859552413986,0.9775941950908903,-0.2787071269526733,0.2632617883881539,0.9491895161734888,-0.296707737362962,0.2683996277690873,0.9272196208465278,-0.3110176220597455,0.27446676498652567,0.9113078513435628,-0.3227880810749654,0.2769367211470782,0.8976037366324102,-0.33159835861610704,0.2681931240826863,0.9453453766406632,-0.3555158925745895,0.27803393976542795,0.9312097290688081,-0.371473481751609,0.28252044600760584,0.9231443542030666,-0.3838324082653308,0.28778312961006425,0.917083060122904,-0.3368493455089039,0.26838122597524294,0.958753601309181,-0.3671497966476096,0.2767054850662349,0.9495192479304001,-0.38652482986070613,0.2802970398081631,0.9436570447222742,-0.40237151067326854,0.28364683873472096,0.9390629190284076,-0.33673339003653996,0.2680554647467046,0.9735462376817989,-0.3658326876198308,0.2761947581055079,0.9702375735271687,-0.3838393215413005,0.28028088502225595,0.967386285729773,-0.3983098719597968,0.2845501314151436,0.963803696267143,-0.33267654060559065,0.2660823759127891,0.9895334721664263,-0.35464996232609625,0.2715072232522175,0.9953437709928346,-0.36876617547238416,0.27392652900150344,0.9988557949911152,-0.3811165383631538,0.27693118551717877,1.000629361849207
-0.2687777303246228,0.2635150467510075,0.9858011407154796,-0.2792580196489942,0.2646549333096184,0.9575448985752496,-0.2972635600773792,0.27038475140094165,0.935725976332228,-0.31156221840866766,0.2770896445637642,0.9200620004523258,-0.3232261846501554,0.2802681251307619,0.9064129601313689,-0.3318185347752264,0.27091575769025117,0.9539883625652122,-0.3554644589397235,0.2814498802300043,0.9398954867424121,-0.3714076759696196,0.28600721550732944,0.9318414077611601,-0.3837159392539847,0.2912459303764296,0.9256575003685485,-0.3370166206003218,0.2709874109227865,0.967507936563671,-0.36723879842237805,0.2795847916589632,0.9582673238612316,-0.3865603380880083,0.28337964278375366,0.952356840478599,-0.40241139882288596,0.28674605668866665,0.9477900508496938,-0.33682586077545706,0.27037570636789476,0.9824824446611826,-0.3659169485146666,0.2785654916174598,0.9792266027692397,-0.38394304698642623,0.282731929045147,0.9766255042488515,-0.39842265172032715,0.2870446788540028,0.9731327292387225,-0.3326119871375639,0.26800208268964204,0.9986112903699953,-0.354493754831793,0.27376999777638766,1.0044370264902924,-0.36850073543401685,0.27664287305145496,1.008043397037989,-0.3807211534654965,0.28018664229609863,1.0097191196843767
-0.26776103000775453,0.26563454857473207,0.9917324380757184,-0.27860032462310474,0.2664084304028603,0.9635995067543278,-0.29646490845991774,0.27271828071504145,0.9418247942946825,-0.31062380424096253,0.2800937255417498,0.9263362228100155,-0.32185246302687726,0.28432818495832723,0.9126091064267646,-0.330187150239349,0.2753342827498285,0.9593308783665534,-0.35309714596022473,0.28696991913288994,0.9448930572614427,-0.3686180847745123,0.2922381311886264,0.9364568221777397,-0.3804714531281519,0.29794679111764194,0.9298170142222968,-0.335587947267146,0.27556183862351036,0.9730781651633423,-0.3651663784491085,0.28564635917956965,0.9632749633947575,-0.3840022650120834,0.2906716967898386,0.9567471794510458,-0.39945554792317234,0.2949318337893633,0.9516001690051875,-0.3355503010245516,0.2746897952520131,0.988378679831871,-0.36430735414119236,0.28389385418367075,0.9848741584752541,-0.38202861948939243,0.2890863865785775,0.982035232225472,-0.396150976876659,0.29420146760478655,0.9781812460608876,-0.3314140205793346,0.2718208809432803,1.0047352013076776,-0.3531004261470964,0.27850527585660795,1.010306420331256,-0.366943341428556,0.28224496327209597,1.0137478242612288,-0.3789447948859079,0.2866113233863672,1.0150147015143713
-0.2647970338668237,0.2693935072551671,0.9941754685869909,-0.2760800468085466,0.2696224871803107,0.9662077691333866,-0.2939235431299397,0.2763950111487291,0.9445550966089494,-0.30773800989249417,0.2845225311616449,0.9291320200912154,-0.3180961282936654,0.29007270036554084,0.9151909959582509,-0.3262577948713129,0.2818175330780733,0.9608710418403191,-0.3483211278884763,0.2946466851543317,0.9461289656835992,-0.3630909957194303,0.30112814301639657,0.937203419730158,-0.37414589281068444,0.30772103082471913,0.9300269812091345,-0.33180621619866,0.28266042990351814,0.9746618339389889,-0.3602887113480714,0.294940732412277,0.964143965746984,-0.3782250152466762,0.3017804715977467,0.9567843751158506,-0.3928460701292662,0.30749987269622364,0.9507050954126555,-0.33201645420145814,0.2817913482213427,0.9901167100346131,-0.360041423045178,0.2928665159542068,0.9861284452857318,-0.3770506174079444,0.2997445021463239,0.9826005913295914,-0.3904148445761413,0.30611415553849153,0.9779872206209177,-0.328200374347556,0.2784808423844901,1.0066847661163447,-0.34956704186808635,0.28654733500814156,1.0116261241316218,-0.36319595823374223,0.29135312404437325,1.0145607206799827,-0.37490801178371697,0.29657321499978356,1.0150930887582699
-0.2616819110111464,0.2745717680412348,0.9954138427431717,-0.27330287860636354,0.27416899711504217,0.967586843025123,-0.2910507244597446,0.2813289940570538,0.9459802680841497,-0.3044400574759139,0.2901271396861706,0.930550240292959,-0.3138201440339686,0.296808702969463,0.9164145465662537,-0.3219992706522636,0.2895520149098994,0.9610863795176199,-0.34313179489509915,0.30364846378326166,0.946139367624964,-0.3569861977249137,0.31145603693147517,0.9368162251240104,-0.36710981813703975,0.31899531306044293,0.9292103185771393,-0.32771370866168226,0.29118855973328744,0.9751479200300075,-0.35487988437245466,0.3057609696836815,0.964087735744185,-0.3717244826705909,0.3143914240026665,0.9560608203747195,-0.38528449029376216,0.32160727602964534,0.9491686429757453,-0.3281495626987059,0.2904265897238105,0.9910199423928735,-0.3551642589775372,0.3036799487473675,0.9867165560210831,-0.37113743421423157,0.3124496121956479,0.9825915328300064,-0.38346092593454606,0.32022213817041023,0.9772832719824068,-0.32454578420433716,0.2866794229885163,1.008086013329705,-0.34533072886836463,0.2963301923055695,1.0126542219630528,-0.3585568444959122,0.30233823974637763,1.0151895834402787,-0.369794681523032,0.3085345738490151,1.0150432060123795
-0.26036285253021374,0.280022774303958,0.9981770542116623,-0.27177872042466683,0.27901699808475466,0.9702805060382838,-0.289033663802942,0.2867640069878835,0.9484780646292982,-0.30228855913881436,0.29604319876864843,0.9332146537294763,-0.3111703743840072,0.3034924541239505,0.9191409512499502,-0.3188547149996594,0.29758603145782947,0.9619665526295791,-0.33829634063392283,0.31334972629872343,0.946402628513442,-0.35081765203959986,0.32262817528558047,0.9365562684037915,-0.35974655867273103,0.331115638483554,0.9284682659311628,-0.32536202450561824,0.29959095654489704,0.9772195358277622,-0.35088262809127974,0.3164658748282094,0.9655310869784791,-0.3662832359600117,0.3270451249609721,0.9569545289376207,-0.37849966039050564,0.3358694249488767,0.9494488550590042,-0.32621216877897113,0.29844989203446554,0.9945799257109694,-0.352104067130631,0.31382761313610824,0.9904447391157701,-0.36657766110793566,0.32487043190935877,0.9862451711157908,-0.37741342560322777,0.3344317188652929,0.9806214498403341,-0.3224513341407241,0.29381497707768817,1.0128003699265005,-0.3422878716044151,0.3050373078146507,1.0179570042452455,-0.3546039909569226,0.3126206657919621,1.020831149743859,-0.36479961432862673,0.3204089049089126,1.0205188050135146
-0.2605759537564561,0.28497627897682676,1.0028384903389542,-0.27170233382848225,0.283530758798028,0.9748444702010417,-0.28851763547327947,0.29212245082307486,0.9530150375912345,-0.30192447527939054,0.3019710536936755,0.9382492314609746,-0.3105600627222478,0.3103469926032458,0.9245482305566477,-0.3166835304053259,0.3056430585628709,0.9645528472601618,-0.3339973348068069,0.32298053391063,0.9481714327319334,-0.3448989108889239,0.33359066994457065,0.9377596934634128,-0.35251226883022174,0.3428228832034808,0.9291584605054553,-0.32422365520571156,0.3076164410455344,0.9808517476915446,-0.34786554881439696,0.32648805293215816,0.9682975833488456,-0.36139220958150187,0.33898065075731215,0.9591531286359147,-0.3719704573298143,0.34926663348513987,0.951044881574262,-0.3257393828521155,0.30574863678140807,0.9995419601226865,-0.35051115519533343,0.3228777479544979,0.9954288931276787,-0.36303314231115635,0.3360674383646922,0.9911513884789884,-0.37203944172084286,0.34723369174196317,0.9852641482178102,-0.3221110279749255,0.2999934571582772,1.0185536030951587,-0.34108831540470486,0.31252364366379554,1.0239273160722275,-0.35221854584155265,0.3217071025859046,1.0269665395113747,-0.36091321607884597,0.3311259366835687,1.0263394530608612
-0.26115669373026695,0.28980774392494985,1.0081742770154873,-0.27333266548319196,0.2879675473322316,0.9806441042236491,-0.2906843956525266,0.2970015704049048,0.9594214852387574,-0.303612590424462,0.3078168010718071,0.9449073566625545,-0.3109548263650734,0.3176111079473878,0.9313940198022597,-0.31650617436549416,0.31340265784354315,0.97048234906787,-0.33375027427484016,0.3310919184123511,0.954406351584732,-0.3442041864093134,0.34214135800261525,0.9439924537479764,-0.35134595413738157,0.3516154444266487,0.9352508847042837,-0.32308488972045213,0.3161612094021399,0.9854274730804709,-0.3456273441146696,0.3361504881214036,0.9725841714365995,-0.35802019188962203,0.34944004859304234,0.9629684805917492,-0.36750584835639916,0.3602545509728474,0.9542212926901361,-0.3246437049404869,0.31481214226577514,1.00244628234544,-0.3482841124550341,0.3331975851627008,0.9972432931334836,-0.35963551156252976,0.3470274599394091,0.9918631962544222,-0.3677064727558687,0.358398581638548,0.9850797297251199,-0.3222551648724974,0.3092258517201031,1.0203791810414944,-0.340932628516072,0.3229276593493884,1.023450438560567,-0.35161019191023135,0.33303523611994723,1.0245824095210718,-0.3596557568942139,0.34271144016863764,1.0220634964603188
-0.2617960644674888,0.2948130295523924,1.014139805083268,-0.2760455775668069,0.29230363865031594,0.9876784113310619,-0.29414402618324575,0.3010420426999655,0.9669617001618618,-0.30509434984414435,0.3129963364392874,0.9517317088394243,-0.3096631556454437,0.323896537638921,0.9378479493976168,-0.3184126628859642,0.3203447984439361,0.9797355035700344,-0.33737992146209234,0.3378968999621092,0.9655625204459849,-0.34838874282843896,0.3490696936563574,0.9558775735943909,-0.35565096720283684,0.3588145507984209,0.947542344406537,-0.3220367966275234,0.32551875376613243,0.9923398881144572,-0.3437632698944694,0.3469747768830889,0.9804957612014018,-0.35594474728593545,0.360360385765417,0.9707441619819527,-0.36486832432328237,0.3712899753286874,0.9615594855395496,-0.32205399768185994,0.32634822394132645,1.006193519704685,-0.3436191163888015,0.3468297871487005,0.9999153274133028,-0.3544068934672143,0.3604769572634111,0.9931003619671841,-0.3622020765289627,0.37129308203200917,0.9851817252499755,-0.32022820230901916,0.3228612560889818,1.021757417830498,-0.33762227439262876,0.33846141976900995,1.0214396872496985,-0.34759395574083346,0.3490431915871937,1.0189807234959563,-0.35521115271537823,0.3577686793327754,1.013453596071724
-0.2621822175900858,0.2986310865391612,1.0223846391931837,-0.27628377053131575,0.2952568823808962,0.9959401317006933,-0.29297691012604665,0.30416784304986655,0.9741449593051427,-0.3000646544207898,0.31725829882311085,0.9576170673879313,-0.30121217049679844,0.3284367525450793,0.9432583582495175,-0.3190679458671174,0.3271980911924055,0.9909377543656392,-0.3375901070195364,0.3472223922654317,0.9797724720578257,-0.3473444498181001,0.3604005896769288,0.9713456356478622,-0.353085279649421,0.37178203198837534,0.963950783860544,-0.3201154673117635,0.3358658468225042,1.0049394423229265,-0.3378834141696705,0.36186534537983783,0.9959388839975192,-0.34841193219440586,0.376948219841276,0.9867566288219352,-0.355259326891747,0.38949470594285307,0.9778603763032391,-0.3176703314262603,0.338637276395935,1.0193507559091954,-0.33328427374863784,0.36426007033088936,1.01448848166456,-0.34183696609739733,0.3794295262588707,1.0077206015753686,-0.3478553894403702,0.3911886372282236,0.9995990173019416,-0.3138253778367239,0.33641534709952237,1.0352056930575508,-0.3254943223582513,0.35665280257227294,1.034657119491469,-0.3313849918159727,0.3692814235384526,1.0298329333117187,-0.3360574233220941,0.3782692694109331,1.0219530872406237
-0.2612193717935739,0.299856823262396,1.0331139503236941,-0.27021825364482793,0.29586179756213804,1.0046076190855675,-0.2784134341671801,0.30798913013375045,0.9797306721219939,-0.2791174841189805,0.32270921204441994,0.9630696137830258,-0.2764933359918247,0.33417153074146577,0.9491349000947381,-0.3119501434702895,0.3400201527235184,1.0038861865791668,-0.3172920387353262,0.36866060204495366,0.9994257567931234,-0.31574317939983343,0.3865227385505087,0.9951398757233386,-0.31362793121392285,0.4004547840802243,0.9908268696176962,-0.3108130071977657,0.35067518682750465,1.0308803562525048,-0.3123684427483559,0.38337665729903364,1.0299431475271208,-0.3107443928243426,0.4033850558613592,1.0255065888673414,-0.3076364738684511,0.41939755065525713,1.0213370221328173,-0.3054819892948511,0.34849498208885243,1.0521869849443668,-0.3046668511463901,0.37872004612427435,1.055308767858549,-0.30498177174604924,0.3973639440526369,1.0541378555997176,-0.30340989683656727,0.41240445883274074,1.0507070589205783,-0.29965387137382804,0.3398779697676482,1.0674671574951764,-0.2973625615022368,0.361980297336875,1.0746960452595837,-0.2935127167806843,0.3761442561780069,1.076115831169894,-0.288358571156822,0.3876306770125194,1.0736254731611912
-0.25889628810329907,0.3011538614891875,1.0422405717561398,-0.2595055730790391,0.29701212874032173,1.0123737699984747,-0.2514353508264129,0.3142038370934541,0.9906387212058231,-0.24580591302575105,0.3312560373465638,0.9775124399600827,-0.23955222701426532,0.3445226117393517,0.9666802396281637,-0.2763271354398573,0.3683643911762207,1.027412333083201,-0.2606008252257612,0.39307223318580115,1.0307157141560077,-0.24758032467162017,0.4060952267351676,1.0315474993814937,-0.23823604913341967,0.41747691060245934,1.0309818349857647,-0.28367582072607744,0.36036631769731065,1.0726853329362194,-0.2683747524317285,0.3885276944597216,1.0794305593108098,-0.25352877570256227,0.40241711591590856,1.0824862998913711,-0.24249632277402844,0.4147866205184228,1.0854400728655031,-0.2891337131323893,0.34427672284611116,1.0859983985730082,-0.2796581182620642,0.37115850310421933,1.0965600019890605,-0.2762753352141088,0.38854876133395777,1.1024930314023242,-0.27085503752940066,0.402619565746825,1.106111190826556,-0.2927407933483646,0.33292077420293886,1.0881149490260258,-0.2908219318037716,0.3528317885550881,1.100193412548206,-0.29006317354789585,0.36569155529444913,1.1073701466092414,-0.2861424286238015,0.37686738732342684,1.1123131721413702
-0.25793834181129915,0.3069796480166585,1.0455567809289374,-0.25803493968206037,0.3029605200145692,1.015667178982265,-0.256045296852166,0.3226633480679391,0.9946687133851393,-0.25338237530506774,0.342158932531855,0.9842957486204121,-0.24795938137192336,0.3582721564950952,0.9777077064839351,-0.29725928186191275,0.3642927422452268,1.0310640480842697,-0.2870195669463056,0.39189011385946204,1.029567406956462,-0.2752274669628694,0.40595867123067536,1.0278804766668264,-0.26767120191068705,0.41842422619582387,1.025714608002894,-0.30825926451498964,0.3536932964112512,1.0637958456645509,-0.30889371639162577,0.38642496903290363,1.0647544848836827,-0.30058579071077335,0.40521531532998195,1.0640075840579177,-0.2994871367742969,0.4219738140470879,1.065186616199664,-0.30893476009346504,0.3427058516483329,1.0740459744624837,-0.3241944369738843,0.368438773573557,1.07942402851625,-0.33772639303206337,0.3812874917657116,1.0803523315504353,-0.34670159434698355,0.39392748175453807,1.0807192864171344,-0.3078224969153797,0.3363727764646513,1.0756675902528001,-0.3207426238945647,0.35438012765893784,1.0830720095428468,-0.3303372522204551,0.3646476820652347,1.0875413786556205,-0.33717842692636607,0.3748259823484784,1.0913236393153765
-0.2605015253178017,0.3131133140129715,1.045991916958587,-0.27045447210537316,0.31105859290681415,1.0175970583219247,-0.28642639870922504,0.32402191651513546,0.997349948135234,-0.2961132498440854,0.3404382186049799,0.9858853372150165,-0.29935332978325335,0.35683379118781544,0.9785960141635096,-0.32129138256009654,0.34005167987039964,1.0210944451347979,-0.3412607525927825,0.3582344875158851,1.0092912090167885,-0.35211829042507914,0.3696624436087449,0.9997340465671654,-0.3608360409906504,0.37942760977121576,0.992964959177185,-0.3255719696193586,0.34026799907859,1.0373037613488285,-0.3534746347292218,0.3545736155528652,1.0278446637171819,-0.3712727857442084,0.36177110133841245,1.020490846834719,-0.3866723894282335,0.36666161821358084,1.0157601505241003,-0.3231734394735647,0.3403692478595744,1.0502316926526098,-0.3507500176569189,0.3526225885359013,1.0465775918498215,-0.36843470363022546,0.3571985067006738,1.042656113118525,-0.3827443714715463,0.3616711503253284,1.0386954178874983,-0.3183881848759354,0.3398871110697969,1.0598246392107993,-0.3379126030401812,0.3525100826808824,1.0621650422249935,-0.3512680497508952,0.3586270963356456,1.0634569453054061,-0.3628463748270611,0.3641090100532677,1.0642289389156043
-0.2649192308765908,0.30760522439195603,1.0501023175079762,-0.28044305977504363,0.30865654224163036,1.0242671381455861,-0.3014721991871452,0.3167473738667545,1.0062280303925633,-0.31818843479976905,0.3265118083035113,0.9952740060252601,-0.33091857855866336,0.3363858216162777,0.9867361813691985,-0.32752413268587643,0.3261826604493633,1.0222370785747414,-0.3531402038555819,0.33519338812896265,1.01077713526139,-0.369403037135144,0.3397968979704184,1.003418357292912,-0.38230310819594004,0.3444545119956201,0.9980264200328884,-0.331253136841853,0.3282476851345982,1.035245486607863,-0.3614188974987761,0.33702575169259286,1.0259904154336414,-0.38085389964390753,0.3404598371480028,1.0202333022134678,-0.3969275362592088,0.3430582725882135,1.015951856693909,-0.32961211559627746,0.3300105623259926,1.0488932060820468,-0.3584149654075348,0.338789387261219,1.044734774861441,-0.3765058892993666,0.3416022620904448,1.0410103489459166,-0.39121497616470796,0.3444702815616838,1.0370259456862538,-0.32461275924786465,0.3304242785007857,1.0633318000644647,-0.3456233362534203,0.3401441786673855,1.0665096921111525,-0.35986681001046983,0.34362738544028726,1.0680735183079886,-0.3723817785165744,0.3463502314485968,1.0688899964872776
-0.2644310821256933,0.2869201909118237,1.0597458976233343,-0.28180761873897464,0.28982276447546296,1.0352677018644287,-0.3046945167484283,0.2963518150374021,1.0189380641590358,-0.32394984730979404,0.3026518117781056,1.0097560355811228,-0.33997601560958723,0.30739130634545103,1.0024658867655454,-0.3282571456852952,0.3026421838377631,1.0329127287693585,-0.355003024967812,0.3093621576281978,1.0225104929571183,-0.37211294922125665,0.31283338822742696,1.016592324955369,-0.38560871099739935,0.3167995245224013,1.0121977412243806,-0.3317619923400481,0.3050526387746491,1.0461522757835624,-0.3625218856190905,0.3133720188572849,1.0385825471589798,-0.3824629862895858,0.31625462431703955,1.0344960212825434,-0.39876348907146847,0.3189193280345109,1.0312345186119056,-0.3299359834537333,0.30683734277923624,1.060768353112591,-0.3589372019017553,0.31569041507725,1.0586430498104804,-0.37727208705587273,0.3186766965314544,1.0566482440738802,-0.3921687465658108,0.3218666150090655,1.05375476917571,-0.3240363417594226,0.30679576275143877,1.077387338510921,-0.34449420777811546,0.3159156019573828,1.0840449697739447,-0.3585791324542553,0.31852010266130676,1.0875501515688286,-0.37108214556189306,0.32055409960487147,1.0896098805254681
-0.25557525669089937,0.2660918547937499,1.0690834805840737,-0.2755084052117584,0.2676735342967907,1.0465065253958428,-0.3006288475358891,0.2731241953359112,1.0333783366022,-0.32117683998595703,0.27804456968616253,1.0264258345136503,-0.3382517305536123,0.28066486817142305,1.0205923709771916,-0.3223914920624619,0.27907663335892635,1.0488856436155045,-0.3498102001429415,0.285401904928162,1.0401156947555958,-0.36721406649067884,0.28900607227648156,1.0352229372300314,-0.3807445662105376,0.29343839119052945,1.0314205280499915,-0.3240163534909831,0.282918787202861,1.0601563138994479,-0.3549879547021705,0.2918676106072647,1.0543802954577155,-0.3751275349598449,0.29483418892870505,1.0515074355527303,-0.3915016527477641,0.2978313620710914,1.0489875831093214,-0.3208801912566105,0.2865108539211326,1.071721746631591,-0.3494143099007157,0.2969474247484764,1.0708016720260964,-0.36766179799212567,0.30086738786873374,1.0699483210110696,-0.38252628314122433,0.304755598180414,1.067853770161951,-0.3147740230489542,0.2889525632019104,1.084313051861943,-0.33412388129248566,0.3003529446025672,1.0907655004739234,-0.34779415771648925,0.3045738511301267,1.0943379390026313,-0.3600149364074089,0.3080323153372542,1.0961809141046317
-0.24868757294394603,0.2626577837933401,1.0728622987041596,-0.2718994458694417,0.2587800115232902,1.0540016819833675,-0.29874265235688535,0.2626212233567448,1.0441131519385187,-0.3197641802514458,0.26701020307330203,1.0383166370552621,-0.337072951987311,0.2687581629947062,1.032857863750816,-0.3178730860849721,0.272752106323199,1.0605158082757138,-0.34558727462712324,0.27921515878179254,1.0528438253117005,-0.3630188254715353,0.28304155815997184,1.0482261023570496,-0.3764623899984535,0.2878011068403279,1.0445118785663656,-0.31759565671212764,0.27904798687290355,1.0673795142909028,-0.3486266912136834,0.28810262483687865,1.0621095674171803,-0.3687630982693817,0.29106792453502045,1.0592132399989411,-0.3851553888675987,0.29390118692349,1.0566228983812507,-0.3132812690868425,0.2853494316566715,1.074034470866891,-0.3414512327295912,0.2966370602842377,1.0723003823333737,-0.3595345850449828,0.30115089838308634,1.071003164109645,-0.3743548770399687,0.3051551981381717,1.0688162095856655,-0.30686351831810643,0.2911368741712985,1.0808339083040448,-0.3257332791073432,0.3045422930269908,1.0840349513021759,-0.3390520654566239,0.3105830300051716,1.0859255209007657,-0.3509317571429066,0.3153979901754484,1.0865532530956743
-0.2523808827795165,0.2764342944008239,1.0746301064412023,-0.27462798790322307,0.27049190328038286,1.0551543438896924,-0.30084586301048916,0.2742342280748771,1.0436776849979592,-0.3212393753770453,0.2789963203420984,1.0361813863539924,-0.3378071113049774,0.28109729643244274,1.0288640661771404,-0.3214072430005488,0.2869632783852135,1.0617666507345749,-0.3486773868618391,0.2940487619015866,1.0531155355835504,-0.36593025162775683,0.2981032046541162,1.0480436706736795,-0.37929276434885645,0.30293974154825176,1.0441411901999946,-0.3212084764652386,0.2931331877345126,1.0690683621664667,-0.3522740598440121,0.3019556016575417,1.0636113984635942,-0.3723002265577306,0.30500853865795885,1.060105856229922,-0.3886680983369115,0.3076701367197326,1.0571984337128972,-0.3169093172817861,0.2992934761050189,1.0761029961975122,-0.34532567247484947,0.3099245299574236,1.0742439840300844,-0.36339291797023376,0.314314737937639,1.0724093574835791,-0.3782793960992516,0.31801915344948634,1.0701447789212342,-0.31039750344457273,0.3050852765553944,1.083129442693619,-0.3295737686107179,0.31817553407407906,1.0857630363577326,-0.34282137682477754,0.32450821301559907,1.0871242418877203,-0.35464018073586906,0.32949627971415324,1.087498445619601
-0.2622048901929223,0.2931801731750624,1.0772377216700648,-0.27972698637092935,0.2909628569011616,1.052791644691406,-0.3031961908301126,0.2965180126862382,1.0369350260234345,-0.32195348196312223,0.30265194111255866,1.0266731395410063,-0.3369408795066394,0.30646511021437306,1.017014733608659,-0.3291266680694691,0.3066689635556377,1.057731451351661,-0.3553831728722407,0.3148962011273112,1.0471666449779584,-0.3723046591246367,0.31948752196141245,1.041473953317866,-0.3854619867334451,0.32467869947026645,1.03733697429164,-0.3308227996165905,0.31023343383903373,1.0703245098574383,-0.3618370288717833,0.3192611057279763,1.0649113190313915,-0.38169053128269875,0.3228603185129913,1.0609691478942918,-0.3979634220681314,0.3258844311145206,1.0578882056726167,-0.3273516145417686,0.3135484279466688,1.0826846433610497,-0.3562195454214374,0.3230518188039316,1.082143714853324,-0.37437036380336586,0.32710015866806713,1.080348199084562,-0.38931985648657574,0.330660062420106,1.0782750383995094,-0.3206636724782764,0.316059746208669,1.0950742482394291,-0.34049331137538685,0.32725147842550434,1.100323091389334,-0.3539453261904514,0.3328206558451114,1.102664541100236,-0.36591944132705184,0.33730110096521204,1.103783085660016
-0.2709016023805951,0.3008934396545233,1.0798900137050023,-0.284651774311471,0.3010101996003801,1.0530484384054275,-0.3058127235959341,0.3081487218777597,1.0347631603271312,-0.3233288250928979,0.3157628926014964,1.0233623728410055,-0.3370849305860909,0.3212811861432753,1.0127432793332072,-0.3360143380059921,0.3157296145776051,1.0557822146587916,-0.36144610432434,0.32502112481207623,1.0441374855625776,-0.3779846716861314,0.3302518705881644,1.0378973933698301,-0.3908278373451064,0.335912280078958,1.033403948204922,-0.3395369690692845,0.31766004872725084,1.0724676858878148,-0.3703296707003141,0.3273577059050999,1.0669496352836108,-0.3899306910723662,0.3316960884215544,1.0625184907992204,-0.40603802796859223,0.33519963151422866,1.0590945573267507,-0.3362788917852526,0.3192083727800016,1.0887784166235392,-0.36515614453653744,0.3286984203419781,1.088690407990175,-0.38326314649896814,0.3328266473163896,1.0866509564841458,-0.3981367556469913,0.33655338826165987,1.0843389456117964,-0.32853331829444465,0.3196561251307627,1.1040890368896528,-0.34843702497138335,0.3298047827074948,1.1109349855546717,-0.3619249249764222,0.3350424701637308,1.113780685825136,-0.37391336148819404,0.3394215890909894,1.1151244384568184
-0.27613991426036183,0.2990929084455404,1.0821068909925022,-0.28904058344726313,0.2983132041686913,1.054857747495006,-0.31002989000236875,0.3058642514362374,1.0365403687299106,-0.3272771735147037,0.31445436127997645,1.025426927000024,-0.34045770564717587,0.32101213448224225,1.0146697743928994,-0.3419889542892038,0.31181066480481945,1.0588017627523574,-0.3674246195133338,0.32146179831444,1.0474620461413477,-0.3836874934007588,0.3270701950905734,1.0408372079658348,-0.3963221029001447,0.33284797077648115,1.0359217079791867,-0.3450811078069843,0.3148295098853594,1.0752881742506406,-0.37556765131395886,0.3250808099682635,1.0691103572774003,-0.39491599599637056,0.32982839173103023,1.0640350612877405,-0.4108894698359871,0.3333816129579554,1.0600768812864947,-0.34135242072841315,0.31837838101122745,1.0901087657606952,-0.3696718942288454,0.3292417316271518,1.0881189143181182,-0.387496368524784,0.33399785439762075,1.0851638250249118,-0.4021724528917179,0.3379472199792771,1.082085952286763,-0.3337678819105979,0.32152184916644727,1.10296368200137,-0.35340978025965447,0.3332627429204229,1.1076930631785047,-0.366690294914668,0.33945094642284773,1.1093630614943748,-0.3784954540393991,0.3444715387338171,1.1097329731024983
-0.2791399642755259,0.2934455240935486,1.0844605113471877,-0.29290542863345387,0.2906883277982851,1.0577685484149426,-0.31486517509010675,0.2978359401021584,1.0404544835185086,-0.3323611307577437,0.3066959950643985,1.0299588499450594,-0.3454199936409865,0.31356599167249344,1.0192482759323427,-0.3467911325661383,0.3025790795762019,1.0649447742362266,-0.37289631050543476,0.31171973564392047,1.0547626964697834,-0.38914991425810697,0.31734262064443236,1.04812739755785,-0.40184435073959873,0.32285437180320115,1.0430628076654147,-0.348456681140359,0.3079030966085133,1.0786989967399487,-0.3788905714346565,0.31800307855571636,1.0720317186470465,-0.3981809339922802,0.3226876784749981,1.0666844726345726,-0.4141655496626268,0.3259522307261479,1.0625276472851657,-0.3440390565025718,0.3146002472199874,1.0898656912038114,-0.3717656173205286,0.32643182734124154,1.0859649205424933,-0.38928853604805896,0.3318120184273711,1.0823502278017103,-0.40384420823003864,0.3358383319740643,1.0788317838289245,-0.3363991881959967,0.32123620357390764,1.0988863623997784,-0.3554314385337021,0.33462903456205273,1.1009900088580367,-0.36835114064797586,0.34171626097950447,1.1015443963134008,-0.3799585454622147,0.3471801304223462,1.1011990734196084
-0.2811226944597278,0.2881344348526651,1.0874727691813497,-0.29556446381751633,0.2852375762416856,1.0611555783437854,-0.3180770336681471,0.2920390944407795,1.044421803568417,-0.3359127902481396,0.30049321199157186,1.0341660224464064,-0.34914505870587864,0.30708810489667576,1.0234954269656944,-0.3494999890203376,0.29600648848577576,1.0700502905404488,-0.37639881268353487,0.3041467333759302,1.0611679307809545,-0.3929473491572398,0.30952496310620814,1.0550815321844627,-0.40589076497593185,0.31477788624584463,1.0503854727054016,-0.35075428107232565,0.3015002687583673,1.0830207673471415,-0.3816232530623675,0.31064950906050454,1.0770139477960796,-0.4011323651190738,0.3150134449414631,1.0722173641877204,-0.4172682074635564,0.3180940408391106,1.0685310438999474,-0.3461659617819423,0.3086720752379996,1.0934901735376295,-0.3741518667644702,0.32003216930820405,1.0900693754239232,-0.39171530196786347,0.3255287424750826,1.0868477969687977,-0.4063799319532055,0.3295307918775264,1.0837834096876955,-0.3383719114709643,0.3158409792422759,1.1020987842959693,-0.35735410934967937,0.32928586006213595,1.1043194028243337,-0.37023762346614925,0.33639953161305536,1.1052497616480257,-0.38190004197540217,0.3417540553577893,1.105398199153821
-0.2821940095065429,0.28433391133567365,1.0909856638322337,-0.2965597542768777,0.2827468870044716,1.0645157232100466,-0.3189980881372604,0.2896078268895547,1.0477066677104605,-0.33711963839335407,0.2973369534316528,1.0373801299567866,-0.35068629416960656,0.3035308462149854,1.0268906737212276,-0.35023598796149563,0.29375288929159643,1.0730263090547036,-0.37769497643602196,0.3009822588573535,1.0651239813045983,-0.3946512338776944,0.30597977801350273,1.0598958078009533,-0.4078302678033042,0.3111788302597286,1.0558385784845334,-0.3520403913678603,0.29697418197328285,1.0880309744060257,-0.3835334960556834,0.30480328336631035,1.083606786407447,-0.4033611977803122,0.3087377815697961,1.0798599781481226,-0.4196636376618169,0.31174074514331035,1.0769176830914162,-0.3476420354444865,0.30173102698532667,1.1011112117004829,-0.37637183297112736,0.31160944083768,1.1001211871808032,-0.39421880961994643,0.31670096994182223,1.0979701650183529,-0.40907775342443514,0.32058367277775873,1.095826651748501,-0.33967342544324847,0.3064576340750968,1.1125658261177802,-0.35905696063149906,0.3186984732599702,1.1170891239049452,-0.37209319241952893,0.32518936099706724,1.1194085772063984,-0.38386161460867474,0.33012357296836664,1.120773405075149
-0.28221296536502294,0.2806405323037981,1.0952207768977973,-0.2966236247889869,0.2794689825453554,1.0687536011567713,-0.319026770939317,0.28641879754845223,1.0519341248476062,-0.3373765226991063,0.29361301146565255,1.0416240686288643,-0.35130383079801925,0.29965391937883,1.0315253226877625,-0.34984361515760315,0.2914300273055512,1.0764951685481565,-0.3775456832694761,0.29801059275010977,1.068879513816777,-0.3947658909788032,0.30259084321256224,1.0641562295274931,-0.4081153814547453,0.3076529469862565,1.060503230949002,-0.35218217728732887,0.2927855164172266,1.093263116464949,-0.38405055990515646,0.2995432946746792,1.0898833926161557,-0.40411131170597514,0.30290515148556385,1.086896628498372,-0.4205643420399812,0.3054992691109669,1.0844445308069057,-0.3477331258515585,0.2953442501515168,1.108620019525896,-0.3768598733725592,0.30401226152379607,1.1093001903923918,-0.39494503088490984,0.3084845948892388,1.1078893564237808,-0.40996610085876395,0.3120097009041246,1.1063403806784673,-0.33911377205732635,0.2978102941502928,1.1221752430295162,-0.35866054330131775,0.30902904640883033,1.1283463964802158,-0.3717536168696309,0.3149411571179077,1.131674037981762,-0.3835530087637835,0.31948386251542077,1.1338747520273893
-0.28119843376088843,0.27434849634318564,1.1007135268212622,-0.29630481848006146,0.27217629789111486,1.0747014196367701,-0.31912762007420425,0.27885089586612566,1.0583409447478416,-0.3377238605049216,0.2857840504599027,1.0482971122130127,-0.35198860819751654,0.29170264258502465,1.0386051366969733,-0.34916655512233635,0.2838492892789907,1.0825191371912126,-0.3769285506913939,0.2896826374164522,1.0745222460600696,-0.39423479394834576,0.29376794185139865,1.0696613928084706,-0.4078030562783271,0.2982353220781365,1.0660388301172343,-0.35137714108639295,0.28527499531350614,1.0991059358014184,-0.3833875983241244,0.2912441472806696,1.0955868786590102,-0.40359933165714296,0.2937677866896875,1.092798745998174,-0.4202165196616428,0.29536982240337484,1.0906199892632849,-0.34690102442536164,0.2880904995102994,1.114239700732057,-0.3761857071299714,0.2962278178997423,1.1146345209808737,-0.3944491704385197,0.2999513363851723,1.113351376978376,-0.4096387405343877,0.3027404447562456,1.111952779026034,-0.3382431264619107,0.291348517013074,1.1274707333349383,-0.35785192955762785,0.30249381417549254,1.1335778599530977,-0.37101291401929876,0.308150853447237,1.1370766056057648,-0.3829125593765416,0.3123387919236184,1.1394355408318584
-0.27957439034771503,0.26500494436534044,1.1062978397294432,-0.29570273146914194,0.26168791565028143,1.081030767110109,-0.31930661135521826,0.2676122948667552,1.0655112872686974,-0.33825947428508696,0.2741772957248513,1.0558958250717587,-0.35286766969026157,0.2795792513194627,1.0464160227722095,-0.3484395645023698,0.27067328024083304,1.0899753350541401,-0.37628104560081194,0.27551636287322967,1.0816025758259395,-0.39365135639077653,0.27892428438521366,1.0764565058345033,-0.40751040859454574,0.2823905826360722,1.0728385454081482,-0.3501674113511458,0.272958678702494,1.105675596836764,-0.38228561980819364,0.2781216428612133,1.101874492056222,-0.402609965582786,0.27965172869806465,1.0991844344187542,-0.41934583482743887,0.280021179963988,1.0973903823284743,-0.34563950839990587,0.27713639969043935,1.1195966524651186,-0.3751062938055697,0.28459735918051887,1.119512295760219,-0.3935476155490898,0.2873625854203756,1.118356304125494,-0.4088971661593025,0.28918233580339125,1.1171161242824035,-0.33710789009628883,0.28251331575335026,1.13164343316433,-0.3568375531753079,0.2935378470197798,1.1375780694934876,-0.37013545911899914,0.2988317518262692,1.1411270265060522,-0.38219742637357934,0.30249788054118965,1.143529818612349
-0.27944508276181285,0.25595557668422575,1.109011466420587,-0.2962918522463956,0.25241064460249185,1.0842491797724285,-0.32058337559041844,0.25734558385527845,1.0694618900436452,-0.339868389308584,0.26333152096238516,1.0601332156680503,-0.3547109644514579,0.26799733240451395,1.0506266223983718,-0.34904266044290183,0.25774297250480704,1.0950849162760263,-0.37705258322751417,0.2619683991495224,1.0869426431595846,-0.39455816169190255,0.26482169324750704,1.0819189893353134,-0.40863907085418727,0.267593573491153,1.0785689346677376,-0.35034760452596786,0.26009694377206954,1.11065620854067,-0.38258374923631605,0.26481666461814135,1.1073037288172562,-0.40296847186479406,0.26592127575038627,1.1048748357498772,-0.419744672546877,0.26579337398131264,1.1034651661692325,-0.3456398311346508,0.264620050029554,1.124236861037414,-0.37529401277894303,0.2712627711879675,1.1249211426523946,-0.3938465076616418,0.27335884249081255,1.12423080998911,-0.40927087742715645,0.27468327551407884,1.1233403404844469,-0.3370437621913965,0.270594004804291,1.1359772654758336,-0.3569143377856104,0.28093554816939653,1.142628018034584,-0.37034167359606013,0.28561459260519695,1.146535449757043,-0.3824962522134297,0.28874925473452767,1.1492084771942637
-0.28380092165486065,0.25087223223382615,1.1071845510591019,-0.30064996281162076,0.2474104488794815,1.082412048285225,-0.3251267799447288,0.2514328812308282,1.0676539613381943,-0.34444703187312936,0.2570329320927426,1.0581600338825492,-0.3592606211871204,0.261558489055041,1.04854109138881,-0.35371486639074295,0.2506720456246717,1.0948165820013656,-0.38182057953293064,0.2552081471309857,1.0871877362088473,-0.3993926061226041,0.2581923394568142,1.0824821926671466,-0.4134574165875493,0.26132593515437147,1.0793935240564352,-0.3547448912440062,0.2526941143849828,1.1104491513219221,-0.3869790734710233,0.2577873607276403,1.1076742191073052,-0.40731403006611483,0.2595573544278923,1.1052220228461889,-0.4240700654062694,0.26016419565907184,1.1037016742301542,-0.34991044686313794,0.2568122683247169,1.1240035016716823,-0.3795230195638045,0.26348633374194996,1.1255899642662428,-0.3980454471884348,0.26588262425228776,1.1250974125983226,-0.4134215648486519,0.26771954476840853,1.124285642833063,-0.3414128388949145,0.26195422188288997,1.135769551774327,-0.36133372553653487,0.27190292493023516,1.142854845438171,-0.37483027091498994,0.276257679135271,1.1468964051773665,-0.38697484077369587,0.2793275730173117,1.1496874870842677
-0.2920544404609951,0.2498884662436573,1.1018617713037357,-0.30834145685393793,0.24589832962881594,1.0767946028879123,-0.3325584208873122,0.24910725681206425,1.061421343355082,-0.351734602390298,0.25460571360570156,1.051582217447818,-0.3664679827973663,0.2596392130691256,1.0420933537743964,-0.3619500315338594,0.2489882059987476,1.089421422358068,-0.38995587863614745,0.25421376436215887,1.0818667758338159,-0.40742597209377157,0.257768699238272,1.0771782862116628,-0.42120155524804936,0.2619111071757648,1.073976418875818,-0.36303948471365693,0.2512617188595766,1.1043640423152046,-0.3952101503116595,0.25675328023111266,1.1016117814933704,-0.4153872758081776,0.259431495225792,1.0987191399555616,-0.43202364424550976,0.2610571220345796,1.0967109021184178,-0.35854966974298563,0.25548543281628233,1.1172139340065532,-0.3880363140839269,0.26273281853175245,1.1186202342987195,-0.40644420881966636,0.26580850549006474,1.11775149866714,-0.42168062538994944,0.2684411701064504,1.116577220782818,-0.35071276992900796,0.26026054686212363,1.1285200926352128,-0.37073073407952234,0.2703016381193245,1.1351892305741622,-0.3842993682349172,0.274778207932168,1.1388371500267065,-0.3964103622190221,0.2781953405807993,1.141357466056423
-0.29909762617918517,0.24904149333455788,1.0946997014991802,-0.31516203984282115,0.2439718654453831,1.069684016174064,-0.33923118217100023,0.246448451154371,1.053947479701994,-0.3585821430729604,0.2517114392994494,1.0443241418859595,-0.373612815908855,0.2568948562081664,1.0353989969498152,-0.3687586773997226,0.24797348424911297,1.0810189229662648,-0.3966067023802203,0.2535260010620835,1.0731218552851691,-0.4139744793035834,0.2572945601051945,1.0682247183861793,-0.42742493496889905,0.2621332392265652,1.0646399428069881,-0.37012265819493206,0.2505084394107129,1.095262362041696,-0.40236986941438274,0.2554863447058174,1.0924300946834895,-0.4224978156917167,0.2582008093836392,1.0892435504588098,-0.43907419702840195,0.26004922354205084,1.0869519607498035,-0.3661178469187017,0.2548812443541393,1.1074597082307271,-0.39571399782922173,0.26173383821316043,1.1084961846630406,-0.4141312574583737,0.26466736671899865,1.1073718632130019,-0.42933029215113827,0.26738350422627943,1.1059330502005307,-0.35893457097619,0.2597467196041924,1.1184480474715277,-0.3792119375768302,0.26926473696699216,1.1251005321532188,-0.3928989254141801,0.2736259972254517,1.1284322883511837,-0.40501277524803014,0.2771828895523303,1.1307362247411334
-0.30046992733450095,0.24376749293641856,1.085937865777043,-0.3175408897829043,0.23768771868407795,1.0618304061078427,-0.34210879741539874,0.23980809320672763,1.0468298195936492,-0.36204562010969404,0.24462284311917823,1.0382211816698697,-0.3776941312294029,0.24923195019858277,1.030077019309787,-0.36986030137102643,0.24354534795400617,1.0709081271066108,-0.39764568857076543,0.2491263554691449,1.0628129909428954,-0.4150443734908226,0.252580918821981,1.057795479864444,-0.4283540107704689,0.2575052265145582,1.0538227052130886,-0.3714917832196228,0.2454322498307425,1.0855528182084118,-0.4039099408854408,0.24936697343916753,1.0830498370605157,-0.42418183113367763,0.2511605436366041,1.0801360464646546,-0.4408393811628329,0.25238262523333466,1.0780201589176024,-0.36759798644706954,0.24881879791063155,1.0984653734928795,-0.3975348283885667,0.2538289546087605,1.1000927330535548,-0.416139690668545,0.2554264460799991,1.0994826010944403,-0.4314839751832532,0.257355492215145,1.0983468391584081,-0.3602388105581036,0.2527580386570163,1.1105528298110487,-0.38079070024615563,0.2604454678110857,1.1185866997668519,-0.3946442199039396,0.26387779228807484,1.1222953340492412,-0.4068389042470401,0.26692835677110505,1.1248815849686273
-0.2965787814127376,0.23379589891185143,1.0753706972156982,-0.3151275293120515,0.22727680041570963,1.0525015841646495,-0.3404007311289837,0.229650607553391,1.0387638267450925,-0.3607411029829755,0.23432981456879226,1.031073465419751,-0.37671024479424786,0.23857762390627957,1.0233669892779411,-0.3657094140994706,0.23510938104438156,1.05924008064834,-0.39352244808634707,0.24076043634379443,1.051289776837769,-0.4109855785075705,0.24388646774338693,1.0462807184523368,-0.4243246438083463,0.24852629454765882,1.0420712608476832,-0.3675887154321269,0.23591461231323413,1.0750185401497494,-0.4000891087286108,0.23937122577193587,1.072906628712628,-0.4204987458176258,0.24018656873116437,1.0705745623156828,-0.4372359327971549,0.24078031758501858,1.0688545417270048,-0.3634115431456595,0.2374058481515906,1.0898268612079316,-0.39353116707717245,0.24047249592061593,1.0925413409729463,-0.4122090764808211,0.24034337277346898,1.0929704889510812,-0.4276802009370384,0.2412996087525692,1.0925367122254683,-0.3548920419794361,0.23899824401809572,1.1042072194751882,-0.37537431480907435,0.24439026639468386,1.114077497973695,-0.3892483363792913,0.2462705832168784,1.1187068349220912,-0.4015038343848783,0.24824759192778406,1.1219624714041125
-0.29136748683513364,0.2227446332775829,1.0644776897501942,-0.3101342701519529,0.21654907175152513,1.041696691376709,-0.3353771432431381,0.21940647116730702,1.0279952937835475,-0.3554250403234254,0.2246051627250943,1.0198821691381876,-0.37101430511838845,0.22953973167633174,1.0118154472948075,-0.36013629170540246,0.22438684495146236,1.04689585198059,-0.38792638658374456,0.23012783295430786,1.0389297801985586,-0.405355525198294,0.23330709555277682,1.0338365416597344,-0.4187678272322189,0.23765617850774726,1.029550072156876,-0.3623718627473775,0.22469185128557037,1.063208582246292,-0.3948316769456118,0.22837973660559885,1.0608753709335978,-0.4152742376173337,0.22899316728610758,1.0587820434605535,-0.43202485902074883,0.22972164653561672,1.0572554665390943,-0.3581602550789408,0.2248257957867355,1.079411722181956,-0.38831463131330446,0.22735143603690175,1.0822925571221935,-0.40694566434610213,0.22641530222604406,1.0833286083198395,-0.42243604979180943,0.22712455785004249,1.083272424350424,-0.3487866456753787,0.2242490235130262,1.095458696458247,-0.36926943277672925,0.2284146463969059,1.1059048834068659,-0.3829802459063353,0.22900546621709267,1.1113011192921434,-0.3952082464778808,0.23000183860363957,1.1150678430410559
-0.28802499387740427,0.21348023109152237,1.0553467181996778,-0.3052139027640053,0.20830339318670887,1.0311125937844703,-0.3294981458093787,0.21140978187103848,1.01582463910178,-0.34856961909841866,0.21739476638422414,1.006066246317704,-0.3632265889359898,0.22342427299046808,0.9970515120373025,-0.35629074967474167,0.2135686903210088,1.0358340258634926,-0.38389032997879985,0.21930965766756835,1.0272310567714797,-0.40120599739283874,0.22266413644776026,1.0218701989624908,-0.41465400399480806,0.22685963814862734,1.0175427201227056,-0.3589737502043511,0.21384232283426263,1.0517181433081149,-0.39135123398378274,0.2176557819865201,1.0485812683737312,-0.4117581129804028,0.2185961285933745,1.0462722335531827,-0.42846783937331484,0.2198945636030405,1.0446773834303371,-0.35532057440740866,0.2136383043924301,1.0679922828645942,-0.3855109564293834,0.2165800950098758,1.0699547242115002,-0.40416953266553685,0.2160439230009393,1.070751714099551,-0.41962467280464844,0.21726445379307618,1.0704243163276579,-0.3464377038787149,0.21214401476291073,1.0844193101854662,-0.3673287694442711,0.21608130735466033,1.0941188416070369,-0.3809400000471046,0.21618797961180572,1.0997913938518826,-0.39315751774582525,0.21685810880205372,1.1036628473077357
-0.287135269219435,0.20614641105944453,1.0482238866522993,-0.3022139025521624,0.20232470843779865,1.022386308757589,-0.3252466598763788,0.20562739758619455,1.0053076670154097,-0.3432575955462523,0.21224850959687808,0.9940589144266287,-0.35706779786285436,0.21871376636914183,0.9840626193267594,-0.3549118539909337,0.20443372596660087,1.027143856569109,-0.38219495358479477,0.2103123746929019,1.017668594992943,-0.3994618910783862,0.2135284893354948,1.012070993852573,-0.4129276853770639,0.21756578402494853,1.007649362400995,-0.3579156524922476,0.20448968867257236,1.0423573454906854,-0.3902019106590603,0.20824989567482535,1.038339598879289,-0.41055605004423124,0.20944697000809714,1.0357066106803263,-0.4272246615418742,0.21104470893570296,1.0339604555971496,-0.35486410052385164,0.20420463031852204,1.0581064647281557,-0.3850700384023784,0.20747270666669748,1.0590474581238758,-0.4037502227099403,0.2077778312706794,1.0591983013429318,-0.41912706855059845,0.20958128992953576,1.0583274452735352,-0.34690556875895767,0.20244273875923433,1.0741630437896195,-0.3681990077881563,0.20624561109786116,1.0830031467019932,-0.3818231139070288,0.2064056961739501,1.088643442057254,-0.39405767355830984,0.20726704949636457,1.0924221434617345
-0.2875616556225845,0.200278031164151,1.0420120804897703,-0.30167966026510884,0.19767685166406446,1.0154891312627643,-0.32398522797348944,0.20145743704829058,0.9975652786444149,-0.34145003662155415,0.20861605872269437,0.9857965931878659,-0.354956661689005,0.21485658302079813,0.9752574241194555,-0.3550986558500816,0.19793668297526631,1.0202350721839202,-0.3820945755563054,0.2043432317472088,1.0102910755889696,-0.39944199830869476,0.2071331360058232,1.0047137087903615,-0.41295571908156276,0.21089806825430793,1.0001989745529285,-0.3582092224737234,0.19753786543297852,1.0350524482944674,-0.3903459345380155,0.20170460913843322,1.0303033541137745,-0.4106595878878293,0.20291982025375813,1.0273818213901835,-0.4273198366533489,0.20437226613749887,1.0254399283600566,-0.3554219338082331,0.19690391940259,1.0505108136965624,-0.3856212566514677,0.2003317609097814,1.0509747933527736,-0.40428143579561565,0.20118237787256787,1.0506015567574385,-0.41960335073922994,0.20320321661280705,1.049331369888599,-0.34788922170324355,0.19473393797753089,1.0662792099052572,-0.36927797938820606,0.198246496957004,1.0750086301222666,-0.3829314026811056,0.19846321525826946,1.0805756663200352,-0.39517464054289747,0.19951748758782598,1.0842765581349534
-0.2870968711797774,0.19624764472658518,1.0363251386124392,-0.30150276213349075,0.19454875960355483,1.0098839752351438,-0.32376820049032934,0.1987571615578881,0.9920056286367175,-0.3411716555577527,0.2063897312800719,0.9804457413570712,-0.3548575099362152,0.21243723609163487,0.9700259417253078,-0.3545549227828197,0.19402597786594303,1.0142923931615149,-0.38133977791424634,0.20116181205735284,1.004274508044698,-0.39877924525186087,0.2037664046297676,0.9988981952896061,-0.41235406019047804,0.20736632252342221,0.9944324165513996,-0.3576833610508975,0.19333608366713573,1.0288355491453405,-0.3896074934392134,0.19832812731097282,1.0234864200144858,-0.4098703878043296,0.1995984419773653,1.0202525343450917,-0.4265052288916657,0.20095942738060946,1.0180447713945286,-0.35499759135951214,0.192271247657229,1.0442188650552244,-0.38516434578848113,0.19598020174447658,1.0446372685813594,-0.4038061072763891,0.19706611816377198,1.0440284544689828,-0.41910997679971973,0.19912082143386564,1.0426043710725794,-0.34752418617113245,0.189537057894375,1.060043346720328,-0.36881425548171504,0.1927299697777092,1.0691294936303941,-0.38248764585853967,0.19281951052014887,1.074650834456938,-0.39476538558055024,0.1937960584947572,1.0782575538919459
-0.283960783014023,0.19441363535434847,1.031356025496423,-0.29898484846003576,0.19335640749930064,1.0052272912692777,-0.32153074294612294,0.1976761725459987,0.987731064787878,-0.33890941325723084,0.20574197664845817,0.9764309769490817,-0.35281875181369515,0.2119737525804108,0.9664238585558554,-0.351264178741129,0.19217003378181718,1.0088574571551279,-0.3779549282018709,0.19972531704011415,0.9988961216852548,-0.39538758956989495,0.20279419322977846,0.9937475316948906,-0.409000156978388,0.20662962529504814,0.989604385713959,-0.3544367812839258,0.19141319832009102,1.0229206988294566,-0.3862362082630606,0.19680119464759868,1.0172242218198746,-0.4064281941045745,0.19858663693263062,1.0137960287755514,-0.42298429456019887,0.20053544983537722,1.0114418617279506,-0.3519766177568803,0.19013210701304695,1.0380002102491455,-0.3821116684764048,0.19409467520287024,1.0383760375797058,-0.40072030476549203,0.19564505487244616,1.0377594998227075,-0.41598399709651124,0.19799336292506275,1.0363582906487527,-0.34474962469608444,0.18715445695259092,1.0539628126284089,-0.36609813432289123,0.1900289280260768,1.0630181069901223,-0.37983913214144577,0.19014404964387244,1.0683684857083118,-0.3921983126480928,0.19105297306040916,1.0717045731079462
-0.27929415942879604,0.19449798875282184,1.0271501769606521,-0.29466763036368065,0.19426009710039938,1.0012050266517347,-0.3173756381804957,0.19912398713714352,0.9840648800938193,-0.3343405102899741,0.20782767675821356,0.9726103498085973,-0.3480226478142778,0.2143850782457712,0.9624986364336309,-0.34624062211071355,0.1922036791826951,1.0036156559372986,-0.37321781652932995,0.1994097762474061,0.994181157401251,-0.390655969139409,0.2030914589330663,0.9894716236155915,-0.4043665018255392,0.20717877436846147,0.9859370323815856,-0.34953195356912903,0.19117982139947448,1.0170177670681482,-0.3814455299483398,0.19607024722301514,1.011514014811734,-0.4015740122591394,0.19874864812744367,1.0083004541097702,-0.4180167507022967,0.2016918754222319,1.0061985021370128,-0.34746300113645673,0.1896933452471453,1.0314577136990457,-0.37761018764434606,0.19357798245089944,1.0316033645262122,-0.39613870929509554,0.1959345368804869,1.0311498481281924,-0.4113435806327791,0.19871653785416746,1.0299126740813813,-0.34089640076214583,0.18680889141007953,1.047276960442067,-0.36259411624488186,0.18927091940901697,1.055593652343186,-0.3764892316801984,0.18978509839582555,1.0605044784929507,-0.38894217433683115,0.19083880744622528,1.063423190561438
-0.27620485694023994,0.195779185350222,1.0241742241912717,-0.29222311002427254,0.19735470396506816,0.9986696298050342,-0.31496379229136384,0.20363708777000317,0.9820416806506863,-0.3315040469689081,0.212863324946589,0.9703770381131154,-0.34472976135631994,0.21932670478955849,0.9596182115586737,-0.3426367702935874,0.19401713283770486,0.9991809758833771,-0.370405998413167,0.1998899585229156,0.9912382745578564,-0.3881398482163294,0.2030803509227742,0.9873452513338868,-0.4021863327694707,0.20643994380533295,0.98441479120633,-0.34605985538802003,0.19189744732447322,1.0118358696707364,-0.3782538282626113,0.19562014832419605,1.0071058042627317,-0.3984252354728092,0.19854181226937956,1.0044160431435967,-0.41491274718390425,0.20153925873832795,1.0027968739872262,-0.3443574962961125,0.18928863863458648,1.0254860945712516,-0.37459682443609693,0.19237851716618828,1.0254734845750735,-0.39310557907069177,0.19491561325909115,1.0252404915345898,-0.40837229854528195,0.1974382397050517,1.0242296138300762,-0.3385589855546953,0.18559220258356393,1.0405215112869939,-0.36062470641634375,0.18693426809627017,1.0480926820175263,-0.37469503895750556,0.18743986407918378,1.0524773075827991,-0.3872232826533725,0.18819201853453088,1.0551572958818936
-0.275575675112524,0.1976619629742088,1.022205418232571,-0.2940946463401796,0.2019298062196264,0.9987878127982369,-0.31759967859566013,0.2088209289399905,0.9835194941073466,-0.3350582765982225,0.2172271739485275,0.9725970510011859,-0.3489250819585175,0.22285947755300778,0.9621837895482543,-0.34171432455725315,0.19704264515092712,0.9963933687811111,-0.370252871346692,0.20098819558993866,0.990173192327603,-0.38836085099384204,0.20244395428458328,0.9870418184997233,-0.4027622914023416,0.2040826438679915,0.9843788502672725,-0.34493179589345163,0.19258111816061907,1.007681740436781,-0.3773854232766506,0.19453886902560183,1.0037303872292842,-0.39773326725746927,0.19618428439896174,1.0012984214590492,-0.4144408633828256,0.19763076850402103,0.999812368983382,-0.34315589203009056,0.18683174230150845,1.0201436099755752,-0.37354364235089765,0.18756236970421214,1.020267257654155,-0.3921923844038274,0.18867353742846782,1.0200330214549143,-0.4076264753925531,0.1898570950126508,1.019113093070835,-0.33733622975645106,0.1797939619378997,1.0334042662798997,-0.359453926137168,0.17804905712925495,1.040737929568778,-0.3735722398362439,0.1768241393744388,1.044815627602336,-0.3860713899792251,0.17590964520095154,1.047579666281675
-0.27506804213109787,0.199214557727568,1.0184119955935782,-0.2974762647780169,0.2057487934345599,0.9993141855854145,-0.322700547493387,0.2111023392516991,0.9863461179574384,-0.3422503391936081,0.21696463047806258,0.977502671297837,-0.35802197795367124,0.22141982440233837,0.9695118135967121,-0.34152653934035415,0.19962380462162554,0.9934306612118726,-0.37033348758609713,0.20199350504717425,0.9876643045724695,-0.3885354997774144,0.20216869455020164,0.9847523081518447,-0.40304746951040993,0.20256447833891852,0.9822176920352331,-0.3438621225158757,0.19230936356018033,1.0020805385845506,-0.37634407283414667,0.19186242872849962,0.9979083612483308,-0.3967110323694164,0.19156289907403948,0.9951237885340697,-0.4134416081258746,0.19118320298097655,0.9932831087006999,-0.3410876355096423,0.18215535172080163,1.0121648176480005,-0.3712905668804678,0.17872994684409466,1.0120464421879367,-0.38991206688408275,0.17744216683327302,1.0112423895004403,-0.40537250674098046,0.17697100026776716,1.010141915541652,-0.333613234084655,0.17066068113795624,1.0224347309033606,-0.35507518854395426,0.1637676962675077,1.0285903034663462,-0.36873796938743936,0.1594095027400684,1.0320238723479536,-0.38085738745461245,0.15599943434215433,1.0345130695971962
-0.27260735598100977,0.19905791588988697,1.0098526919340085,-0.2982183288290829,0.20710984729844106,0.9961124046028227,-0.32490567496354145,0.21003037862844354,0.9855127950640256,-0.34596577701881936,0.2131336360017718,0.979062271220018,-0.363273157971128,0.2168682244788222,0.974708587451162,-0.3396717908297809,0.19983016924269256,0.9865560912163583,-0.3682855691359636,0.20152014522789555,0.9796929805188239,-0.3864527671854042,0.20190572609530974,0.9765900939988797,-0.40102678610880144,0.2023381358999539,0.9744478560618888,-0.3408013758807614,0.1910153661848111,0.991634109808388,-0.37288382935479175,0.18836273241077825,0.9856038839341112,-0.3930610274825328,0.1869662450910438,0.9819178151873397,-0.4097032889293465,0.18595405737441698,0.9795822110948497,-0.33686553268786107,0.17863664736177853,0.997915817563081,-0.36637380033190836,0.17166731592537154,0.9957582646236394,-0.3847070779210157,0.16878303336071585,0.9936048980981425,-0.4000655333678898,0.16732738761859758,0.9920373576058391,-0.328184471530532,0.1652903392841901,1.004377222463758,-0.3488969984910622,0.1546441822537598,1.0062930435953306,-0.3622039352352999,0.14843980103756452,1.0076663296811257,-0.37409991623781086,0.14373148114958795,1.0086774298400591
-0.2692085633213552,0.1967479538942759,0.9981225500684219,-0.29622216576347676,0.20731436990310428,0.9898662093896632,-0.32340447375276216,0.2094316493260245,0.9803933571504589,-0.3448932728677922,0.21167200275476267,0.9751037738139217,-0.3624519034395143,0.21637084559857653,0.9736676271447468,-0.3365139907643875,0.19782434989031009,0.975544082224167,-0.36465542856462196,0.19959482204729256,0.9669632009693405,-0.382710321197561,0.20112304918768817,0.9635707039319111,-0.39730675563628565,0.20242643715329153,0.9620139538927243,-0.3366778894516744,0.18963149356477582,0.9770448434945651,-0.3680362576267936,0.18620212204050293,0.9682371157916083,-0.38794354749405563,0.1849192052674072,0.963266146206071,-0.40454231916344724,0.18444728637049693,0.9604908069228862,-0.3325431958492883,0.17907000552644284,0.9790216360643945,-0.3614957081484368,0.17199556206944328,0.9730493035174673,-0.37952958467328957,0.1691776628016556,0.969061336407756,-0.3947879282654585,0.16762326996643265,0.9667754984493043,-0.3249988246606466,0.1675459602994106,0.9809838197092262,-0.34572373804525075,0.15761430654587572,0.9767577077684462,-0.3593351902785417,0.15228143627766186,0.9748228462055175,-0.37143001735314735,0.14821545208312076,0.9734488395548273
-0.2672862899442374,0.19314984696720663,0.9883008578290841,-0.29125815509905445,0.21133846229927886,0.9862822001370715,-0.3175287454448746,0.21778456296817428,0.9762124663583931,-0.33842125328809053,0.2226456078352199,0.9703268294695189,-0.3547066590210237,0.23081109204176817,0.9695801189052349,-0.3342338943110534,0.1964380194519009,0.9648877718923949,-0.3619909100288277,0.1985030785108298,0.9551929162586625,-0.3799146029868651,0.20060585942155437,0.9514321709181669,-0.3944387405435308,0.2025348387594607,0.9498489286289516,-0.33363484415863803,0.18879194740189165,0.963282829218666,-0.36434778993715705,0.1858651222026624,0.952290442452992,-0.38390480629958845,0.18505971992410494,0.9460030708164886,-0.4004029648897843,0.18514482168333127,0.9426492733661388,-0.3292833997110805,0.18129894421057632,0.9617575924658276,-0.35774561424728984,0.17637318089865864,0.9522916707357756,-0.3754954564307331,0.17437459695239066,0.9468131759481764,-0.39061711286788753,0.17305170950904006,0.9436439935861048,-0.3226016620841907,0.1737932319455372,0.9595854120121102,-0.3430659074493193,0.16676962682954577,0.9507591196973336,-0.356550759048688,0.1631846690372817,0.9459881993002668,-0.36853304160340805,0.16020313423260843,0.9424895826167209
-0.2671065582722887,0.18933052616987817,0.9829469593725094,-0.2846728877562578,0.21374724718493718,0.9851375823226672,-0.30821656158463656,0.22788470732694716,0.9762537029492808,-0.327990925924873,0.23631198500332673,0.9705333123445469,-0.3427513548745242,0.24698998135575553,0.9697868004556455,-0.33356458563170155,0.19776975846924685,0.9594293838274743,-0.36134054409549754,0.199967530242486,0.9498183200526998,-0.37922746095774107,0.20148995630547684,0.9456273671330789,-0.39365198016576564,0.20312810145824428,0.9430920337677855,-0.3321214263580145,0.18757912984508252,0.954363341175656,-0.3625195524825527,0.18534248690128818,0.9423785480023926,-0.38176129405487186,0.18457251619782125,0.9351799974325828,-0.39803431226475655,0.18443136045857558,0.9308656736254624,-0.3265501131006526,0.18010767755387805,0.9502355958346348,-0.3544989642436354,0.17646137062743092,0.9388544429802338,-0.37201495596032264,0.17478347729861232,0.932574327645049,-0.3868943981112871,0.17348935996515422,0.9284047109913842,-0.31855596901402133,0.17416145834952634,0.9457729996111892,-0.33824102567779657,0.16838589979790178,0.9345854498000749,-0.35105452133696596,0.16505656275015573,0.9280904771073368,-0.3624465324231048,0.16208650106780442,0.9229810954688868
-0.2667148795311288,0.1852514120536793,0.9795601559145393,-0.2850658801206647,0.20886839890851203,0.9834369761112802,-0.3080363932001538,0.22567602218904334,0.9786458386837324,-0.32808215456012235,0.23474303583036998,0.9753710748917721,-0.3434088941633507,0.24451801789329797,0.9767810137857402,-0.3335226110995144,0.19829562247498808,0.9593724869308561,-0.3615844654878755,0.2006560214261836,0.950673782354302,-0.37950491516871093,0.20150290229578052,0.9464353937031845,-0.39385676048992097,0.20244795686126554,0.9432245375958989,-0.33133744558455075,0.1839979943791406,0.9500749631676944,-0.36169515840903954,0.1821279897218477,0.9379260428208146,-0.38079724554360017,0.1811118559070471,0.9303938224907728,-0.3967367165197469,0.18045622684386226,0.925013501678151,-0.3236580444543069,0.17316505342814054,0.9435042776775588,-0.35119487728145526,0.16892471998540703,0.9313508055459484,-0.3684943462133147,0.16694082248775116,0.9245789767043726,-0.3830231325890826,0.16545807951050218,0.9193661002291533,-0.31294404556116345,0.1650457593188005,0.9381640018145365,-0.33140889979341603,0.15836550470381486,0.9254973858625122,-0.3431107196189752,0.1538599552991651,0.9177370853659547,-0.3534372524371419,0.15005500364445623,0.9111348110175451
-0.2641679876666177,0.1788693068206368,0.9740271244367819,-0.284702568620889,0.19994788592310747,0.9806282996071368,-0.3088104828081313,0.21581448603944503,0.9802344168660995,-0.3296044178930041,0.22371180954123876,0.9801252932661779,-0.34565658225740153,0.23106770405982383,0.9846712787402282,-0.3323293536754143,0.19249091661358864,0.9595548636497785,-0.36071382661160145,0.1951369947121968,0.9520697729313254,-0.37877254721252235,0.19576053224975276,0.948420461554408,-0.3932180717099724,0.19617160760373092,0.9455332434739199,-0.3298321472011432,0.17638284489460865,0.9470260253808338,-0.3603071966960811,0.17463331970651327,0.9351561293895219,-0.3794667575072308,0.17348047990695611,0.9277914302207414,-0.39516775688336625,0.17264959228923674,0.9217720713784756,-0.3204254507985111,0.16297102802716357,0.9383764158168679,-0.34760872021059147,0.15756475942727985,0.9258941644732248,-0.3646754272707073,0.15520081608994088,0.9186689016761207,-0.37888548357998814,0.1534942755637611,0.9127006305232033,-0.3074084188826412,0.1527905977655185,0.9326845094878332,-0.3244969341830661,0.14523159086938628,0.9186536911657672,-0.33501251451164027,0.13980301977974047,0.909855508811302,-0.3443138633146672,0.13556609437581396,0.9020941727615613
-0.25857495578894074,0.16730322961070068,0.9651445408087026,-0.28006294636398804,0.1856344648722011,0.9757172935444166,-0.30515831586429804,0.19949269931002542,0.9790739938935836,-0.3263473064024076,0.205748751152834,0.9816538888685665,-0.34234106856391533,0.21083212834340453,0.9887817214381467,-0.3281503250254115,0.17831704948813012,0.9562602755526498,-0.35681787995576003,0.18101406386313007,0.9499671027432441,-0.37503785457688626,0.18143822074299934,0.947196493049451,-0.38962222484352366,0.181451294360538,0.945081271499938,-0.32563838436055476,0.16367621430800555,0.9419849855727236,-0.356352568518203,0.16185258531177127,0.9307601390365157,-0.37568928696467196,0.16060095895642534,0.9238912704895995,-0.3913761946676246,0.1598495274470001,0.9178249112915025,-0.3161595681167706,0.1515264677206875,0.931622359211248,-0.34319762771673795,0.1459110225527175,0.9189190295948109,-0.3601327825481142,0.1433823285532933,0.9114443136831684,-0.3742367157592076,0.14149666354222107,0.9052813941738603,-0.30319141060550336,0.14228778978135231,0.924614977545671,-0.3196551923051045,0.13550834112935067,0.9094821400279348,-0.3297552257452724,0.13027928957243462,0.9000959176362021,-0.33877431535782404,0.12635567074713547,0.891851755969572
-0.25057026091076173,0.1513005539710652,0.9553840942203288,-0.2718213865795354,0.16721092479038405,0.9696949566603811,-0.2974685578702418,0.17908738070294974,0.975548850156759,-0.3187842095899359,0.18384028677162298,0.9797702525816667,-0.3342866623188388,0.1874096036836579,0.9886798589169684,-0.3209300055873031,0.15932377089574795,0.9502752077413591,-0.3498294149372585,0.16152385812589806,0.9449188683536812,-0.36813622375338956,0.1614714657499765,0.942755152028204,-0.38277236823315514,0.1610847313836452,0.9410782797925514,-0.3184485686823511,0.1474155658603511,0.9347815241874585,-0.34946829414633446,0.14538019589076423,0.9244704712745275,-0.3689826869120898,0.14389386972874124,0.9181747653212492,-0.38476182614840554,0.14314830405442067,0.9123517649519478,-0.3094805383114557,0.13839561992764682,0.9229545961415478,-0.3365995299114537,0.13333725913530903,0.9101898887260411,-0.35354460988096637,0.1307560955842197,0.9027557108956068,-0.36768557841237254,0.128807230951928,0.8966982215581042,-0.29739546182852505,0.13195792932836192,0.9142464083412133,-0.31398830383995374,0.12657268653680778,0.8986998152329071,-0.32424677701875093,0.12179580109059976,0.8892446621438151,-0.3333877337567915,0.11827961853020326,0.8809510300187299
-0.24288649717910815,0.13714943625644221,0.9475565400504922,-0.2638129314419559,0.15170216154967064,0.9636765140318262,-0.2897954153883388,0.16213632112053952,0.9706861154006978,-0.31115789854411097,0.1658547842436809,0.9756444123045888,-0.32613852482570144,0.16871231351069516,0.9856375355190764,-0.3134976890546352,0.1437248267504215,0.9441228505489789,-0.34257053582895325,0.1450990814013653,0.9394766025116985,-0.36089553707274685,0.14459041863161431,0.9375377229563375,-0.3755181461852384,0.14386815564272235,0.9358537312355939,-0.3109632610778853,0.13353246005397634,0.9275691592632238,-0.34226057463649734,0.13144422030095423,0.9181457135189605,-0.36187735337840005,0.1297278449757348,0.9122387133106962,-0.3777046538834612,0.12886365819946277,0.9065647220829222,-0.30203646158317954,0.1265048297834957,0.9147448879164326,-0.3293082278085216,0.1219798637194915,0.9021060618720718,-0.3463019299600334,0.11948568680481692,0.8947536262777139,-0.3604528816614944,0.11773841112588643,0.8886580676421245,-0.2900700363865408,0.12207176036970292,0.9050662695611047,-0.3069914499604456,0.11752187633829494,0.8896071582937304,-0.31740144492156924,0.11289641076224963,0.8802427629807025,-0.32653814676138704,0.10962513325209383,0.8718448830903474
-0.2379984478998203,0.13084957556442947,0.9419424187406705,-0.2590688424027574,0.14476416811696194,0.9584340413159042,-0.285215174510295,0.15428090171051115,0.966108464314192,-0.30655189325127963,0.1573975707626152,0.9715672343362497,-0.321282110920187,0.15987853560634196,0.9820225033309363,-0.30864224232466086,0.13734557789016433,0.9390748998011477,-0.3378424902143884,0.13812537287683666,0.9351450067759144,-0.35618123844959226,0.1375686377111677,0.933355028717479,-0.3707929713980228,0.1367916173608206,0.9316024053077667,-0.30605174337371044,0.1277055313412653,0.9217957651331726,-0.33754762081676193,0.12598447125050932,0.9129792143788502,-0.3571965062673421,0.12438402807637536,0.9071468489819835,-0.37301439910034206,0.1235185402731593,0.9014468811135774,-0.296986742821886,0.12111670181258558,0.9085615457375358,-0.32441091277486345,0.11706093411959538,0.8960943838503853,-0.34143799180237155,0.11492929337545132,0.8887052142086684,-0.3555464618331743,0.11366439319667322,0.8823957497018466,-0.28492910425639806,0.11722620650344964,0.8986877880300131,-0.3020513626260878,0.11316458097025292,0.8833140679348271,-0.3124984190895782,0.10876443293448701,0.8738826027794843,-0.32146247275914086,0.1058189012682873,0.8651834908291972
-0.23559099703214267,0.13225953788211986,0.937699751021131,-0.25681002057444735,0.14554418476139838,0.9545170701529172,-0.282892603347526,0.15448866427737198,0.9630488244507577,-0.30412575806264364,0.15724237727197918,0.9690768895095601,-0.3189115127854548,0.15919579772209985,0.9795655860302137,-0.3062304157379575,0.13900449689058358,0.9353450844412653,-0.3355199530519124,0.13975835947778179,0.9321417562709691,-0.3538822990986946,0.1395011013576626,0.9305349805409989,-0.36850781769643937,0.13900950331684608,0.9287940824076601,-0.30372954118999507,0.1297926364715018,0.9177478867475094,-0.3353385926383984,0.1287851461025808,0.9092310363533802,-0.35497660434122125,0.127796948818821,0.9032286562909062,-0.3707864577948119,0.12729451869393785,0.8974631958357262,-0.2947787076599525,0.12330653628639626,0.9044538621805697,-0.3223288784280566,0.11990391965018085,0.8920694055762222,-0.33940359269565035,0.11830651132589368,0.884655394530189,-0.35351141058119306,0.11756163069297106,0.8782622052801956,-0.28303382079731143,0.11952455696524869,0.8947341310118694,-0.3001211141073503,0.11607202140591731,0.879173790117027,-0.31063337409155,0.11220753564955971,0.8695814511776461,-0.31951769775561745,0.10972533688108894,0.8606588704962005
-0.23446451450141645,0.13544319964743634,0.9344926164276975,-0.2555538989462231,0.14817777174793398,0.9518885804059518,-0.2814311232660457,0.15685284492308257,0.9612804937484124,-0.3025485970328633,0.15949392497601753,0.9677492154635357,-0.3174928604047439,0.16087914987820465,0.9781028280274036,-0.30510083411159283,0.1424056322043856,0.9327601942382323,-0.3344256368375021,0.14361623616323507,0.930058898368863,-0.352794582130163,0.14367913349947176,0.928509203208875,-0.367421105635693,0.14359756984706687,0.926710218297832,-0.30277581700164913,0.13382188834249778,0.9150513975644547,-0.33443297473575845,0.13360085985970455,0.9066573865116402,-0.3540296287953609,0.1334738665848854,0.9004435610954701,-0.36982841284221196,0.13365868294908978,0.8946290360016096,-0.2940873332820175,0.12777024633569312,0.9017073191152626,-0.3217190867781037,0.1250870704384267,0.8893278506070604,-0.3388764970260604,0.12394584187232692,0.8820212774425461,-0.35305997425091734,0.12354771817280144,0.8757659826639594,-0.28282373559269325,0.12435336201897806,0.8920963075628254,-0.2997096091218564,0.12147157341540163,0.8762034672623361,-0.31032380989010866,0.11807903835844742,0.8665450888061443,-0.31928145457499235,0.11593893079118558,0.8576072196523171
-0.23415110278119733,0.1359645011793805,0.9324621601366775,-0.2550362569602021,0.1485362630944773,0.9502191915002154,-0.28077180375271266,0.15716724171595933,0.9600316075457623,-0.3018080121944095,0.1600225011066193,0.9666718478257128,-0.31683215153486155,0.16119435325434267,0.9769358211549364,-0.3047490499558988,0.14336301066455065,0.9309930400124132,-0.33406435328045186,0.14512425879512214,0.92849952597705,-0.3524248316093339,0.14535687097657002,0.926867842969766,-0.3670320831227659,0.1455423732548346,0.9249256840356227,-0.30253933120479465,0.13522352140889668,0.9132391309119187,-0.3342173131798664,0.13564223417539062,0.9049316614684926,-0.3537858705145981,0.1361956653175419,0.8986529767547616,-0.36954499784103384,0.13705141652032177,0.8927910630482343,-0.2939968205969843,0.12962486920908867,0.8997982721665077,-0.32168981223287696,0.12743724107350635,0.8874582165708266,-0.33893191934008177,0.12657725385508717,0.8803143167287931,-0.35318416481774817,0.12637857124090848,0.8742075773780156,-0.28295469484604446,0.12664229162462481,0.8901496137806448,-0.29966100456720185,0.12401171490577105,0.874025126661904,-0.3103477581293315,0.12077973486318022,0.8643917248862557,-0.3193842921632774,0.11878589161287227,0.8554995594886964
-0.23434201750427436,0.13506008326112745,0.9316647530199073,-0.25519201267126246,0.14776620598682383,0.9493673848127359,-0.2809336783325739,0.1564348472400609,0.9591304261999688,-0.3019020507800392,0.15964842931195417,0.9658212863791633,-0.3168900042132282,0.1610116572287598,0.9761144885248444,-0.3048482496935483,0.1432322450393023,0.9299173560509434,-0.3341522343394545,0.14531486926237228,0.9275412717825469,-0.3525087010963027,0.14560487707281491,0.9258740327465429,-0.36710814293338223,0.14582016498351882,0.9238770003585702,-0.3026730490674442,0.1352005523564218,0.9122257693926523,-0.3343646789078438,0.13605573261528567,0.9040042624911655,-0.35396370224588103,0.1368755265700177,0.8978509848285632,-0.3697056478084859,0.13803538048687228,0.8919951906629362,-0.294158729490405,0.1297046926814463,0.8987723342787944,-0.3219225717971066,0.12778020640395202,0.886548182461754,-0.3392120277097357,0.12709048886024532,0.8795009032406411,-0.35347727690940445,0.12702138216444775,0.8734217477918044,-0.2830886702783466,0.12686321936064426,0.8890546481847019,-0.2997820916807796,0.12427672869097531,0.8729096938301067,-0.3105092870239491,0.12108437640577967,0.8633080797251165,-0.3195757734007667,0.11916818502591886,0.8544293411274474
-0.23468545084941703,0.1348061840226545,0.931246335603699,-0.25557877411348007,0.14769113134574313,0.9487676997355506,-0.2813444745748078,0.15646381254692115,0.9583731364046729,-0.30225061620922755,0.1598576695562499,0.9651688953268066,-0.3171777836814759,0.1614475255757827,0.975517768597509,-0.305058855553074,0.14396817171120244,0.929099641905517,-0.3343653439774536,0.14619297617283714,0.9268890769162571,-0.3527305415847087,0.1465049070480344,0.92532514651367,-0.3673485704448298,0.1466119954280135,0.9234596831607964,-0.3029355592598273,0.13591956949641232,0.9115560647759935,-0.33461853713301143,0.13711193846847086,0.9033432041130421,-0.354280523192215,0.1379209192666406,0.8973927034448546,-0.3700810904106614,0.1389849992817482,0.8916783140801496,-0.2944721167649075,0.13025893949343717,0.8981781091977609,-0.322294794332588,0.12860146806840195,0.8860489758342517,-0.3395968551253563,0.12805311199786362,0.8790202392188686,-0.3538663570141818,0.12803789907778867,0.8729506983921633,-0.28335198410528584,0.1272491058250539,0.8884268905055084,-0.30017591398051247,0.12477053953734422,0.87240091484328,-0.31093845967184364,0.12172616609971924,0.8627908041738469,-0.32002710380789573,0.1198971413899912,0.8539163362973812
-0.2347431487411706,0.13472798032909822,0.9300701576439384,-0.2555305896604923,0.1478214313375717,0.947562866590547,-0.281206851550531,0.1568127901350518,0.9572055172455284,-0.30207508236347297,0.16012746884047963,0.9641551367015497,-0.31700877396807214,0.16171174500899022,0.9744954497026668,-0.3049648734071394,0.14496790241573598,0.927829670549563,-0.33426715992171696,0.14737623591002763,0.9257602380112988,-0.3526443252968414,0.14771281447629944,0.9243495041694212,-0.36729082805479707,0.1477428660479263,0.9227193989391934,-0.3029659600445648,0.13690917425827318,0.9103746225809065,-0.3346048925181883,0.13846491411420683,0.902053472637695,-0.35431076749199186,0.13928906783908251,0.8962521050333435,-0.37021266833227945,0.14017049929053696,0.8907934362600347,-0.2946058507730719,0.13108268652712876,0.8970277728893468,-0.32243632877119277,0.12982271989609137,0.8848687658084009,-0.33974378045356596,0.1294138630806581,0.8778438036852316,-0.3540554911053461,0.12938457223890043,0.8718745221789291,-0.28347731687497535,0.12782418611891355,0.8872173368458198,-0.3004132790470912,0.12556647471401355,0.8712769564321566,-0.31118920351814533,0.12273519895964291,0.8616168241421044,-0.32030353311116166,0.12096815103213471,0.8527561525308343
-0.23395014871804634,0.13424329588631706,0.9280632345576155,-0.25446482681887117,0.14761076037918347,0.9456703325873262,-0.2799878418394023,0.15682750129145273,0.955505120868867,-0.30083848647507905,0.15998566922509452,0.962579296180915,-0.3157889366575676,0.1614109898833755,0.9729185248389175,-0.30403553195699706,0.1454165017920642,0.926022419068456,-0.3333183403933119,0.14808359188312106,0.9239950126561085,-0.3517024153614444,0.1484885959064325,0.9226967747596706,-0.3663714463363792,0.14856581756272305,0.9212854788057396,-0.3021809098185868,0.13732578339577525,0.9085162347645699,-0.33376769559421815,0.13924317500817066,0.9000733392472519,-0.3534979250556407,0.14020125525710297,0.894376258278682,-0.3694873790823924,0.1410799686934192,0.8891791764881116,-0.29390167793064237,0.13145298323330726,0.8950987270972719,-0.3217021811817671,0.13059383053023724,0.8828366575196385,-0.33902583349742277,0.13030191317171397,0.8758458782235056,-0.35339946027377556,0.13027092865525838,0.8700272757547826,-0.28275737472294327,0.12806292166859218,0.8851831292314623,-0.299676645399219,0.1259832870587344,0.869200851456131,-0.31042811015846894,0.12324804112461625,0.8594859525027215,-0.3195625883491633,0.12146945569376406,0.8506483676652277
-0.23223575496458343,0.134714188364857,0.926358719431536,-0.252542318256742,0.14822229361607572,0.9440992269034181,-0.27799961645223303,0.15750742996221626,0.954039442240337,-0.29883244212604776,0.1606153061550975,0.9611879975335492,-0.3136730527789393,0.1618998653642955,0.9717024319913697,-0.3022678011813428,0.14626997628717234,0.9246432981970404,-0.33153375004821195,0.14910651243458475,0.9226024856532802,-0.3499197007409337,0.1496576707457246,0.9213872885625032,-0.36460171020081433,0.14986672668234646,0.9201330624932823,-0.30050746622790736,0.13815631755693591,0.9070157910514619,-0.33207912138578977,0.14030022110488874,0.8985707819267722,-0.3518470429588867,0.14136325393452326,0.8930249869603827,-0.3678940699996395,0.14236781468654805,0.8880321703841916,-0.2922620485549444,0.13232208269011572,0.8934991339201819,-0.3200609527043634,0.13167960852844854,0.8812201832421834,-0.33741368744238676,0.1314587204541666,0.8742992767960874,-0.351833083678341,0.1315047941876136,0.8685951440103952,-0.2811250419349941,0.12893456929819005,0.8835162242717621,-0.29797434553519986,0.12689641892484893,0.8674548820346016,-0.30870760568788747,0.12410377135635708,0.8577361849759737,-0.31788639655674,0.1222682861900902,0.8489563355409723
-0.23089125152983866,0.1369513287809236,0.9260570536225852,-0.2512184670441251,0.15026136291190212,0.9439231759339398,-0.2767164743001069,0.15950416263858752,0.9537982935793743,-0.29751293214484864,0.16269003025440007,0.9610180547535644,-0.31208727996595237,0.16392051968471164,0.9719048095607526,-0.3009797735187698,0.14821915856286721,0.9247915500722691,-0.3302445600560575,0.15105657553136412,0.922735352098722,-0.3486298793062653,0.15177339116141,0.9215996260098142,-0.3633167306113981,0.15209250793630383,0.9204279808321785,-0.2992777341732807,0.14018047543517256,0.9070864106693831,-0.3308739647702421,0.14239359906458,0.8987518916783523,-0.3506917020614388,0.14345918308821456,0.8933873392019653,-0.36676793679271247,0.14457377580769035,0.8885132447784514,-0.2910830705176766,0.13439419482304701,0.893514213479319,-0.3189383583095384,0.13377203416380162,0.8813626566713887,-0.33632314906761335,0.13360539336375848,0.8745211347934083,-0.35076333669036375,0.1338016132950794,0.8688730625033705,-0.2800315363685634,0.13101629055307326,0.8835240841077588,-0.29690731279308413,0.1289487340713781,0.8674943247995208,-0.30768411874869617,0.12609740390123111,0.8578410768424675,-0.31695813213030344,0.12425975369129436,0.8491623280147447
-0.23170685175854472,0.1387939878267472,0.9271686985243157,-0.2521296893056497,0.15174956031557588,0.9451856869959667,-0.2776414220001636,0.16102723360456322,0.954992416450345,-0.29837703792298986,0.16432693452287428,0.9623350024332723,-0.3126526829752432,0.16561049373756526,0.9736046778041476,-0.30186608013973437,0.14966410214463202,0.9264689203481806,-0.33113121263466305,0.1524807316369756,0.9243892005137611,-0.34951668191483265,0.1532810075707259,0.923313217193089,-0.36420392702399795,0.15362592614412612,0.9221538848514371,-0.30026058121130383,0.14175561860076497,0.908766562458342,-0.33188276477089107,0.14401605817473542,0.9005439211063518,-0.35171982721614203,0.14511709503104414,0.8952585379309819,-0.3677869549371565,0.14633312575867943,0.8903786698404795,-0.2921756968690752,0.13596716750619922,0.8951662250322971,-0.32010078524382846,0.13532913449823336,0.8831767785124331,-0.3375107478564554,0.13527939317227217,0.8763977027573913,-0.3519647475479307,0.13565988533692327,0.8707945464980457,-0.281220511548142,0.13250559285697386,0.8851223032984423,-0.29823915706767345,0.1304600143428797,0.8692414621230304,-0.30911721741120346,0.12768620395235836,0.8596796314643953,-0.31850670546298954,0.12596537317275772,0.8511016818688126
-0.2343320086048019,0.1384670290239949,0.9283502024688972,-0.25465867404320247,0.15133982743464366,0.9465345022577392,-0.2800835852954543,0.16078303935166532,0.9564084733854176,-0.30075069623069395,0.1641806892628628,0.9638980570479041,-0.31482217904042753,0.1656386131612895,0.9754008818454146,-0.3044533088886401,0.14959891012746426,0.9281246555211704,-0.3337017966863218,0.1525752760524054,0.926033286672244,-0.35208827149584804,0.1534154567886493,0.9250060073832147,-0.3667771141567946,0.1537496529647683,0.9238639025740137,-0.3030035208591863,0.14171500264236084,0.9104421662118239,-0.3346377102085511,0.1441306734412902,0.9023103453980706,-0.35445471289356906,0.14541261915620876,0.8969906063356526,-0.37048968558671913,0.14677195878736649,0.8920432552250336,-0.29504755299430035,0.13585526586729524,0.8967997379012637,-0.32301315925198104,0.1353321927118504,0.8848994969026899,-0.3404566589025938,0.1354985487202774,0.8782090719473746,-0.35495612225977713,0.13604815847127358,0.872738995813491,-0.2841067113314482,0.1322467663338837,0.8866029502349334,-0.30125484888108545,0.13034552257180806,0.8708439384019744,-0.3122337610225083,0.12773995178336772,0.8613502923414872,-0.3217085293890172,0.12618040991254048,0.8528355077132567
-0.2360011355809399,0.137712275443482,0.92821510355369,-0.25598698489663807,0.1509309865963667,0.9465285556630864,-0.281300591836132,0.160541805106745,0.9565260123695823,-0.3019181355552658,0.16408330786209815,0.964085245927912,-0.31589631079509034,0.16578736082757675,0.9756677313838086,-0.3059441651512903,0.1499163312422496,0.9282089063547757,-0.3351569731652793,0.1532665213987405,0.9261853722963229,-0.3535411531004068,0.15425764081793786,0.925256247580092,-0.3682375890963759,0.1546414854361333,0.9242336912135074,-0.3046670217123927,0.14189942953325926,0.9104813077692239,-0.3363258527604456,0.14460080142757062,0.9025374474037137,-0.3561413822289003,0.14611381170407817,0.8972732099742082,-0.3721908187585991,0.14758222382065805,0.8924045562126743,-0.2968106181717616,0.13593677228154888,0.8967876495159879,-0.32480837292137277,0.1357119969287814,0.8849538132939031,-0.3423266794289736,0.13612012992121592,0.8784724935956156,-0.35693346702132295,0.1367643748866354,0.8733067462061573,-0.2858532192250431,0.13221001431922472,0.8864593776300753,-0.30302814339851086,0.13054787328091702,0.8707025038912952,-0.3140650947602844,0.12804809281442553,0.8612477892619871,-0.3235827960969193,0.126552629830095,0.8527694689424824
-0.23522793358400254,0.13871926930412837,0.9267301138841214,-0.25482713275223434,0.15243571136401035,0.9450953428442577,-0.28010852663560637,0.16208230673724952,0.9551397437892463,-0.30070421118469204,0.16585088342346022,0.9626486032552805,-0.3146718165908836,0.167740229930072,0.9742150857748426,-0.304942597592775,0.15216607092183884,0.9268548144114473,-0.33411507912262967,0.15592889601345225,0.9249802251356963,-0.3524911177727035,0.15717799242977193,0.924215618045554,-0.3671976014856061,0.15766058216315265,0.9234003676860074,-0.3038239978136081,0.14400852808324277,0.9090205852543212,-0.33554164804902115,0.14705455388883412,0.9014445505868365,-0.3554218227841262,0.14869882648432983,0.8964714605957328,-0.3715716448947872,0.150147288605215,0.8919404960413566,-0.2960490328662483,0.1379869875167245,0.8952835226981695,-0.3241180741823488,0.13817727301826851,0.8836191673481016,-0.3417457060935898,0.13875673691685328,0.8774550814258251,-0.3564896891578051,0.13941533135874118,0.8726969874588651,-0.2851692044275726,0.13423824565035997,0.8849588838077909,-0.3023540007918092,0.13282018586447902,0.8691889223754081,-0.3134258828281156,0.13030957242665125,0.8597780204630315,-0.32297017992759003,0.12874497177029667,0.8513421813598888
-0.23390799848628807,0.14152633346153956,0.9246862392008924,-0.2532462789346559,0.1555751178768038,0.9430768235127095,-0.2785531806431262,0.1651282433307824,0.9531462916865137,-0.29915907940600484,0.1690443948132114,0.9605508886712667,-0.3132028140491533,0.1708833408203422,0.9720330027508317,-0.30348423285790593,0.15566322603701238,0.925198372776097,-0.3326295591989301,0.15970488178042186,0.9234891075656882,-0.3509983865837867,0.16112904059524988,0.9228713580176866,-0.36571234751437454,0.16163787572583252,0.9222243419897562,-0.30252260145516574,0.14750556926954733,0.9072704794101211,-0.3343161467961415,0.1508380382981372,0.9001466436615887,-0.3542893882092222,0.1525006475211663,0.8955682201389642,-0.3705586677132363,0.1538600764246364,0.8914564159131623,-0.2948517063365591,0.1415275819826696,0.8934693379511629,-0.3230326931120945,0.1421182338289436,0.8820918342942397,-0.34074604499501193,0.14280108265485517,0.8761896293657346,-0.3555867779495159,0.1434758000320873,0.8717448972850423,-0.28413900564670824,0.1378944130423219,0.8831808077218138,-0.30142664309873934,0.13666602632060257,0.8675076312535772,-0.31255958620868896,0.13413030242077614,0.8581758303299112,-0.32216004459076153,0.1324722145419677,0.8498219745045302
-0.23469616053111422,0.1431111198103374,0.9230280514319809,-0.25378217507707235,0.15735356445143012,0.9415328574286195,-0.27907374746072966,0.16675693277650785,0.9517802326940246,-0.2997404931305411,0.17050896480810776,0.9590997437309124,-0.3139377877376134,0.17196861719075637,0.9704466988133247,-0.30422059766049125,0.15745727795834877,0.9242555652034561,-0.33334528268883856,0.16172156642012248,0.9227471945106582,-0.35170987752212823,0.16322148248414922,0.9221854376784333,-0.3664279774274506,0.16368964082393508,0.9216053065353169,-0.30345689878891746,0.14933837267832797,0.9062886999966863,-0.33531815256451236,0.1528429023567297,0.8995609447597893,-0.35535716039152776,0.15450245197968088,0.89527834458186,-0.37169211160639093,0.15585215401441094,0.8914322933939357,-0.29593275558198495,0.14344292152794622,0.8923914754821588,-0.32423155275674176,0.1442692488024138,0.8813253227447727,-0.34198215937450693,0.14502733095485232,0.8755454943202708,-0.35686957456829616,0.14576242075309398,0.8712696606855947,-0.28536610741152535,0.14000835569434134,0.882016161613015,-0.3027625124008856,0.13888745630426097,0.8664556834320936,-0.3139876858143019,0.13639754882319852,0.8572225545453651,-0.32371438262307406,0.13471834382771333,0.8490203229292518
-0.2372976403259511,0.14248582471554438,0.9216493894924782,-0.2559013435123888,0.15709645190799587,0.9403572174361619,-0.2811315630575279,0.16628394673711064,0.950945967588751,-0.3018921162635361,0.169584132743193,0.9582175262711594,-0.3162528919509597,0.170518577549324,0.9694131541428,-0.30670289186929917,0.15732703316703897,0.9235509656091465,-0.3357782152368701,0.16200792141109144,0.9223587103720335,-0.35412428446849376,0.16372498446188724,0.9218136410584329,-0.3688409037947094,0.1642932359696515,0.9212879082093971,-0.3061846229828649,0.14908415954030957,0.9055848543768681,-0.33810429878447956,0.1527482088678469,0.8992293095385048,-0.3581846973576855,0.1544715034581467,0.8951716682504587,-0.37455116123780396,0.1559353308560326,0.8915055386940159,-0.29882865872790704,0.1431520272447253,0.8916140702775669,-0.32724772434821553,0.14398433499159707,0.8808610033758496,-0.3450412879793407,0.14474391284359117,0.8752150069839775,-0.35998922944721684,0.1454929094879805,0.8711583715141804,-0.2883417554768162,0.1398170417186054,0.8810732675199846,-0.3056834140898813,0.13865979447112287,0.8654544500688601,-0.31699259932162505,0.1362131431573823,0.8563127295958014,-0.3269021928600869,0.13452882424143306,0.8483335072400288
-0.239521823994376,0.14300984940325948,0.9201493328155077,-0.2574008427798149,0.15843991117405978,0.9389057958774913,-0.2826085595147234,0.16736113651783796,0.9497721855586608,-0.3034470608693072,0.17023808942761506,0.957000419507274,-0.3179732905807602,0.17093505980669577,0.9679981479791558,-0.3086377892923753,0.159122637786006,0.9222296677121496,-0.33760860706081475,0.16448177441781292,0.9214062670672328,-0.35591039412499825,0.1666364851229204,0.9209314256588204,-0.3706122579360007,0.16756674144910388,0.9205215319558807,-0.30835656045434046,0.15061464633411756,0.9043073060940943,-0.34032681740051995,0.15461018028825416,0.898423235210441,-0.36044392572244266,0.15651309095989177,0.8946367477000933,-0.37685077340512185,0.15816620977218043,0.8912416064917682,-0.30113403709790765,0.14449745875064365,0.890310554914127,-0.3297039934826522,0.1452839035978068,0.8799614693803286,-0.3475894123628801,0.14594645463005498,0.8746006897659788,-0.3626352694808912,0.1466159139589196,0.8709085021723475,-0.29068355456535877,0.14106257625946375,0.8796804408016187,-0.30785869229458207,0.1397393145589045,0.8638917288316861,-0.31923579400314817,0.13724658545338908,0.8548472451657204,-0.3293114579344374,0.1354805707853421,0.8470969450265663
-0.24078581362755164,0.1469540246586786,0.9187819214879761,-0.25789443451546745,0.163600812252477,0.9372137032709963,-0.2830906504792832,0.17249441313488156,0.9481292991674252,-0.3040023166949278,0.17524819383264065,0.9551923205265935,-0.3188452700622893,0.17628849460467994,0.9657304255990665,-0.30944805506865286,0.16493912756552867,0.9205137054056588,-0.3382731963440279,0.17105886304480164,0.9199081607327039,-0.35652153332658654,0.1736445728043249,0.9195394267648422,-0.37118529827193814,0.17507308702109614,0.919205459764473,-0.3093834440226039,0.1561210026562975,0.90273962398764,-0.3413649495395682,0.16071197395970416,0.8973739741381868,-0.3614914030183518,0.16291937195080972,0.8938088839006971,-0.37791546771621976,0.16485195003812567,0.8906529882669154,-0.3022596297833543,0.1497780709147326,0.8887548480088707,-0.3310071774606293,0.15084905938784912,0.878936703533311,-0.3489803687525226,0.15151304592959505,0.8738781803177308,-0.36409191002036995,0.15220669165967904,0.8704696003279908,-0.2918534395665611,0.1461166915766651,0.8781562864429782,-0.30900685680796053,0.14479721379230825,0.8623436630510642,-0.32047291680380385,0.1423128285968475,0.8534098998553691,-0.3306322514391658,0.14049407868400107,0.8457819884615295
-0.24159681387973483,0.1534585508761565,0.917433617697264,-0.25799492121845513,0.1713366959630951,0.9353507890570107,-0.28301205270852314,0.180761323647299,0.946232663635762,-0.30404613101893957,0.18371781973847592,0.9528352421669172,-0.31947801110305707,0.1856203133380024,0.9623580959436815,-0.30963756204716875,0.17370373836327965,0.9186807641404224,-0.33826411512248056,0.18069530505049028,0.9180933371090474,-0.3564584668336602,0.18364340425102144,0.9177803846489405,-0.3710591528801513,0.18559611479165797,0.9173501780547749,-0.3099015240421394,0.16434564843687197,0.9012175341118942,-0.3418129598254155,0.169784269823655,0.8962410318655039,-0.36189012287753597,0.17241887056984134,0.8926881447841312,-0.37825334527970034,0.1747919548830516,0.8895167318538507,-0.30295613918126973,0.15769502357269932,0.8873385026556959,-0.3318397681471253,0.15959851126353908,0.8780607234449515,-0.3498290590625799,0.16065174537852328,0.8731270381364474,-0.364921447121543,0.16173362849339545,0.869734753797157,-0.29268443392644894,0.15369668652510968,0.876825193227439,-0.31001172359551527,0.15292465022277807,0.8611666876829243,-0.321606973852884,0.15082208232409627,0.8523019143544694,-0.3317983998257493,0.1492709295184087,0.844657718822955
-0.24175704957847208,0.16026421534920932,0.9151993204960075,-0.2575208426570973,0.17899443368397502,0.9328127464683345,-0.28212131359077586,0.18935930598127504,0.9437891721810511,-0.30330922582140984,0.19277706594879304,0.9496337127855237,-0.3194436304959277,0.19580983719967837,0.9575665832130016,-0.30896520807605643,0.18313976197836718,0.916059087676362,-0.3372457458357625,0.1914219385543279,0.9154904477032696,-0.35533562603098046,0.19495798891636826,0.9152143232959074,-0.3698327107316939,0.197540125769242,0.9146267063707377,-0.30978253808146416,0.17285314046485362,0.8990414874458638,-0.3415322769030905,0.17934625221055678,0.8943004437249534,-0.36151145246417327,0.18254468026803058,0.890659124487806,-0.37776122531830636,0.1854730407837724,0.8873706562435364,-0.30316560332233267,0.1656702950377829,0.885393376772959,-0.33206606252825255,0.16869385177454124,0.8764722761090122,-0.35001413916579827,0.17048717140201292,0.8716024003208956,-0.3650472818896777,0.17221559099153352,0.8682148603578534,-0.29312235088957994,0.16117265992506238,0.8749522545381281,-0.31051130649859193,0.16131900537192398,0.8593438398507408,-0.32221446447690916,0.16001878484852297,0.8504668839316468,-0.3324851014532959,0.1591315705756405,0.8428228123304462
-0.24116582823677135,0.16623330683790843,0.9119650527492329,-0.2564652580590213,0.1853312251972779,0.9295930982174422,-0.28061530451654626,0.1965468697131764,0.940732229400675,-0.30188534453177185,0.20061632449705052,0.9458108412463133,-0.31849479307351447,0.20467758238776998,0.9521416826094126,-0.3074262518478882,0.19173492817034268,0.912400912951707,-0.33518990936125803,0.20161961260530745,0.9119778865529891,-0.3530868146760625,0.20603568937489672,0.9118271933328858,-0.3674335436729945,0.2093567455910997,0.9112613825033822,-0.3088424394025865,0.18056887017646148,0.8957974426787331,-0.3403748426120615,0.18815847131222796,0.8912379017607985,-0.3602498493954426,0.19199393795191805,0.8876420840592729,-0.37642809924677934,0.19540511606832447,0.8844683587843762,-0.30255891369463517,0.17276801208460418,0.8823539545420472,-0.33136657520571544,0.17670800009206314,0.8734905687626842,-0.3492941733965027,0.1791951284449907,0.8688558566755188,-0.3643378421249803,0.18139275910052355,0.8658035309843674,-0.2926874543626832,0.16773260785932942,0.8719360644240811,-0.30985409040725254,0.16851463697449506,0.8561020870149847,-0.32157043669534136,0.16800218401821637,0.8471623192277518,-0.33199745332594177,0.16777557339558047,0.8396836204424079
-0.24073097014014394,0.17188490675516604,0.9089140014318908,-0.2556923953875011,0.19119158396665153,0.9266046485425986,-0.27957393893482585,0.20297101095499454,0.9377407451185275,-0.3008018561110077,0.20770753640740028,0.9423999533952442,-0.31755871024601057,0.21236900409745038,0.9478703928065997,-0.3061420949401386,0.19949556825953232,0.9088637469352455,-0.33342958356832914,0.21063191796360442,0.9085786226333455,-0.35111883851394915,0.2158197564885114,0.908594536052624,-0.365305503675601,0.2197889468353388,0.9081917348867851,-0.307906841383737,0.1881331267240942,0.8924695080976514,-0.33924220815436795,0.1965689190920575,0.8880405005991362,-0.3590487635707893,0.20089713861495276,0.884631177759615,-0.3752244989588681,0.20457940752785148,0.8817622203143742,-0.3018181450772776,0.1799408993536356,0.8790461509369728,-0.3305203766793236,0.18437107956760235,0.8700728639670826,-0.3484712950236248,0.1872338109772774,0.865756101298431,-0.36359256502675513,0.189535567933972,0.8632051505266769,-0.29199177410077987,0.1744904497118655,0.8686078369932316,-0.30890216638907503,0.17533360269608486,0.8525035664752411,-0.32057665683415243,0.17516240063787034,0.8434962478305211,-0.3311772733476011,0.17516200315407374,0.8362621692376513
-0.24091402070066434,0.17800916505316233,0.906762006906705,-0.2552924801256099,0.19787547850504666,0.9243159386592504,-0.2790131737347978,0.21013072680794295,0.9352810311375781,-0.30014739719730876,0.21527984136258455,0.9399284584587715,-0.31687168164786395,0.22015402311843646,0.9453124913996341,-0.3055468508462029,0.2073938024612701,0.9064352752192318,-0.3326120826668915,0.219060339594163,0.9061674057514585,-0.3501865083230438,0.22462440595330702,0.90623366838031,-0.36424907889147323,0.22901490644878109,0.9058518259984815,-0.307493987518495,0.1963914883441846,0.8901420821332524,-0.33871255738088835,0.2052620675305256,0.8857378078919073,-0.3585131106649688,0.20974073565481008,0.8824918526545342,-0.3746976014584455,0.2134892077476045,0.879761348810908,-0.30161903514618055,0.18800490683276305,0.8767017870276264,-0.3303107104251505,0.1926686471359083,0.8678134929966733,-0.3482608779074852,0.19567535301252464,0.8635925514437937,-0.3634089198266258,0.1979679169865971,0.8611968849653544,-0.2919330918401856,0.18217014363171097,0.8662800800025232,-0.3089487283142602,0.1828712100547053,0.8502801917382838,-0.3206466788613942,0.1826054692968195,0.8413056632653854,-0.3313683636354647,0.18243039900981542,0.834254437151362
-0.24078442186888657,0.18486538758432944,0.9044387845746535,-0.25418121696164087,0.20564796498941593,0.921706134783087,-0.2777651787063037,0.21825197879953043,0.9325703537437674,-0.2988479456244023,0.22341594325768852,0.9374301657687283,-0.3154852799761595,0.2283838804980875,0.942994862896493,-0.3045769695279378,0.21603227680915904,0.9041189705060337,-0.3316069852059935,0.22778056331756147,0.9038687050607515,-0.3491492697569222,0.2334455239504661,0.9038570392793736,-0.363135393569056,0.23805453381081362,0.9032882176761811,-0.30682965514174587,0.20529244181463088,0.8880746069931114,-0.3379998120375076,0.21431715320137867,0.8836406680640376,-0.35784408175271376,0.21865588724141902,0.8804725534312992,-0.37401505134208235,0.222341586309463,0.877581221310255,-0.30139618052731343,0.1966375190871357,0.8748370602338892,-0.33018449854646137,0.20156924075295732,0.8664183108167264,-0.3480717636706041,0.20467510439291642,0.8620064520368264,-0.3631324314275103,0.20711121524569232,0.8592315841004651,-0.2921389305348937,0.19035937342552695,0.864544219433573,-0.3096954792797787,0.19123379331074955,0.84914867497265,-0.3215725849942658,0.1908223391267375,0.8404182745370562,-0.3323653599518781,0.19049016122560908,0.8334820918500626
-0.2396896835605573,0.19253189907122595,0.9003581447752943,-0.2522976179620278,0.21390503759292312,0.9174981554356442,-0.27591568485511314,0.2263868365492826,0.9284291791924411,-0.29700841122304145,0.23125868541462086,0.9335408663666479,-0.31355085145815964,0.2363559387858254,0.9392691146170069,-0.30283826089709054,0.22498390451933026,0.9000566077266443,-0.32985865816503585,0.23675640856979308,0.8999430467439121,-0.3473919906640221,0.24244866579029614,0.8998788474901119,-0.36136086165458553,0.24709404196201448,0.8991937835006896,-0.30542348061515856,0.2142138458885643,0.8843586198601934,-0.33656660516506853,0.2233558461817231,0.8799752952251776,-0.35646479805226633,0.22751183335335254,0.8769018127737318,-0.3726384701315212,0.23107768613924465,0.8738783277156035,-0.3004442778747552,0.20526495289753738,0.8714552199802698,-0.3293188087885784,0.21059011489276916,0.8635895611432162,-0.34715591438797405,0.21377337892791065,0.8590321897096203,-0.36209423964897475,0.21642244576814199,0.8558248349260471,-0.2916434193217525,0.19873107295972725,0.8613526919244141,-0.30970966572776487,0.20013157286493882,0.8465990773155057,-0.3218385745796388,0.19982666720387046,0.838217464757934,-0.33270012666164495,0.199655901823355,0.8313835428044949
-0.23843718160042224,0.20099232429479863,0.8945501087444124,-0.2511552392212716,0.22201585088542866,0.9120376290266644,-0.27507171247931583,0.23380595266779194,0.923087130200186,-0.29621779748970056,0.23829079414392723,0.9283308548719692,-0.3126458139486923,0.24360902810293142,0.9341860928398783,-0.30152605092616236,0.23355851806095546,0.8940984533354714,-0.32851820732682024,0.24539609473868826,0.8941418984015886,-0.34606104439660357,0.25105935005056046,0.8941335831053089,-0.3600852836484091,0.25555359294364155,0.8935852370252816,-0.3041142918801778,0.2227988791678739,0.8784872621603628,-0.3352276767040273,0.23212357567890185,0.8742811676859685,-0.35517186820804236,0.23620882236942073,0.8714181991819504,-0.37141139512306964,0.23966911152401407,0.8686345682693912,-0.29920064963607906,0.21384582378895156,0.8657192406553854,-0.3280624064862354,0.21956110220242087,0.8580838586159132,-0.34595363408916757,0.2227320624357707,0.8537348211909459,-0.36090687921641695,0.22542667021568205,0.8506367910890895,-0.29051287803954595,0.20746811430637407,0.8557527924370644,-0.30859794573461896,0.20937163488020702,0.8410787766572897,-0.3208508985510288,0.20927758097254526,0.8328744407545035,-0.3317759461176746,0.20939249281422562,0.8261413066665635
-0.2381930041010114,0.20965524843048994,0.88875546793587,-0.2516659573196059,0.22963100365711042,0.9068938184747711,-0.27597421942540107,0.24054401226449285,0.9179893268387915,-0.2972212634055352,0.24467243296872063,0.9231163754401898,-0.3135508490370258,0.2503289275693872,0.928929795330143,-0.3015767371204041,0.24163920166343594,0.8880515318999428,-0.3285556851119021,0.25350627124865865,0.8881765957399558,-0.3461349293290308,0.2590549545491212,0.8882537236485213,-0.3602481047042797,0.2632843512939629,0.8879240674646475,-0.30384563595564545,0.2311356220220685,0.8721618194087852,-0.334915692611127,0.2406835452249309,0.8681402957069199,-0.3548934558426219,0.2447709936372453,0.8655252726345126,-0.3712124417090277,0.24819602180942543,0.8632005535490168,-0.29865641545907806,0.22247089877958948,0.8592840335491934,-0.32744527112614574,0.22844475131359507,0.851571747896262,-0.345445016475536,0.23153452001704578,0.8476312355968961,-0.36052226972620544,0.23409626107353945,0.8450676134309313,-0.28983701126918443,0.21637782957371196,0.8494267355010117,-0.3075444909981016,0.21856120297243595,0.8343370752839232,-0.3197410135767079,0.21847809496604742,0.8260489659390073,-0.33070803463912696,0.2186228296422159,0.8193849983069594
-0.23903406067217423,0.2177861960711403,0.884402181584525,-0.25306847296567636,0.23700685751502015,0.9029265566296404,-0.2776551540577062,0.24735948121060666,0.9139453571460892,-0.29905711161503507,0.2511302067059127,0.9186893222302029,-0.3154431450757603,0.25710729240665897,0.9240015254294774,-0.30246136722801936,0.2496740182682216,0.883348625500691,-0.32947403056115526,0.2614619594889679,0.8836076190516479,-0.34709061917242195,0.26689056486224005,0.8837061671679834,-0.3612702472161933,0.2708964019072906,0.8834423352021965,-0.30445548953958923,0.23946897650292184,0.8671708912031509,-0.33546526595435205,0.24923586459985198,0.8632103893971014,-0.35544599554260026,0.2533514613847815,0.8606630550744411,-0.3717801200291845,0.25683503036008704,0.8585404244033854,-0.29906688268009934,0.23101443743052905,0.8542408758429645,-0.3278034407360791,0.23712537847351528,0.8464414460321281,-0.34585684550656776,0.2401497702303152,0.842700754764532,-0.3610122823693859,0.24256541895494155,0.8404791300951696,-0.2902534982743507,0.22489265525185406,0.8445887012270406,-0.30763466049524024,0.22728310493196302,0.8291549475231148,-0.3197115499518684,0.22706496904477688,0.8206958704900358,-0.33067998600956044,0.22698942962273183,0.8140330881916975
-0.24005388520641505,0.22553105063326762,0.8813358469967103,-0.25422704921324446,0.2448041215691144,0.8996994300978831,-0.2789729043571292,0.2550162348182965,0.9104906795857154,-0.3005530274467382,0.25844584894306477,0.9146504148126816,-0.31720981164975925,0.26453305969912966,0.9188865160987334,-0.30318556218689463,0.2579774064378796,0.8797259530696042,-0.33028993741235213,0.26954280754550863,0.8802745486308392,-0.3479061007567733,0.2749735227431408,0.8803167836097567,-0.36208516661886003,0.2789695776004143,0.879912029297063,-0.3050847077160188,0.24791267347117704,0.8635291411424448,-0.3360583720988336,0.2577913995143003,0.8595634385044594,-0.35599082763093925,0.26201250665309994,0.8568182472707513,-0.37225567953902616,0.26564943931528096,0.8544367037096529,-0.29970066698270315,0.2394623342238161,0.8507284751235007,-0.3284205367215517,0.2456612676320672,0.8429370194512047,-0.3464506488443079,0.24866655680283506,0.8390706989386137,-0.3616056225171129,0.2509973837545094,0.8367572037185822,-0.29106357680617856,0.2331010587624316,0.8413389457621444,-0.3083768806796683,0.23572015497450957,0.8258660776624178,-0.320366927633044,0.23553307455011668,0.8172836187236804,-0.33126973735148013,0.2353221507605995,0.8105168458510621
-0.24048536897079528,0.23332816047198499,0.8789367349732623,-0.2547041803453296,0.2529540604817644,0.896886678635511,-0.2795681239111514,0.263204481423411,0.9073656504457396,-0.3012929305960165,0.26650192691190056,0.9108191979727945,-0.3182520539140806,0.27254682623874504,0.9136992113914203,-0.30343752552041225,0.2660824190292861,0.87666716806797,-0.3306520547842817,0.27737515166022053,0.8774089247024328,-0.3482100655092457,0.28299106548765973,0.8773710618790905,-0.36229238006637365,0.2872867351305324,0.8767277670549402,-0.305228330354109,0.25608798211602835,0.8605692865776791,-0.33624026135378393,0.26587651188365957,0.8566797195571934,-0.35609456908466475,0.2703044075239208,0.853703680469301,-0.3722483542503975,0.274151057333726,0.8509282621990711,-0.299783912451406,0.24769845951365932,0.8478592881948617,-0.32849570820449947,0.25391743498974806,0.8400540589624713,-0.34649631974066497,0.2569082716483807,0.8360418250621838,-0.36163265966117897,0.25918971493402043,0.8335630205559271,-0.2911630069737645,0.24133900324002713,0.8386049959439084,-0.3085060398133824,0.24393761796913035,0.823161996991986,-0.3204472151809944,0.2439513507091264,0.8145096580760485,-0.33124567118589,0.24383484197341102,0.8075753421519036
-0.24037360250434472,0.24065758113050284,0.8773610434403414,-0.25462833286309494,0.26036118555793375,0.8951970088065052,-0.27953418433590554,0.2706960113557142,0.9054919399606567,-0.30132608014146084,0.2741940122230072,0.9082568323452148,-0.31840299727248866,0.28032160648015125,0.9100675335354391,-0.3035059648711377,0.27303055946578914,0.8746663268477037,-0.3307931909456377,0.284161996653288,0.8751191132569983,-0.3482642505311984,0.29004268825911095,0.8750624959137672,-0.3621997164530523,0.2947722541797795,0.8742800734318077,-0.30508781884315994,0.2631648611248646,0.8585856275615187,-0.336173388525036,0.2727476705778785,0.854772357116387,-0.3559864444986736,0.27736241983018783,0.8518052868020812,-0.3720877952376137,0.2813555886945772,0.8489337813925872,-0.2994253090297069,0.2550032831522656,0.8458058973991861,-0.3281410013380908,0.26107958731325664,0.8379032384983444,-0.3461673257527516,0.26400871954179994,0.8339615443257472,-0.36131683637212186,0.2662813428713523,0.8315561851777744,-0.2905646160164461,0.24892161555344505,0.8364756711633194,-0.30795210104099535,0.2509742620584908,0.8210004713241623,-0.319901609139356,0.2509681322104633,0.8123596354215059,-0.33064406763080595,0.2509357951957344,0.8053379900596291
-0.24026088305237536,0.24691667251740762,0.877020642735089,-0.2543184933171466,0.2664442980808524,0.8952032294342921,-0.2791276678987431,0.27694746771329626,0.9055610261873116,-0.3009147263119789,0.2808013338650897,0.9078499482367187,-0.31793596875987573,0.28719621202619633,0.9092027186218806,-0.30369336866494123,0.2786920718584188,0.8742619895212023,-0.3310182543809742,0.2897367695706853,0.8739938677523384,-0.3484507140040555,0.29573117569534085,0.874004309538596,-0.3623358230265187,0.30061932657071,0.8733057985141214,-0.3050949732395444,0.26900170243578697,0.858157559911207,-0.3361985720767463,0.27843469957291667,0.854124122750104,-0.3560273144909336,0.2830700737870846,0.8512973075646596,-0.37217701801331926,0.28698992501970183,0.8486017039276529,-0.29928060965653336,0.2610178930108057,0.8452959220286691,-0.3279968684671082,0.2667911117157947,0.837171212777369,-0.3460597209470878,0.26959517123310883,0.833306532845599,-0.36122357755129075,0.2718688221324721,0.8309943464538538,-0.2901675830983227,0.2551083980969372,0.8357742769424557,-0.3076336058451542,0.2563228076253854,0.820299036649658,-0.31963063680055825,0.2558872196040345,0.811735372842899,-0.3303879838722439,0.25565195879324465,0.8047404389589217
-0.24034187522218323,0.2528955326782968,0.87756387824212,-0.25425596204636236,0.27210304013200676,0.8961923744466241,-0.2789356551450136,0.28279582688602967,0.9066648492885259,-0.30067939834052054,0.2870008553183273,0.908737222444442,-0.31762051078409786,0.29360458033308207,0.9100924619007845,-0.30398696798718094,0.284237578394095,0.8747452368837256,-0.33133676184156935,0.29518468588043073,0.8738199098941591,-0.34880067824440714,0.30108654100671095,0.8738781531054132,-0.3627862420526191,0.30570634214103964,0.8733886312539468,-0.3052039020417072,0.2748103293988316,0.8585985717042519,-0.3362456519622591,0.28417848096083176,0.853979977856708,-0.35608864431083936,0.2887037302961244,0.8510757779610671,-0.3723276809144754,0.2923060228394016,0.8484754673771048,-0.29931980115619694,0.26688923752834603,0.8457140598937362,-0.32795501040365405,0.27236878762235844,0.8371138391505653,-0.34599590057323476,0.27500226023992186,0.8330326329162709,-0.3611552274035457,0.27712505408721494,0.8305533592789163,-0.29001915982415594,0.2609564701558225,0.836015900552415,-0.3074478299910798,0.2616604584250438,0.8204670851652279,-0.3193882448070201,0.26071787717757816,0.8118651748495098,-0.33011693456691255,0.2600424765973377,0.8048548956964945
-0.2401747390546601,0.2596419781708167,0.8780587891701683,-0.254692176900972,0.2782475635980139,0.8968371601023362,-0.2793384679762304,0.2891331273504491,0.9071889960433754,-0.3009929240156928,0.29383763738161855,0.9091175918453942,-0.3179323079302623,0.30041806612008437,0.9106016333182831,-0.3039354811519954,0.2906982087697338,0.874735430927729,-0.3312141329156929,0.3017931356667231,0.873517083137509,-0.34869067082881533,0.30765764187819383,0.8734740506453402,-0.36279033049815823,0.3119284585397053,0.8731026863365613,-0.30480026202877397,0.28170902797849673,0.8584728048032295,-0.3357686886191712,0.2910220740800152,0.8532855475536391,-0.3555828416896256,0.2954526687463988,0.8500566510038813,-0.3718863042994044,0.2986689530814195,0.8473553441863401,-0.29870301012018885,0.2739317860734624,0.8455184553071174,-0.3271512238625809,0.2792889373645429,0.8362467489042289,-0.345124869114925,0.28173305685214856,0.8317701992576408,-0.3602867730153072,0.28346155970245573,0.8290157139250915,-0.28911220608753063,0.26804844010314205,0.8357090372614112,-0.3062334331469798,0.2688182612202016,0.8198253738728234,-0.31795513130040776,0.2676579539929381,0.8109534909834507,-0.3285474461195427,0.2665668369595136,0.8037898819696424
-0.23929237285844035,0.2665371871436074,0.8778301877264323,-0.25485087217971547,0.28462363548629677,0.8962791581799144,-0.2794539258576058,0.2959550832326875,0.9062482961074662,-0.3009881067436346,0.30128209050812177,0.9078821289695458,-0.3180397516653599,0.30759503031514646,0.9092368781480792,-0.30291140571335917,0.2977822937764362,0.8736674516152285,-0.3299329197402331,0.3094755481194052,0.8723212722814683,-0.34734489042756717,0.31552093834323436,0.8720047345212969,-0.3614305834430621,0.3198187763548802,0.8714569846730408,-0.30348730570130683,0.28908283544656,0.8573917917420663,-0.3344555742596907,0.2982977414372035,0.8520312170502377,-0.35424603335899,0.3026477629121622,0.8485567896538769,-0.37056015113486035,0.3056554753198745,0.8456849150427261,-0.2971510151028423,0.2814186723619056,0.8443705199596235,-0.32544895367905124,0.28677786475882466,0.8346509415788694,-0.3433865539425098,0.2890577684299111,0.8299488487996792,-0.35856046714321493,0.2904043448394365,0.8270510338321649,-0.2872575437052621,0.27559968021187226,0.8345143779848488,-0.3040179437335365,0.27653941005900773,0.8182593571628974,-0.31550857316846304,0.2753845517151994,0.8090894845433134,-0.32594136146719205,0.2740959705426871,0.8017273210985941
-0.23768655205014647,0.27226141063096043,0.8767255990358931,-0.2533466258334872,0.29097430583115563,0.8944496129126418,-0.2777587229713498,0.30305717510455193,0.9039968351672277,-0.29928355189798433,0.3085454979974033,0.9051489698246655,-0.3165221697294053,0.3144492016657627,0.9057997287192433,-0.3006808746620072,0.3046808858235431,0.8720716384930934,-0.32746483399251525,0.31687892090304526,0.8704797594105392,-0.3448169270943739,0.3230609753612737,0.8697651056562686,-0.35870432202699537,0.3278568189317924,0.8686169176795462,-0.30159712033251723,0.29547630865972496,0.8561457190106645,-0.33263670521662725,0.3045065023756951,0.8508841904664636,-0.35245034073667764,0.30869966138405963,0.8473495237303494,-0.36868973486795514,0.3118392201281469,0.8442079181446492,-0.29545958374130477,0.2874081271359843,0.8432370302390305,-0.3237880945001157,0.2927402662413701,0.8335919151304142,-0.3417229567856986,0.29495296705016993,0.8288474646466293,-0.3568647540938472,0.2963010171109418,0.825786912940193,-0.28561900901748055,0.2812373821243978,0.8333555947314218,-0.302355676750873,0.2819373797397269,0.817064070562824,-0.31376431890728346,0.2807575775116009,0.8077955336063275,-0.32408013249342243,0.2795188280631084,0.8002619784315842
-0.2354674193655012,0.2771718646790415,0.8749281253714484,-0.24971916863003513,0.2976651934414679,0.891853317976329,-0.2739673577394396,0.31026519296718663,0.9011463802375718,-0.29566763749410396,0.315097561402406,0.9018629251709473,-0.31299496360216983,0.32076094011540107,0.9014927085068314,-0.29755187740708483,0.31134277838337676,0.8705881797361528,-0.3244373227447199,0.32326306605675853,0.8686423670490201,-0.3418207906434053,0.3292861799467336,0.8674758314891984,-0.35538276461681023,0.33470063864529537,0.8654922266536447,-0.29946348087164804,0.3008912924956767,0.8552071581977212,-0.3305320044917044,0.3097584087553209,0.849840129200668,-0.35034220681535494,0.313834841685626,0.84615296465498,-0.3663966261517183,0.317413124157175,0.8425618713896004,-0.293986306826639,0.29184063271690847,0.8425398943871034,-0.3224167359007835,0.2971431166637502,0.8331826062455938,-0.34030517169169616,0.29943088675731744,0.8283004844303838,-0.3553317163979701,0.30114096538535684,0.8248745791906775,-0.2845724821379985,0.28484221538667664,0.8326326847344581,-0.3015651096731229,0.2849877219926734,0.8165936934789085,-0.31299425109132023,0.2837298861339261,0.8073607415208534,-0.3232042346711348,0.2826813197803876,0.7996560865893748
-0.2326104342922692,0.28291290768224997,0.8728700592777161,-0.2452475995970251,0.3047216731338928,0.8894299755852295,-0.26959962537908116,0.3171774525556396,0.8986456181906997,-0.29144799099232155,0.3213100572021041,0.8992268768526935,-0.30866518619600214,0.3272412827784407,0.8983126004385694,-0.2940719120696496,0.31827978957942055,0.8693152293076912,-0.32125187888813184,0.3294585681774689,0.8670811905805047,-0.338687243792653,0.33524703938544403,0.8655562925349956,-0.3520644710821592,0.34091851417915753,0.863094107954884,-0.2968102964461011,0.3069052701692956,0.8541679756442402,-0.3277168555413326,0.31598361208635767,0.8482474837831587,-0.3474075917764223,0.3202441064685281,0.8441511808078109,-0.36324688687801,0.3243033535790965,0.8401407344367933,-0.2918682334100278,0.2969875048492958,0.841580294017521,-0.32024637534814787,0.30246584437710206,0.8321657663677821,-0.33802977739247064,0.30493044186096097,0.8269945468367906,-0.3529308766139125,0.3069912831825029,0.8232304511319307,-0.28280158065615585,0.28921275957457626,0.8316364993858044,-0.29991011936725637,0.28895619146119655,0.8157226098804251,-0.31134811382321254,0.28768855751053857,0.8065019692596702,-0.32148375443501515,0.28680737649933724,0.7986791006601802
-0.22946349274791725,0.28964723723274327,0.8711276646300173,-0.24165232554311858,0.31144904661462597,0.8880292766342914,-0.26615908387194687,0.3236398160686329,0.8971889494262933,-0.28795803840471823,0.32801258924781185,0.8978611092045958,-0.3049794361366879,0.33451994143752195,0.8972499336081995,-0.29073984241075845,0.3253830840741259,0.8681069653152786,-0.3180508718195495,0.3362173199464878,0.8657759522465197,-0.335464837431202,0.3420352042238308,0.8641237759423092,-0.3489689081705457,0.34748371226981506,0.8618583791256298,-0.293516010033108,0.3142029996325024,0.8526529994663066,-0.32405929829716007,0.3240007117243327,0.8460351228633561,-0.34353059681537074,0.3287806332617195,0.8414878722613578,-0.35926393657494465,0.33311652878733783,0.8373518758257473,-0.2885911634672489,0.3041413848622844,0.8397833080162233,-0.31669898482588743,0.3100557280040172,0.8298366805283552,-0.33438499961579643,0.31272081614850183,0.8244360021914775,-0.34926131437194863,0.3149012720805555,0.8206413859210974,-0.2794632942325649,0.2961011855341913,0.8296859927119558,-0.29634952029975503,0.29587894383418045,0.8135358911317806,-0.30776792783681134,0.2946997145755502,0.8042793143272731,-0.31792192245104045,0.2938816396396269,0.7964734120421794
-0.22687408418143407,0.2953175155239304,0.870117872043493,-0.23932684247084385,0.316567593887699,0.8875222969433734,-0.2636367407983023,0.3292687642804605,0.8965114450280118,-0.28521214807370826,0.33463535483977724,0.8971961854422994,-0.3021875603299109,0.34128978744046584,0.8972286565881736,-0.2877652399531196,0.33169443294192336,0.8669629663751011,-0.31501875425265746,0.34270025192900005,0.8647664866959022,-0.3323647123920295,0.3487332914474062,0.8631715469713149,-0.3460732114573247,0.3538227410344168,0.8613404965964058,-0.29022203223528814,0.3211933739166615,0.8510259596112653,-0.32043406923900075,0.33176083503000725,0.844080061782224,-0.33969406539910124,0.3371462638244105,0.8393149480858312,-0.3553987139931508,0.3416542827852035,0.835254626164949,-0.285023775126322,0.3113657618253591,0.8377188337028872,-0.3127955311631601,0.31773786996016984,0.827131564023771,-0.33043576630044075,0.32060579749087004,0.8216852591805516,-0.34534150083370885,0.3228349711719756,0.8180372317466663,-0.2755503644543276,0.30337050755832545,0.8274000206621925,-0.29205074942077186,0.3035493091780382,0.8108553801657846,-0.30342492938377147,0.30251996273648724,0.8015267520492273,-0.313610657295613,0.3017409851691947,0.7937582834378085
-0.22526387963901204,0.29831641789113844,0.8698566130566929,-0.2375179026240838,0.31971761781870744,0.887216871923366,-0.2612269015630224,0.3337380217904189,0.8958428391797557,-0.28258499795503134,0.3399338754209508,0.8963016191538478,-0.2997814255770116,0.34598738039584653,0.8965933440951263,-0.28498409004936254,0.33652314646141707,0.8660214126285376,-0.312202596837275,0.3476662568298217,0.8641003202865453,-0.32953775672736374,0.3537516675461043,0.8625891385212435,-0.34332794672478273,0.35865843390779756,0.8608766862141075,-0.28764275753508384,0.32590824518142403,0.8499923146868954,-0.31778152857735265,0.3367995250738781,0.8432307754159026,-0.33690793624293336,0.342659475110558,0.8384875571725732,-0.35252816148670896,0.3474786169853436,0.8344590498262906,-0.28241083467873873,0.31585778625121624,0.8364626558566713,-0.3100065906162319,0.3224377613339969,0.8255474070341293,-0.3276339703231431,0.3255223820377184,0.820178446217759,-0.3425227951326294,0.32792093409814566,0.8165690023213918,-0.27269428973573306,0.3076684396686022,0.8260166580467149,-0.28893780147256365,0.30832481018057584,0.809231625803019,-0.30022776981668897,0.3074631441190982,0.7997844583517876,-0.31033015312477963,0.3067804651233612,0.7918989802688682
-0.22408791814737358,0.2995916626194303,0.870089841365402,-0.23536751976121278,0.322112453684643,0.8866770527888589,-0.2583665212837648,0.3375845641912116,0.8947241264658589,-0.2796469838268333,0.3440576374951021,0.8948168557571832,-0.2970918271798705,0.3493608886076011,0.8948060434388863,-0.2822236473768407,0.34009481350206144,0.8655403186035602,-0.30946582481475693,0.3512164072916248,0.8638431043408411,-0.3268660470733368,0.3571081541277666,0.8623123375723876,-0.34063975191466267,0.3619602827533366,0.8603324153662553,-0.28581511652057234,0.32840142587135673,0.8499211970659446,-0.316026374555325,0.33930872444140553,0.8435184916370915,-0.3350629906335293,0.34549539604135204,0.8388292543076645,-0.35054545385658187,0.35069052923254224,0.834736778261642,-0.28097815472575305,0.3174983640318034,0.8364523402941648,-0.30861124760478365,0.3239995469665891,0.8255844392504016,-0.32623288116107296,0.3272605523712664,0.8203015408959281,-0.341076832550706,0.32982388391439355,0.8166212311294282,-0.27129843660342834,0.3087459916241901,0.825971693442701,-0.2875606775372379,0.30966518668286763,0.8092171596243496,-0.29877659955655833,0.3089141573211939,0.7996728485114988,-0.3087259246178863,0.30832141644213057,0.7915880137707431
-0.2227653480917412,0.3010703620780011,0.8706186223480694,-0.2329458170955458,0.32487455750982097,0.8860869563334295,-0.25537661384822063,0.3414671920309784,0.8934788103642105,-0.27662918566852057,0.3480287924518877,0.893276440145876,-0.2941233570777872,0.353136136473622,0.8927141656334635,-0.2798760846002143,0.34298387865538593,0.8658660119705335,-0.3070200349792469,0.35435187081521247,0.8642285357700079,-0.3244066805330501,0.3602006667500425,0.8624065026123253,-0.3380317085383614,0.3651948973974299,0.859838534292319,-0.2844641602122599,0.33016429936730074,0.850773645995411,-0.314678022963677,0.3411696364221172,0.8445536005859567,-0.33361519796062317,0.3475836094793028,0.8397681061827675,-0.34900623885428256,0.3529527773072022,0.8355571284387987,-0.2801347734735882,0.31834371441055676,0.8374672908169613,-0.30787641185477105,0.3246170201136306,0.8267429442078118,-0.3254940292012137,0.32792203245039425,0.8214740170918482,-0.3403455166220059,0.33042732318021084,0.817784155145336,-0.2706338712791451,0.3090056514039345,0.8269759661535054,-0.28712472644038883,0.30990394414787914,0.8104452502158181,-0.2983562759292466,0.3091618826913721,0.8009186313329948,-0.30823464594160754,0.30857548816367025,0.7927467948767397
-0.2215941071265646,0.30305964287468806,0.8714550705148784,-0.2312750764035618,0.3275727512786973,0.8861158131907279,-0.2533102598610204,0.3448570313814729,0.8931015143473638,-0.27448948373499116,0.351650800021666,0.8928722840576822,-0.2918887338227488,0.3570190120017015,0.8919259514514994,-0.27858366162572856,0.3451860629499068,0.8671513730979299,-0.30545720965136547,0.35716760348314824,0.8654304084856781,-0.3225456588751646,0.3636049938340785,0.8629068057190066,-0.33565192481634165,0.3693489776022947,0.8593839329215601,-0.283678060539046,0.33183013360404984,0.8523536233869018,-0.31384410023051457,0.34297413919006225,0.8461483756256175,-0.33266332926080133,0.34954868700619196,0.841121592992038,-0.34800978813304084,0.35491450605723973,0.83674682185417,-0.27970150225960055,0.3194853429440661,0.8391695093486632,-0.30749989005257583,0.32549536337014545,0.8284413331150632,-0.3251199071291231,0.3287068058221117,0.8231228017327108,-0.3400290297049403,0.3309931572769004,0.8195243433850827,-0.27040110827018693,0.30981578881057326,0.8286616492914511,-0.28713734537936697,0.3105943054807801,0.8123732459800468,-0.2984371156475951,0.309822671964967,0.8029300155970157,-0.3083480488149908,0.30920445361778826,0.7948000602750205
-0.22121121750274825,0.3044505372096104,0.8727511203527949,-0.23110459760749266,0.32894276682760853,0.8873045647567376,-0.2529266399044513,0.34646679777173484,0.8943616518884043,-0.2740318373620862,0.35349061259073566,0.8944251217913275,-0.29137702136089977,0.35903533455259945,0.8935043616198478,-0.2785594892835478,0.3461512772787464,0.8691192608751274,-0.3051594625238984,0.358708229701775,0.8672562027195742,-0.3216403798583819,0.36624809923755947,0.8638867230081296,-0.3338394166955055,0.3732120950683324,0.859429767599686,-0.2837096892062231,0.3327816083644715,0.8543577755655496,-0.313883354277534,0.3439127505476141,0.8481665300680529,-0.33257854113104085,0.35065788619381494,0.8429082282934266,-0.3478542649057661,0.35611482797979643,0.8384006251590158,-0.27989747164352685,0.320301923101015,0.8412346549421705,-0.3076773110166707,0.32605600713973626,0.830319733229791,-0.3253040680968155,0.329106572480447,0.8249293133570175,-0.3402516282973727,0.33123309542735596,0.8213928482232771,-0.27074769277623645,0.310555375424886,0.830704546932472,-0.2875691189320428,0.31132926212076856,0.8145039134670132,-0.29886998443700735,0.31058090207246125,0.8050601206621462,-0.30880343935927707,0.3099614010528527,0.796957796581677
-0.22159905597381138,0.3047046627351474,0.8744715290951162,-0.23205323102635358,0.3286826872438971,0.8894820450824149,-0.2538101624895248,0.34614165421453663,0.8968925831836514,-0.27486998593750345,0.3532843417612865,0.8973755052430115,-0.2922365908177953,0.35880541213110695,0.8967705541840252,-0.27943391110732774,0.3457512753539201,0.8711142197508356,-0.3059360458188013,0.3585017360089825,0.8691727705366762,-0.32200589929938106,0.36676169881858395,0.8655181179095082,-0.33382066140827604,0.37431379408836,0.8609843068697954,-0.28431624056290306,0.33265415627904965,0.8562395720314466,-0.31447893977286656,0.3438071227183443,0.8500341851039059,-0.33306332933617977,0.3507689280270844,0.8446666591069093,-0.34827204201799544,0.35641570899799874,0.8401662858175981,-0.28042808037608224,0.3203055054329417,0.8430965383105911,-0.30810125449760284,0.32585519876126784,0.8318111135196828,-0.32570655748167365,0.32870491507239874,0.8262435678979286,-0.3406270758893981,0.3307647915484346,0.8225566612292693,-0.2712451453857111,0.3106655356781942,0.8325337231390494,-0.2879369270356943,0.31159788881253087,0.8162078251178798,-0.29913794113139514,0.31093205993832923,0.8066397123675696,-0.3090328067099587,0.3103136559917044,0.7984902230920401
-0.22205120071607973,0.3044447009778529,0.8759657392527903,-0.2330176729799418,0.327814645189599,0.8915584689433277,-0.25473989366528355,0.3452218340372416,0.8991893649749025,-0.2757119702445466,0.35259420154853954,0.8999558922071866,-0.29307261241959515,0.3581579486309167,0.8996397110032553,-0.2803584933702807,0.3447885741530127,0.8722782031665124,-0.30692940984061634,0.35739850344420027,0.8703591676196185,-0.32333192152627915,0.365251063210625,0.8673394693159818,-0.3359487420387823,0.3720045829890898,0.8638203785307731,-0.28471544152498524,0.3321291113065709,0.8571564320058714,-0.31472821610178836,0.3435719823241205,0.85075502778297,-0.3332719801917884,0.3506396589046664,0.8453853569314698,-0.3485181453671033,0.3562821472605267,0.8410080050932411,-0.2804731799913721,0.32010316883564427,0.8438672163329242,-0.30794316883327405,0.32558388633186913,0.8320635760697651,-0.3254610493383746,0.32820156206284745,0.8261191015899109,-0.3402901915311048,0.33017032510889555,0.8220351384006205,-0.27101725552110556,0.3106730881418386,0.8332740721652555,-0.2874904281410195,0.31178760217022206,0.8167388901121149,-0.298590032371693,0.311173539259777,0.8070498994975621,-0.3084426493427898,0.3104950790600753,0.7988541326457484
-0.22198127131244166,0.30451542501669,0.8762956273423669,-0.23314102139431694,0.3275865694642835,0.8921932151331201,-0.25485985840182024,0.3450365814103909,0.8997354211397934,-0.27569455369723184,0.35277880262993383,0.9005961448474729,-0.2930256102791706,0.3584409695878704,0.9004495434336132,-0.2803999240416092,0.34463684510556525,0.8719945733803072,-0.3070186594579657,0.3571307502678381,0.8699816464410749,-0.3240339140160201,0.36392124845227836,0.867933742864173,-0.33759408965204296,0.36924453050516426,0.8657060772467584,-0.28432236158569235,0.3322787306450477,0.856551995086798,-0.31413130129512756,0.3440694361376252,0.8498370648314775,-0.3327652223106643,0.3509577481521354,0.8445470034798753,-0.34814847280623884,0.35633133965148556,0.8403132633953682,-0.2796850954014769,0.32051913422636835,0.8430874893523036,-0.3069854935403421,0.32612776514223435,0.8309550536768611,-0.32440326954716137,0.3286420567255892,0.8246809356292535,-0.3391412727721117,0.33055419622693477,0.8202545121402592,-0.2699162489068526,0.31120303624642426,0.8325170989567593,-0.2863576563299516,0.31225796698854713,0.8159464307055256,-0.29747226722252873,0.3115525958888272,0.8062808886729883,-0.30733232780315667,0.31075295123953023,0.7981050255691803
-0.2216088164908016,0.3050689658156741,0.8754973594805082,-0.23246807032211628,0.3284063872583867,0.8912133510880601,-0.2543003539227391,0.34581889566003904,0.898510721386274,-0.2750741281957192,0.3537224671190599,0.8993774528402819,-0.2924589622324306,0.3592192312300114,0.8993941473007735,-0.27937137716428884,0.3460723779266902,0.870683506395973,-0.3058108740826204,0.35886509252730486,0.8682327775073964,-0.3230201970075787,0.3652662957245511,0.8665934287279617,-0.3367792836386622,0.3702402545379521,0.8648255322382583,-0.28346738369375024,0.33345704615810695,0.8551342003792247,-0.3131894811169499,0.3453919441738819,0.8482902946912321,-0.3319900196820363,0.35196666652973296,0.8431942786460852,-0.3474957157475122,0.35710532096939873,0.8391184895704049,-0.27884649928591604,0.32152468613304375,0.8417084946162409,-0.30623137944459716,0.32739412358820413,0.8298939900830687,-0.32366450187319373,0.3301773534483709,0.8237780261851854,-0.3384048077414745,0.33231281057729767,0.8194627686963191,-0.26905670882201327,0.3119915128451533,0.8312274868299506,-0.2858087588290439,0.3125804444530444,0.8149473829193908,-0.2970451456773014,0.31165258989252453,0.8054427775632864,-0.3069364442511639,0.3107465663424653,0.7973158902403038
-0.22185950289104306,0.30528558847847453,0.8750679961476028,-0.23205733339370252,0.32930675937038667,0.8901854902387849,-0.2540188601495807,0.34664233568292097,0.8972752579210179,-0.27483846268810636,0.35443012451210953,0.8980888045120188,-0.29232820503986795,0.35958227614258925,0.8981955515307036,-0.2783808376575455,0.3479463197311625,0.8699331030598645,-0.30435481137149717,0.36154807115989396,0.8669245047466131,-0.32122262182550776,0.3687395419206556,0.8650315226776946,-0.3344201369387652,0.37490883950395476,0.8628081128276183,-0.28327326611238424,0.3346178037416416,0.8546965817327273,-0.3129932342955578,0.34666582875505153,0.8480443268206951,-0.33189740245818616,0.3531453957226492,0.8432168800920706,-0.34744776610448097,0.35830280248523877,0.839339795818053,-0.2792048984877516,0.32201115383865186,0.8415957461638807,-0.30690203539310656,0.32807951973486327,0.8306409290816363,-0.32443268080812665,0.3314166458954851,0.825108732340187,-0.33923331954446023,0.3340176973219021,0.82128330871543,-0.26976919696175067,0.31190869660333187,0.8312520011073912,-0.28696252801445427,0.311839412926879,0.8154278306615268,-0.29831168795992696,0.31073026054104286,0.8060779014649215,-0.3082100145350561,0.3097944561030027,0.7979629544671373
-0.22343244263927553,0.30400513519530925,0.8765273765488525,-0.2332026863237991,0.3285732888793496,0.8910359667105032,-0.2551796825187714,0.34592136736786677,0.8980467783844329,-0.27600822332357544,0.35368810445944077,0.8988323009232123,-0.29345491478998514,0.3589852224527093,0.898857731647801,-0.27921970964184195,0.3476127906551551,0.8713197256865777,-0.3046746578685186,0.36213072429287496,0.8681603222776221,-0.3210393432286794,0.3703585635345102,0.8660810443247471,-0.33342315931403826,0.37789664948531415,0.8634359453550157,-0.2847613125988744,0.33377445532320027,0.8565378548158025,-0.3144659243338112,0.3459988772963474,0.8501438372957804,-0.33337011437520864,0.35259790076750797,0.845481102901455,-0.34894537871345876,0.35779739993017345,0.8417634711599127,-0.2812716949332133,0.32046530840875237,0.8437811699961079,-0.30922171367095547,0.32648430205257617,0.8334597048488925,-0.3267860315310353,0.3301737294402606,0.8282685581425995,-0.3416117474738966,0.33301580719021945,0.8247218720442887,-0.2722595009527423,0.30974801416986497,0.8336090414683404,-0.2897077819314086,0.30924250994936736,0.8180745070502118,-0.3010883306841951,0.3081120226917233,0.8087653752372974,-0.3109858774032869,0.3071716468903127,0.800650005497937
-0.22578908659538716,0.30090358957054497,0.8796515314518217,-0.23591388453655832,0.32541022811799347,0.8940203922045576,-0.25798803699744055,0.3425788182852406,0.9011665082215086,-0.27872872227636947,0.35055423383555234,0.9021585181641052,-0.2958113130421023,0.35692821196173585,0.9020903679044541,-0.28254358169967975,0.3432980767051914,0.8748974649955409,-0.30792156218890765,0.3580342940661052,0.8721572787951487,-0.32431884572048264,0.3662868101841796,0.8704694598372555,-0.33682053129522405,0.3737587754307074,0.8682209531456131,-0.2878241072271496,0.32956652482032656,0.860232055439376,-0.31765149884110466,0.3414650579940549,0.8537950119589646,-0.33659250763003623,0.3478985252880003,0.8490510380381285,-0.3522892350042133,0.3527195009026178,0.8453341333610251,-0.28431839001342707,0.31614171428773574,0.8475462258430021,-0.3122939919274449,0.32177454874526784,0.8370771595889299,-0.3297837845876911,0.32526205905244143,0.8315085363278242,-0.3445856999158988,0.32780256042066813,0.8276475265052801,-0.2754351728220139,0.3052491093413284,0.8375156993270582,-0.2929380170015409,0.30457944270625226,0.8220489027795983,-0.30428477516349683,0.3034850862621666,0.8126943162226288,-0.31421278226130134,0.3024759013610225,0.8046245464234179
-0.2275350408200968,0.2966369449118803,0.882584871330062,-0.23861064409847596,0.3205040057121609,0.8973241198303082,-0.26109670152846975,0.33700579470084685,0.9047513569177317,-0.2817622973484497,0.3451264969139813,0.9060760107354392,-0.29814364100097623,0.35313128407505884,0.9059273112931678,-0.28675384996324405,0.33562365820486906,0.8788251862233794,-0.31280735171466867,0.34923335545612166,0.8766577445401245,-0.3297863944789732,0.35632827741743406,0.8755632805163333,-0.3431999852196168,0.36227485524637626,0.8741877861454875,-0.29101895817365797,0.3224495129454395,0.8638624980971241,-0.32130862585259257,0.33286141719016027,0.8570205544518047,-0.3404671402590289,0.3384179087995107,0.8520472928801788,-0.3563935186799786,0.34229812913326546,0.8482081787806927,-0.28688759830080224,0.30969461378411317,0.8510348847079408,-0.31476468173180405,0.31456714716259865,0.8399402412902269,-0.3320930007090084,0.31746836306099996,0.8335859161332729,-0.3468087193922631,0.31943152332036856,0.8291079850410699,-0.27780970150171536,0.29932857501345994,0.8410606688778705,-0.2953945270904451,0.298377083997533,0.8257020108285481,-0.306684522514462,0.29718101723995693,0.8162913650429731,-0.3166363497044421,0.2960748554336448,0.8082637560994557
-0.22812500836305616,0.2913962245239414,0.8839914868619461,-0.24007157277939636,0.31451245224551916,0.8992384747660123,-0.263097086234405,0.33020901592378327,0.9067577359100546,-0.28383439702711877,0.3381577046255633,0.9080025860112861,-0.29953242037029437,0.34741358835032815,0.9074128161653269,-0.28978606092234444,0.3264743938191186,0.881092687454745,-0.3168924786094861,0.3378954281376037,0.8792195319623352,-0.3344393644605938,0.34349415092068314,0.8784548343390955,-0.34854325520341795,0.34770862969883926,0.8777501189778841,-0.2930039279730691,0.3138720642253391,0.8657545433003491,-0.3238930962783531,0.32200698393989236,0.8585180888098634,-0.3433628390391648,0.3262296447826634,0.8534431645581164,-0.3594958681327602,0.3290055005703327,0.8495106801746869,-0.2881510033938996,0.30216986133124407,0.8528556695090189,-0.31602721394054945,0.3059557727268361,0.8413427100644066,-0.3332560829554654,0.3083202245804966,0.8345133191425335,-0.3478931901949159,0.3099416879972307,0.8296569635661579,-0.2788020921474064,0.2927261687891972,0.8428927010415419,-0.29657058075557186,0.29114131619562666,0.8278000253989132,-0.30780601258044127,0.2896378419812598,0.8183681929438753,-0.31771467606583714,0.28850358083432587,0.8102912626300277
-0.22862797477864247,0.2838660297090603,0.8850336483222715,-0.24109575980669198,0.30640411681209156,0.9007224976047035,-0.2644863060338639,0.3216620253834685,0.9080145647016881,-0.28543664484198883,0.32910882169742584,0.9086437635964357,-0.3009788940573075,0.33851272177962,0.9070777810124032,-0.29181605419545364,0.31612780339222546,0.8823113367576974,-0.31973897778435023,0.3253871705033896,0.8804999629194525,-0.33759828238014133,0.32991193820964926,0.8798711713103236,-0.35198414368623543,0.33308463627750695,0.8794722093454546,-0.2942775695734401,0.3039054156450158,0.8667148763900967,-0.3255874737318528,0.31019647730050426,0.8594487663038736,-0.34529745013194124,0.31332167993004933,0.8545084684628056,-0.3615290158925679,0.31539134717927003,0.8505465009022868,-0.2889037478791092,0.2930543542224761,0.8538721926195839,-0.3169458363851858,0.29564400358476844,0.8424310622948539,-0.3342744666440318,0.29759948788850316,0.8357258557391072,-0.3489186378347299,0.2991718449170748,0.8308746512549193,-0.27930443975334607,0.28431665327452144,0.8439150563641792,-0.29719619843246026,0.2819635905314877,0.829070263664005,-0.3084114670018743,0.2800012943042831,0.8196989259314788,-0.31825684248218944,0.2788424845897647,0.8115484225477508
-0.230377509458504,0.27238312511860985,0.8884736670994612,-0.24330600335563374,0.2943190277842738,0.9046360074427018,-0.2669593980874598,0.3092404948325918,0.9117748034274089,-0.2881703165754692,0.31593545641407667,0.911979227211272,-0.30408675430321536,0.3244798627197533,0.9095079360866274,-0.29459327901655574,0.3025423523143339,0.8856947542099473,-0.32295723036616863,0.310358855423338,0.8839354477510629,-0.34094540078165003,0.3143523581363325,0.8833865183262085,-0.35541059901472494,0.31713987492804746,0.8829791126179406,-0.2964529887377127,0.2906907856551415,0.86987570231252,-0.32799580152446145,0.29604207274713384,0.8628686630728374,-0.3478474177883691,0.2985409374491489,0.8581436645714828,-0.3641032561434362,0.30035260347481446,0.8541549276661422,-0.2906832826523956,0.28027625931424627,0.8570166709970053,-0.31894772762035,0.281830795081091,0.8459410651935835,-0.3364808453494773,0.2832492110142275,0.8396447949164783,-0.3511843363299538,0.2846758201516488,0.8349298844410559,-0.28077476023623854,0.2717178697590474,0.8470162152011727,-0.2986668432856643,0.2686787619461048,0.8322969424246658,-0.30992174745001544,0.2661789910280907,0.8231027538213587,-0.319795742204859,0.2648065333442585,0.815020331461792
-0.23313144882622594,0.25662911802887317,0.895408279774944,-0.24680362129525735,0.27771688455035937,0.9120794773530633,-0.27087151683784744,0.2918224444653801,0.9194865856255013,-0.292317918952878,0.2976993509523794,0.9200168395546933,-0.30869030367979283,0.30533632342576733,0.9175533423099098,-0.2984968707774882,0.2842520539703285,0.893105797433795,-0.32707129074006425,0.29127043836578537,0.8913878275526588,-0.34512514585655557,0.2949422433790053,0.8907555098269883,-0.35961984523956547,0.29751508470823296,0.8900755344684885,-0.2998198331017346,0.27286524338239515,0.8770760315019926,-0.33151604293860715,0.27762366757992885,0.8703387032421758,-0.35146361260408154,0.27962224561459614,0.8657827451424329,-0.36774649459960956,0.2812009392079542,0.8618053192194713,-0.2937274433307803,0.26260196826723803,0.8640860678197287,-0.32216312695557614,0.263379534285339,0.853372909434466,-0.3398419008171745,0.2640828884426091,0.847370294325608,-0.3546079894048369,0.26504989569408577,0.8427350201986471,-0.2835255491772166,0.2538607376283718,0.8540341756962017,-0.30139371672338156,0.25020554068319895,0.8394263720608283,-0.31270615175250505,0.24719723772009886,0.8304578853736261,-0.32270461834811476,0.24537593826871237,0.8226208899189976
-0.23564672234210202,0.23743379729214084,0.9038054944381106,-0.25032800220940365,0.2575565653394376,0.9208080016987767,-0.2748933588509204,0.2705134722708046,0.9286665947771762,-0.2964690035487674,0.2757861594658937,0.9298739424408423,-0.3130488228176513,0.28319981264150706,0.9282632008466318,-0.30218993487890305,0.2621548936584308,0.9024509976480299,-0.33085547962738415,0.26877300050300557,0.9006638708200823,-0.34898550993720845,0.2719958320478796,0.8998042080217816,-0.36353550111473254,0.2741367252028411,0.8988594739690529,-0.3031273674772081,0.2511432333868211,0.886328721720298,-0.3349461518559469,0.25520887634631717,0.8797166555581604,-0.3549857329459357,0.25657376702020596,0.8753338633987812,-0.3713393836615249,0.2576774407694629,0.8714888082571275,-0.29685637201087217,0.24095615324198927,0.8733161151770903,-0.3253559836089824,0.24114090789834494,0.8627471758176498,-0.3430898983772211,0.24116785062920748,0.8568673219463984,-0.35791006011810345,0.2415320946267499,0.8523188745498118,-0.28660217323458514,0.23204620115000496,0.8633881516172476,-0.3044716740716857,0.22791347510308738,0.8489098465206749,-0.31578687535855027,0.22453031679234525,0.840079484911621,-0.32589316493572873,0.22219437479608584,0.8325222863775518
-0.23715473096229372,0.21605151350442856,0.9113543091751793,-0.2527530382809746,0.23534007780009608,0.9285064262975707,-0.27763716222065127,0.24750084392119182,0.9366299607763373,-0.29926100056919414,0.25249795287687327,0.9381151812741362,-0.3158627656301012,0.2599972486394728,0.9373476470351876,-0.3045579306644841,0.23835546632366916,0.9107986470770182,-0.333249697838516,0.2448085859459,0.9088374332169616,-0.35147203057672316,0.24742774579913798,0.9078833611181072,-0.3661024842703886,0.24894734517787814,0.9069784679514729,-0.3052489634976916,0.22751993891018896,0.8946607653739969,-0.337145216399223,0.2309068666781763,0.8880394602093605,-0.35726850222858464,0.23164619873202566,0.8838965917018904,-0.3736996464596918,0.23218241892828986,0.880266935564965,-0.2989049159300339,0.21751850694045213,0.8818010853503258,-0.327352283791561,0.21720052746244597,0.8710954501280592,-0.3451293186770765,0.21671980893595907,0.8653673543849146,-0.360008430883628,0.21658560034915725,0.8610024661348845,-0.28884025005360414,0.20873827222045396,0.8721858347763678,-0.3067210643262098,0.2043835648200141,0.8577867789871646,-0.3179783446166846,0.20073558882571793,0.8489878734830018,-0.32810417903779543,0.19799493716025357,0.8415945474766737
-0.23683797660013578,0.19501766033026732,0.918343943671674,-0.25298474323278813,0.21362868370365504,0.9357354002490349,-0.2779378307121786,0.22555073642353704,0.9440000087403748,-0.299610117538811,0.2303992378449962,0.9452535558819818,-0.3163391169747251,0.2376380078991684,0.9448200413419011,-0.30484642700537834,0.2154092516118867,0.9183529049581359,-0.33355614093898855,0.22171231577139966,0.9161779740893772,-0.3518627232600596,0.22373720581531395,0.9154082167506836,-0.3665582634956213,0.22467116220639963,0.9148191396403558,-0.3053237936508327,0.20469325279111236,0.9021236026165532,-0.3372586248548251,0.20754593060410817,0.8954368473335322,-0.3574414445185958,0.2078728360421405,0.8915376772704907,-0.3739225404581137,0.2079690135577684,0.888101303741239,-0.2988781137764263,0.195029408933818,0.8893671996715157,-0.3272352329409038,0.19419544283421009,0.8784519457603124,-0.34508563833356287,0.19332760564593085,0.8730044668574124,-0.3600220698396382,0.1928648984520103,0.8688635542343076,-0.28896863799703676,0.18667891403988443,0.8799785266770358,-0.30690752549618033,0.18216976801691837,0.865699740991548,-0.3181158978122326,0.17826434664274182,0.8569490324271323,-0.3282025135935446,0.17528309592962618,0.8495953061623909
-0.23388836326034088,0.1778515069988672,0.9257809777142595,-0.25032375698121795,0.1959350513129932,0.9434562226589595,-0.27522807220261397,0.20776581952843856,0.951994587614303,-0.2969604111095857,0.2123663017455551,0.9531384284111205,-0.3139861157097019,0.2188823409417979,0.9528011378196933,-0.30246212084783125,0.1962372520801269,0.9265363252916377,-0.33125397748162416,0.20213140616893674,0.9243014750977697,-0.3496192817863924,0.20365530460094325,0.9238356492818756,-0.3643452855627856,0.2041559930413289,0.9235667384031562,-0.3027609680725128,0.18566751337720622,0.910208629105444,-0.33473506033188477,0.18799615890981444,0.9035064842905441,-0.35495499993613233,0.18806413277324444,0.8997908381985846,-0.3714680014144334,0.187848975781589,0.8965168610818021,-0.29618694588996164,0.17632256336932509,0.8974052947189315,-0.32451683934671577,0.1748447341801565,0.8864875278993704,-0.342421386238338,0.1736563798290361,0.8812836682733767,-0.3573804833262369,0.17297210445539618,0.8772568304366841,-0.28626028038141693,0.16842657869693015,0.8880000461202306,-0.3043109868409594,0.16354288528629327,0.8739878607732626,-0.3155326112907411,0.15938633751517262,0.8653708379812008,-0.32559138994787407,0.15631166486647516,0.858017449392178
-0.22953826882473088,0.16491632075076967,0.9327980970760775,-0.24637830196508054,0.18281972959587556,0.9502747174911709,-0.27126502630550453,0.1944310150608059,0.9591586732981598,-0.2930271332632975,0.19868056365878375,0.9609248556887838,-0.3103641727207395,0.20432614243531244,0.9609655006092924,-0.29862051744167556,0.18122228733301468,0.9344487883461101,-0.32759951855877945,0.1862780045241322,0.9326147125104705,-0.34600225647295535,0.18732233161477196,0.9323458621460025,-0.3607375996561517,0.1874786809491796,0.9321928740535401,-0.29883463404715993,0.17068294731808908,0.9182453146786412,-0.3308674026182524,0.17234453374687592,0.9116252860414104,-0.3511159974096224,0.17209062839836767,0.9080775339397089,-0.367656298311353,0.17159292213068691,0.9049767000089783,-0.29220658690860823,0.16142905734957244,0.9054274676671292,-0.3205477109004715,0.15916297123178857,0.8946752576945547,-0.33842579526208094,0.15770367594093107,0.889449389606052,-0.3533458434434347,0.15687620547415146,0.885306239074408,-0.28221384145304373,0.15370840847943432,0.8959373792406421,-0.30027369774072504,0.14833097269866363,0.8821191095042591,-0.3115275250991311,0.14403871153274975,0.873611307770836,-0.32159539122100317,0.14096778009292696,0.8662688003275316
-0.22699843104800613,0.15163063608435887,0.938210421583233,-0.24452648893280649,0.16971661278021624,0.9548000466338584,-0.2694757356113525,0.1811667070191638,0.9637177874585947,-0.29118304832748443,0.18509370783184054,0.9665706109770132,-0.3087287552061573,0.19000661015502646,0.9672478921379668,-0.29644500311210675,0.16624239853654255,0.9403636583120325,-0.32564662759744545,0.1700990229323893,0.9393157117870721,-0.3440722876935361,0.1706192300443518,0.9390964017039439,-0.35880652924069095,0.1704332653680407,0.9388825504317085,-0.2966057006816371,0.15548609589978102,0.9245360976775701,-0.32868894615135724,0.15632556511622264,0.9180058172462574,-0.34895942390644896,0.15560929271818677,0.9146515230793176,-0.36551723614928855,0.15483769940201048,0.9117039929268084,-0.2899642462451636,0.14614127594110632,0.9118702717448507,-0.3182759345250495,0.1430586484726262,0.9012443511097784,-0.33605697428476955,0.14133035060892157,0.8957750959481736,-0.3508871280134378,0.14046565772594982,0.8913279521414837,-0.279926464696981,0.13836658399107044,0.9024091095309392,-0.29781263897415305,0.13268677354718172,0.8884863107367466,-0.3090664708727883,0.1284027528399076,0.8799743626259222,-0.3191585343266231,0.12536549216592766,0.8726510937824973
-0.227865942180341,0.1356499939989347,0.9426400960085937,-0.2461062930032336,0.15373022038043616,0.9584497778974808,-0.2712001113678301,0.1652087798314969,0.9669137380898488,-0.2928650894125216,0.16901356566845535,0.9702182340913389,-0.3105196566996423,0.17347600446791747,0.9711402117190698,-0.29764040382061524,0.148543180370145,0.94514142562117,-0.32699556226166393,0.15114713051520443,0.9446933935067828,-0.34542905202621815,0.15116249214179675,0.9445205309918528,-0.3601549384335463,0.15065761507059774,0.9442530279847273,-0.29770190139824315,0.13747542277821237,0.9297315600574638,-0.32981025116943735,0.1375106613657777,0.9232711773938859,-0.35009037772701546,0.1363659683827796,0.9200989938069049,-0.36665591127849445,0.1353915546597496,0.9172568022993104,-0.2909888987752847,0.12819864785477708,0.9171724647271778,-0.3192947409206313,0.12448897550918267,0.9067330152090871,-0.3369999645648345,0.12249150610772369,0.9011115997143778,-0.3517604593944869,0.12166594347472282,0.8964313774805548,-0.2808374643107067,0.1206404347485527,0.9076004507071976,-0.2986467490658494,0.11485515096876511,0.8936226228604606,-0.30995706534411294,0.11062749959049376,0.8851574863598536,-0.32010454970012875,0.10762576882507323,0.8778964163720795
-0.2304665116889462,0.12101519600062338,0.9471431497330876,-0.24916698968029166,0.13827433284380838,0.9633284932234113,-0.2744780680671969,0.14968900993858744,0.9712120284100363,-0.2962338370791983,0.15366942938825814,0.9735806014967425,-0.3139438167307275,0.15799829395144077,0.9738349658348474,-0.30065094233717926,0.13091296468108032,0.9512839553980693,-0.33008182689757043,0.13248892748031338,0.9510694991533243,-0.3485124282447382,0.13211960056783498,0.9510834254615941,-0.3632300023433215,0.13138421051664023,0.9509090599756418,-0.3006494755216013,0.1197653524082627,0.9361972295263082,-0.3328157598357442,0.11928967516391989,0.9300500516756032,-0.35310928176796214,0.11795056581944764,0.9270439981703644,-0.369691148636936,0.11687030434769795,0.9243386030408263,-0.29390214710388424,0.1110294282372969,0.9233768910158784,-0.3223507807895811,0.10710872895176599,0.9134135666088754,-0.3400875242786469,0.10494986785342877,0.9079534942992498,-0.3548774266250562,0.1041176962314155,0.9033682439887033,-0.28360860512108826,0.10441356870426828,0.913093925875434,-0.3018060119509887,0.09851662869471144,0.8996737810771753,-0.3133761609222348,0.09428749321822459,0.8915681723789248,-0.32367443112044103,0.09131136976308235,0.8845117367478501
-0.23209679494486993,0.11146800668463147,0.9512127604669934,-0.250917895529053,0.12692252600843498,0.9690025055704679,-0.27646365331514394,0.13772808037793646,0.976986860474091,-0.29828374454739626,0.14198505000496933,0.9777143156113011,-0.3159852972117798,0.14625373445220513,0.9767759578754466,-0.3024551200143096,0.11652891609722074,0.9592787192546536,-0.331916870870631,0.11733839235777435,0.9595166286832062,-0.3503392266041513,0.11673341925916941,0.959789537287248,-0.3650520962289332,0.1158911846968246,0.9597722878368804,-0.3025828551301912,0.10577265454347223,0.9444082050771255,-0.3348930514749211,0.10506488916542168,0.9390946195379729,-0.35521188986131735,0.10370084119622842,0.9362766799198349,-0.3718200290237444,0.10255316886082287,0.9337672978670877,-0.29611494505012653,0.09805939514810721,0.9309515649075808,-0.3247925111498568,0.09424681831627955,0.9216227956850775,-0.34263507196435433,0.09206249954736594,0.9165299658664108,-0.3575307998402281,0.09107482654318555,0.9123347263595526,-0.285984957671534,0.09299667158868391,0.9193706269602074,-0.30489711432282085,0.08696786284894784,0.9070416529886103,-0.31686193016069775,0.08257996718662916,0.8996224630000229,-0.3273967280403684,0.07949228998022853,0.8929749637097204
-0.23233635523200452,0.10643085341125566,0.9541603475046898,-0.25103952363996823,0.11960116437601706,0.9738144927715586,-0.27665441277818287,0.1290716321232268,0.9831570494029589,-0.29848455984506944,0.13333909917886738,0.9831293594576228,-0.316224081029281,0.1372635239001424,0.9815946192051992,-0.3021493051471562,0.10613831688068276,0.9670844663661987,-0.33159787580591465,0.10641729355887095,0.9682721003172492,-0.35001490154308557,0.10571197701982829,0.9686454016763436,-0.36472920783317553,0.10489516515560236,0.9686313312372867,-0.3026083593975594,0.09617296095446183,0.9522512211559624,-0.3350812329310237,0.09512263609078807,0.9481168272333131,-0.3554169674320422,0.093665581102976,0.9454726833278496,-0.3720349814146366,0.0924291230843249,0.9430732626983938,-0.29676395876339756,0.0896340972435606,0.938173373520287,-0.32559683300308084,0.08574326024019442,0.9293704634786272,-0.34352362363772465,0.08350495789859311,0.9246075525373643,-0.35851109502635786,0.08224210165761936,0.9208340744435218,-0.2872851003506166,0.08610240754305316,0.925412556858806,-0.30670632240443185,0.08000066848271091,0.9139406469222981,-0.3189334483948499,0.0752286396381731,0.907219043156395,-0.3296658748249389,0.07172766714441331,0.9011146858411918
-0.23299657394685852,0.10416160239726387,0.9565324955017769,-0.2516669633257327,0.11559864512154179,0.9772728339691359,-0.2770456569643228,0.12353144509000817,0.9885017369958687,-0.29893837983010657,0.1274100220018542,0.9891595283205548,-0.31684942239351294,0.13066619449811553,0.988140193318265,-0.3020785847311875,0.10032882265665131,0.9724683665880218,-0.33148317959187945,0.1003199494952612,0.9744873610352959,-0.349901414773276,0.0995939663672273,0.9747427502072312,-0.3646191391476384,0.09886344228864992,0.9745607804067283,-0.30282550038885186,0.09111813234496392,0.9574339451497105,-0.33537569927830946,0.08939396321728872,0.9542408738972669,-0.3557075691136084,0.08768290094067294,0.9517221562052206,-0.37231043696286575,0.08633546435037064,0.9492780550759998,-0.2974733631465591,0.08547491356055076,0.9430350229031536,-0.3263484253938499,0.08097933893797159,0.9346693152978391,-0.34431045226418244,0.0785371656224709,0.930145321412821,-0.35934681980635835,0.07703480224323159,0.9266655517583047,-0.28861222757217114,0.08290310970910175,0.9298113179640484,-0.3081391145169781,0.07663953413472896,0.9186091703804687,-0.32042991369541507,0.07139428611554724,0.9123739113451869,-0.3312711953068938,0.06733390037830113,0.9068345210902586
-0.2348915648258131,0.10374751936041311,0.9590573140121476,-0.25389449883023596,0.11477982112833916,0.9797147059700233,-0.27905368727176827,0.12186146410979658,0.9919605721693384,-0.30096992499381464,0.12512973932633797,0.9939007432921106,-0.3190311001375755,0.1276271542869611,0.9939641453528542,-0.3039751101398763,0.09928995200461876,0.9748231080591324,-0.3333710506181955,0.0990988846141304,0.9769558979878309,-0.35178735089328234,0.09829726405036757,0.9771006425150315,-0.3665015156905329,0.09752577233777797,0.9768243382368647,-0.30468450236124817,0.09049010200206943,0.9595160575961491,-0.3372069439747332,0.08803621008399423,0.9565238816489295,-0.357532855636964,0.08601742819691044,0.9541918356121207,-0.374129230472921,0.08451228653591393,0.9517961462751254,-0.2993034860543247,0.08522017694643036,0.945040451365307,-0.32815853157029323,0.0799148055336776,0.9370903660101777,-0.3461475654230584,0.07719137222318999,0.9328426945877901,-0.3612341502739847,0.07558039099170372,0.9296398929325552,-0.2904537000220919,0.08285123398250376,0.9319420017627634,-0.3098350091982545,0.07610223777984372,0.9207690116486567,-0.3221554899142047,0.07057884350830645,0.9148400406491063,-0.3331076343216634,0.06620324608381178,0.9097794434740747
-0.23638365223877847,0.10433622750353938,0.9611716068577895,-0.25602325687371247,0.11616422729197998,0.9807658758251296,-0.2812787469849987,0.1233188896122457,0.9927686544886966,-0.3031607413252679,0.12602426468206918,0.9957057673891402,-0.32126977706445287,0.1279206281068403,0.9966616853974267,-0.30606831825713576,0.10139782122585288,0.9744524009711268,-0.3354895096209677,0.10096018774664796,0.9761578604116323,-0.35389405971363963,0.09993797613381895,0.9763843148960027,-0.36859013578620625,0.09884644689168456,0.9762743095312416,-0.30644260925618355,0.09275413199606751,0.9590218869217263,-0.3388837163279604,0.08992252369414037,0.9555232475677448,-0.359219392287595,0.08764346161674265,0.9535426508802969,-0.37584228223910987,0.08583326642926116,0.9515812331385373,-0.3006178320486847,0.08734374389399034,0.9446230088307301,-0.3294392279428087,0.08163054092251756,0.9368351384394975,-0.3474693279135317,0.0786633851154589,0.9329394200298139,-0.36262577304866705,0.0769555315874333,0.9301423414417839,-0.291254178523246,0.08446702061751792,0.9319571287427824,-0.3103328951164923,0.07696137508498992,0.9207460778772265,-0.322684333453023,0.0714584686088058,0.9148626419935179,-0.3337482222153532,0.06711462199481566,0.9100225670189
-0.23579729073802322,0.10462612418406558,0.9620423705417339,-0.256032196401103,0.11752980498734712,0.9803069439041103,-0.28153272859412104,0.1251301774311246,0.9914896477772175,-0.3033809684557103,0.12747359923380697,0.9949436529843825,-0.3214895761072795,0.12913615392816422,0.9962708265563971,-0.30598023645295674,0.10349899736286516,0.9727217955134837,-0.3354188991218254,0.10287293558544362,0.974017867715161,-0.3538060778783865,0.10161339898446162,0.9744037268262608,-0.3684579071360931,0.10004472602323355,0.9746070830189401,-0.306016021075985,0.09495472577406154,0.9572655878343153,-0.33838388552459225,0.09218950178494358,0.9530991987173638,-0.3587331826328226,0.08973606374986706,0.9515044094098912,-0.37537201048441776,0.0875003655674946,0.950241279219861,-0.2997311402744699,0.08917506648916441,0.9430066632711023,-0.32851006744663325,0.08358392174888198,0.9349769107206035,-0.3465744667519158,0.08048911451903244,0.9313485796421942,-0.36178146875847,0.07859770009945365,0.9289762637059752,-0.28985736977016924,0.08551942886131728,0.9308736712196899,-0.3085318178353437,0.07747164565667647,0.919362025891256,-0.3207944466501385,0.07216328247672363,0.9131247154640971,-0.3318469386786028,0.06795326460561066,0.9081424335374441
-0.23395135948252713,0.10403756016967891,0.9620975580153162,-0.25442554084721253,0.1173890537916171,0.9797638123179594,-0.2800984699105392,0.1251672469536701,0.9904172668641652,-0.30193981308363277,0.12737546573052994,0.9940015186681866,-0.32002581311007033,0.1293245359004236,0.995244449638509,-0.304266837880074,0.10364406445253148,0.9719232926274619,-0.33371103999401,0.10312542808475181,0.9731384446443938,-0.35209758233733846,0.10186897729118641,0.9735627728062006,-0.366719214436154,0.10006843064834797,0.9739423722677724,-0.30420609388974434,0.0951980435896024,0.9563391788582745,-0.33657050553472107,0.0927794608481276,0.9519369944749946,-0.3569363531112814,0.09034578617073064,0.9505348233088635,-0.37357362661234694,0.08789119467764915,0.9497470748925008,-0.2977541337438119,0.08923153860855282,0.9421321335563081,-0.3265097012788166,0.08396533966522103,0.9338045313120397,-0.34459615847268954,0.08095191103049086,0.9302178260686772,-0.3598175909036841,0.07896781902355961,0.9280201875424694,-0.2877601404402824,0.08524588255605203,0.9303086650988897,-0.3061610120105653,0.07736988056375774,0.9182506254038653,-0.31825367778434627,0.07233078933187828,0.9114808528445483,-0.32918274614377163,0.06821918545134287,0.9061558981935127
-0.23312823825819737,0.10332297844612917,0.9624718697907368,-0.2534180527631866,0.1163603180653891,0.9805799406040938,-0.2791500830934815,0.12389775594261646,0.991263821671038,-0.3010118915162767,0.1261080580415536,0.994719723851711,-0.31902374772214476,0.1287815722113705,0.9956538046209039,-0.30333576092778103,0.1028359604028164,0.9730375205444289,-0.3327705542685378,0.10259628722263,0.9745348895658087,-0.35117583754442083,0.10164339330332521,0.9749363905516315,-0.36583131383659073,0.1001312091825095,0.9752657885354977,-0.30342103800298204,0.09445276266836757,0.95725025446501,-0.33586498053712516,0.09249947559926987,0.9532179879294034,-0.35626282976110996,0.09037832252742004,0.9517740140350451,-0.37293785873007884,0.08822065930136033,0.9509182484119878,-0.29709911744936635,0.08863063228227679,0.9429656648434966,-0.32591005895565817,0.08368458188656867,0.9346331556347495,-0.34400626671606405,0.08093550166312427,0.9308868290229249,-0.35921802146089393,0.0791434647833417,0.9284682834186787,-0.2873205726498058,0.08498882134093275,0.931069714689912,-0.30573565102328576,0.0779140346440375,0.9185456544494198,-0.3177638432860102,0.07319070599480758,0.9114416004077645,-0.32860430401348967,0.06925623745657841,0.9058104964086652
-0.2339462102333311,0.10354161513689253,0.9631729151119611,-0.2538989500364567,0.11616772449743715,0.9819351261314727,-0.27964862811772734,0.12337074335635904,0.9928055570039742,-0.3015269253989226,0.12556542598554515,0.996165741373728,-0.31941846050259415,0.12900574194946463,0.9968759150024603,-0.3040908244520656,0.10343600097513603,0.9741587397772905,-0.3334965247676744,0.10333374298848416,0.9761589768845653,-0.35191398126483997,0.102739307754894,0.9766762826516358,-0.3666181615716059,0.10179088734388904,0.9769327381594358,-0.30430973857842714,0.09506553621814129,0.9582582782478285,-0.3368416464363278,0.09361416970039699,0.9547579329357929,-0.3572679047262993,0.09196366004548448,0.9531146453539519,-0.37398118030856453,0.09043101912167978,0.9517872917369437,-0.2981301356581022,0.08941520299315787,0.943950567473181,-0.32700552862752774,0.0848193725404933,0.9356406638623488,-0.3450607221671838,0.08231518165377155,0.9315413767641335,-0.360207301704523,0.08084677435719366,0.9285609154297778,-0.2885602124023115,0.08615657960043581,0.9319620664367178,-0.3070733093244676,0.07991887003277444,0.9191411450612544,-0.31908867791545426,0.07547876941688264,0.9118355820707691,-0.3298549169043498,0.07184335770253744,0.9058709493568295
-0.23459633846710964,0.10477412123395739,0.962639982881114,-0.2544646176109401,0.11772140197506104,0.9812724929334452,-0.28030083620875573,0.12493418003572451,0.9919290078674367,-0.30215914681643763,0.12705103757529893,0.9954646173341617,-0.3199648064041803,0.13088292842641183,0.9963144691042017,-0.3049371843917245,0.10650293276285004,0.9721343500075088,-0.3343252248279055,0.10650951657609845,0.9743814931287501,-0.3527394913980351,0.10608197579366546,0.9751269177675488,-0.36745705284820895,0.10542192597744764,0.97549557532931,-0.30502847882668505,0.09804992421734363,0.9562273025237942,-0.3375701251885997,0.09713695018025419,0.9526368093249502,-0.3579882367850418,0.09586426737966004,0.9506026998759456,-0.37468300062041754,0.09477056438612531,0.9487230427908335,-0.29870916452649593,0.0921597144292042,0.9421692054807215,-0.32751114898790107,0.08798321200410361,0.9333961220268943,-0.34543626620984297,0.0856291697949146,0.9286829703932025,-0.3604327050901278,0.08434784307984931,0.9249515813496537,-0.28909615536354416,0.08858219076604282,0.9305988044614064,-0.30749516211970895,0.08277248308782909,0.9174176189951535,-0.3192970349251518,0.07851702034848554,0.9096676730842025,-0.32982344012198606,0.0751572073648906,0.9031399312037096
-0.23362891091288568,0.1064462177579804,0.9596893690251932,-0.2535726553287875,0.1205896216618722,0.9773461583783262,-0.27952875805884925,0.12834616117748207,0.9873067053077949,-0.3013492892543602,0.13047424133985766,0.9910621088725508,-0.3191309184485538,0.1343098030127887,0.9923068091311682,-0.3041609434660333,0.11131019634594108,0.9662116767487832,-0.3335802765737109,0.1119422274987233,0.9678879799295839,-0.3519917072713067,0.11155236852417304,0.968719179049022,-0.36669056444784076,0.11070130546518496,0.9693496380650218,-0.303943316020725,0.10259375063310637,0.9503049872183428,-0.336368844580928,0.10230029550800587,0.9457024995618384,-0.35673034401755555,0.10126854507757943,0.9430564769489811,-0.37337454142124804,0.10022917105402794,0.9407467516534684,-0.29728778975751,0.09601115006770151,0.9367266392598085,-0.325872557692481,0.09233797189905099,0.9270631368432457,-0.34362656922303614,0.09021250758657068,0.9216462542993408,-0.3584493609052759,0.08899027372168623,0.9172588595644635,-0.2875153354757686,0.09150284407087178,0.9260442416034942,-0.30559842592014896,0.08586109843851183,0.9123624160887627,-0.31700520886890327,0.08174864904863582,0.9039702835087698,-0.3271626971003885,0.07855980134694988,0.8968035794634153
-0.23215577071995064,0.10917330532978811,0.9549866338161137,-0.251845794837599,0.12471803675097176,0.9717262664544375,-0.27775865164400654,0.13336570823941896,0.9810449197521733,-0.29958270510738677,0.13573618639330565,0.9846308487134627,-0.3173454957429534,0.13963312052115692,0.9859515765887917,-0.30255984822711784,0.11751207290290348,0.958820330146023,-0.33196810186043674,0.1194369649526891,0.959215330231603,-0.3503905207636304,0.11923469662357092,0.9598455933566967,-0.3650656936911629,0.11815623346263954,0.9606545469739756,-0.3021419429725061,0.10838765595907073,0.9428070550460476,-0.33437068285551413,0.10872250193651203,0.9369863923112676,-0.3546568121288735,0.10796774879005826,0.9337367906866539,-0.3712669533102027,0.10691240192840429,0.9312002794107954,-0.2952508355582146,0.10107087380932572,0.9296490362929698,-0.32365584284996723,0.09799575819837893,0.9192729243311365,-0.34134270627727303,0.09627161873240181,0.9135051391694937,-0.356114619753978,0.09519801181113029,0.9089120811630548,-0.28542380144208707,0.09572227438869751,0.9197640212191818,-0.303246220382211,0.09036961386965271,0.905631427270935,-0.31438288010685145,0.08641791829160779,0.8968102176769797,-0.3243148071476264,0.08337559280094653,0.8892732391990611
-0.23219388850526104,0.11472072825868262,0.9501181977358304,-0.25120591315971563,0.1312030694818227,0.9667442727963711,-0.2768450733100293,0.14061097134794942,0.9760834654054132,-0.29871118776993166,0.14338647544001132,0.9790729433242717,-0.31638332113271883,0.14782296989778987,0.9797514477195574,-0.3022575115915207,0.12592532987172814,0.9526700646099223,-0.33154330646124797,0.1291609017864327,0.9519085467404117,-0.34997378907042087,0.12938219172407503,0.9522118681623998,-0.36467148697254725,0.12858933410006715,0.9529379827286066,-0.3018812099992825,0.11646443997608605,0.9364192786927156,-0.33401484875360576,0.11722500840250691,0.930131615611519,-0.35426410012623644,0.11686686153810771,0.9265966257108604,-0.3708785058897751,0.11613369773868135,0.9239758570292802,-0.2949661837538724,0.10877881779192142,0.9234168288390958,-0.3233582683764058,0.10627357412115462,0.9128537914138714,-0.3411344676341297,0.10496125433309983,0.9072547113832993,-0.35600655044994167,0.10425638411998286,0.9029208271973221,-0.2851920145477538,0.10310984601277895,0.9138493155087475,-0.30293550164666316,0.09818617614180121,0.8994636996447007,-0.31405709023052497,0.09437323962309759,0.8905627666070856,-0.323997830553449,0.0915374866530323,0.8829571666546839
-0.2337247009080532,0.12405886460764033,0.9455053660730225,-0.2519609275438684,0.14089022506965793,0.9626429379156484,-0.277296572010515,0.15044768314208135,0.9726357245129111,-0.29919208005902065,0.15360245256899213,0.9749598415338034,-0.3166221810389923,0.1589445313588782,0.9746421578686657,-0.3034861975473401,0.13702272204204663,0.9480030427716295,-0.33267325732165226,0.1409521921717764,0.9468277034747293,-0.3510956515440752,0.1416051566216815,0.9469403572334942,-0.3658254821069795,0.1415284226451125,0.9473924553227905,-0.30328572110992685,0.12752323192004644,0.9314951441578071,-0.3354860001153382,0.12846765178595287,0.925584643837377,-0.35573987440057625,0.12850047144734472,0.922058157876279,-0.3723444198864548,0.1284170611616371,0.9192784909094867,-0.2964800829921896,0.11991239649658787,0.918427713416054,-0.3249525630918414,0.11776444717385189,0.9080032870341564,-0.3428427748910466,0.1167394028434804,0.9027160622076974,-0.35780189505213666,0.11654225227027,0.8986363444364877,-0.2867718175844197,0.11434959949213357,0.9087524158269952,-0.304515301297213,0.10971543403476158,0.8942709414730838,-0.3156879749159782,0.1059651313886474,0.8854074534048595,-0.3256682889030049,0.10337900578590994,0.877764793475343
-0.23495329166832213,0.1358657062422896,0.9405674730426885,-0.25263536462617353,0.15277016075550387,0.9582064848942701,-0.27788667621276686,0.1619404728284192,0.9687597928575112,-0.2997871955042546,0.16535704733173962,0.9706203401405387,-0.3169411187676523,0.17146465914100834,0.9696784571641556,-0.30452499959304213,0.14976908105820255,0.9432951143294604,-0.33369539577429586,0.15387305640496454,0.9423194149831348,-0.35210611106156153,0.15479428020878455,0.9424628431640505,-0.366831442107147,0.15533986313271408,0.9426753380308363,-0.30446942453426484,0.14050206603908036,0.9266737647647078,-0.33675239634264564,0.14171749261647576,0.921287079290178,-0.35700351044854206,0.14205069268494086,0.9177603302048931,-0.37353546740738897,0.14257810557402692,0.9146201596251464,-0.2977998387429256,0.13313540457065404,0.9135214488373665,-0.326330448766202,0.13118404366911576,0.903218004896558,-0.344234458494485,0.13042153018281694,0.8979331066668913,-0.35915199732146486,0.13070893915830453,0.8937090478531993,-0.2881424419861073,0.12779226696775003,0.9036245490206437,-0.3058284789920773,0.12326784693459591,0.8890384761563495,-0.3169506658507383,0.11954858605412244,0.8800987398935467,-0.32684295350793136,0.11719316089465322,0.8722693350032311
-0.2354064237827438,0.1482029059591843,0.9351608778067318,-0.25283763384467706,0.16532698998664994,0.9528376899507073,-0.27821499536828154,0.1742503718668441,0.9632999290631242,-0.30010875126902314,0.1778671401504255,0.9648328356185178,-0.31716296576698155,0.18423685294872816,0.9638190922559154,-0.30475969483111376,0.16320831679578285,0.9375955938763839,-0.3339100530912664,0.1675096863058244,0.9369162928566718,-0.35230837240851376,0.1686270950457468,0.9371936127750219,-0.36702200631335913,0.16944341891231765,0.9373377719107956,-0.3047911194678673,0.15411125955266863,0.9210939288478611,-0.337054912866,0.15601448734412224,0.9157921111893867,-0.35726910762443753,0.15668024348216422,0.912104333679987,-0.3737087188604068,0.1575806251788185,0.9085868158441871,-0.2982321962959519,0.14681335542723092,0.9079648871248112,-0.3267664887014258,0.14519217662023948,0.8976145049625724,-0.3445857651430686,0.14482236146291186,0.8920107772469444,-0.35937487233645726,0.1454782658349542,0.8873944649403118,-0.2886177849721454,0.14159615834932945,0.8979594303223003,-0.3061724557893465,0.13735512262417518,0.8831315190839254,-0.31721381890431044,0.13377928104927075,0.8740344599954529,-0.32697906120643827,0.1316483689095982,0.8659843531672958
-0.23668850190214316,0.16122287818625933,0.9299859500883525,-0.2540290296888108,0.1788768491230098,0.9472252781442982,-0.27952228155529824,0.1880917698797564,0.9571386536563832,-0.3014051969000815,0.19189332045787508,0.9583443036806444,-0.3185414266220833,0.19804863306927917,0.957390937826878,-0.30564103618714156,0.178075561752752,0.9315675550034254,-0.3347303999448523,0.1827845824258336,0.9309838969660212,-0.35311472596627425,0.18408501110985498,0.9313700372312199,-0.36782655052993296,0.18491569020263623,0.9315944909019841,-0.30579122891088206,0.16881067606651515,0.9153482544432583,-0.33794467048886867,0.17160712365622913,0.9097786955274874,-0.3581076475782956,0.17274720798021997,0.9059301676853567,-0.3745066355880392,0.17390954708394338,0.9023015871669047,-0.2993052823957034,0.16134908336418943,0.9022775880904339,-0.3278142658293668,0.1602865949822754,0.8917859982811098,-0.3455364856735269,0.16041359048883602,0.8858722907805865,-0.3602358763626302,0.1613233228824154,0.8810185765557531,-0.28968485604420613,0.1561607097871172,0.8922393387531086,-0.3071233800707751,0.1525543339344534,0.8771095094018055,-0.3181650732463739,0.14930205746766892,0.8678922139164696,-0.32789786904052276,0.14743625712833341,0.8597376790533309
-0.23965857558376916,0.1758876604476703,0.925851030167198,-0.25690846325579686,0.19416354370200503,0.942523897111809,-0.2824114969708579,0.20383295823955835,0.9519681209102108,-0.30428737926280613,0.2077447795355608,0.9529224745464027,-0.3215453329041605,0.21353608800650134,0.9518876164944303,-0.3081138376348042,0.19471379043686385,0.9264993579991754,-0.3371649560305802,0.19965280770744906,0.9259117828226977,-0.35554825471796453,0.2009271103650878,0.9264159102229784,-0.3702658351117293,0.20156376347925078,0.9268229598055528,-0.30841835266270223,0.18506667378350602,0.9105258071427099,-0.34046685635209367,0.18844410253016616,0.9046802706164745,-0.3605960539156732,0.1900323242538908,0.9008138043837375,-0.3770037738756865,0.19144368160104971,0.897315342912312,-0.3019388190092858,0.17741816786837894,0.8974352022252413,-0.3304181497366064,0.1768926903670655,0.8868231303526416,-0.3480887857743659,0.17746427678311072,0.880782679090095,-0.3627834820577023,0.1785547604768643,0.875952048914918,-0.2922092329813257,0.172224875132379,0.887327554475551,-0.30962827218121053,0.16928257922297946,0.8720324646964795,-0.32071952027210754,0.16641025843563603,0.8627486715306864,-0.3304770256372373,0.1647982112852315,0.8545695910967166
-0.24303137861230417,0.1916714014891538,0.9221102098944111,-0.2601393749567486,0.21035799633559774,0.9384710980029362,-0.28566099639814835,0.2201446613378499,0.947742758936149,-0.30754315777709923,0.22402609578144989,0.948677019505548,-0.324867893246282,0.22961779079666977,0.947660340273902,-0.3111766509391476,0.2116009819921666,0.9221011380757547,-0.3402527678668025,0.21639675548673595,0.9215657903096487,-0.3586460016438383,0.21743744859923694,0.9222212072742341,-0.3733669152516041,0.21775626368322293,0.9228305090814655,-0.31152684575881656,0.20169719009732073,0.906145303578378,-0.3435171494453128,0.2052029367413441,0.9000613803818772,-0.3636252853239596,0.20693456166689966,0.8961471818011594,-0.3800221508081457,0.2084593241560133,0.8926454196504778,-0.30495460272352537,0.1939834323364502,0.8929760498624834,-0.33338136846857136,0.19384890010257513,0.8822119723328462,-0.3510120627973838,0.19470274121985778,0.8760886796487104,-0.3657060033325141,0.19591274588755306,0.871284281487714,-0.2950336236787693,0.1887417331081086,0.882788087370689,-0.3125145765242619,0.1861776146611617,0.8674955601950015,-0.3236361862804899,0.1835838756502574,0.8581661903964595,-0.33338323467119324,0.1821067305459249,0.8499492533928646
-0.24513648948389002,0.20663266593614288,0.9174279057806664,-0.26197247317358974,0.225554376559933,0.9338007352809714,-0.28757402130328136,0.23526558313971194,0.9429302954813769,-0.3094767288839144,0.23899882507737838,0.9439798992342638,-0.3268433710981178,0.24451417380914023,0.9433258232055337,-0.31316047717041373,0.22696882780184438,0.9170484039766357,-0.34223181831019367,0.2318027468144842,0.9166045937172634,-0.36061819243841553,0.23299318537006275,0.9171943095734282,-0.37533994551242467,0.23340757471149703,0.9177201014514405,-0.31345246558569495,0.2169700373255599,0.9009024753012749,-0.34539169512999957,0.22044418272197877,0.8945385267763403,-0.36545069789082807,0.22200978084934053,0.8903145577102961,-0.38176590319571835,0.22345471669677341,0.886419602926126,-0.3067541394908022,0.20918604012198014,0.887672638354106,-0.3350480826923048,0.2094630068504998,0.8765667596292529,-0.3525913176593619,0.21041892314646024,0.8702117402436872,-0.36722642467486954,0.2116513902456382,0.8652365107083533,-0.2966449888628482,0.2037998488727514,0.8774542218403611,-0.3141139898226948,0.20145805688360544,0.8621124547009504,-0.3252123551006155,0.19907761845923233,0.8526989204268284,-0.3349076873386426,0.19762439125059983,0.8444167934545239
-0.24541720484548754,0.21945276965394364,0.9119048127287102,-0.2616900985513104,0.23885612958502073,0.9282832613548898,-0.2873407318661667,0.24879477379258544,0.9370219129206128,-0.30928301706900707,0.252318925869963,0.9379620379009612,-0.3267596856644297,0.25750890098707113,0.937683897702459,-0.3130957011643759,0.2409051252058453,0.9112851522469874,-0.3420098897487637,0.24660872560140523,0.910904025933568,-0.3603070912718018,0.24885276278923987,0.9109234128752612,-0.37496356420011656,0.250376052868435,0.9107099232184134,-0.3135288695096218,0.23055829930717556,0.8950379209487754,-0.34544050068850474,0.23407248615048454,0.8885585539055745,-0.3654217335077272,0.23547897704108658,0.8839294371080737,-0.38160415767114897,0.2368872307740252,0.8795033320332459,-0.30683084397341953,0.22245118000271627,0.8817716928076357,-0.334927186896939,0.22316864914336437,0.8701939025579408,-0.3523439154914708,0.22407163881262904,0.8634926105044042,-0.3669054717940865,0.2251913328333789,0.8582805471144574,-0.2965860156377027,0.2168323336126122,0.8714828893997791,-0.3138012003299673,0.2148591742184184,0.8558060318947887,-0.3247736141131673,0.2127751873292552,0.8461770152845373,-0.3344018649644416,0.21136932027513713,0.837808903963451
-0.24411007426069278,0.23057235386775732,0.9070552942241074,-0.25950446683218475,0.25099047541186337,0.923044791262515,-0.28508014812649174,0.2615538131425228,0.9312543035284754,-0.3070794889369647,0.2648126888165445,0.9316739414818054,-0.3247567975168071,0.26926094433665015,0.9312580892468274,-0.3108689693985418,0.25472434778973463,0.9061079234466043,-0.3394887221529851,0.2617602385423019,0.9057723495724377,-0.3575273813134169,0.26546278336646867,0.9049228792390103,-0.3717927021877634,0.2688384079278364,0.9034115988646262,-0.3118942326198506,0.24347827931075708,0.8901506009552344,-0.3438664421581681,0.24703813380132827,0.8840033117810424,-0.36381986734113936,0.24854464447383848,0.8792865488033847,-0.3799107769548914,0.250211008683876,0.8746228276886295,-0.3054243254617661,0.23475774218790524,0.8768613283369537,-0.333422270319241,0.23565197005169225,0.8650596371447925,-0.35077137123849866,0.2363817933894436,0.8581646247695853,-0.3653357572050283,0.2372720645820892,0.8529163564783606,-0.2950929831829693,0.22887055644263452,0.866350347941218,-0.31187068432920106,0.2273770092346284,0.8501547354427467,-0.322628105851277,0.22563517257578006,0.8402200128137686,-0.33218570331551855,0.22436786364827235,0.831749403478851
-0.24147432828620474,0.24140392045897832,0.9034697984272493,-0.2559030876031375,0.26305069642066015,0.9187268958122411,-0.281308317550914,0.2742268280894644,0.9266492718161328,-0.3033560160024322,0.2771598196491141,0.9263964551475902,-0.3211879498445112,0.28084196633137737,0.9254419499655865,-0.30692904456393166,0.26886956700977327,0.9019582500910412,-0.335345849327415,0.2766852001006662,0.9016300692641239,-0.3531869540097081,0.28111922717872,0.900266966217722,-0.3669067003004241,0.2858574541448667,0.8977182496518712,-0.3087905551001711,0.25656613256552074,0.8865684191320208,-0.34086920475132165,0.26016700650887803,0.8810296598530803,-0.36086438583159375,0.2619762210574894,0.8766051734184257,-0.37694057169289774,0.26412289794892685,0.8720893719401469,-0.3026626407700987,0.2472600533508199,0.8732981797325257,-0.3307953175978676,0.24805182188980335,0.8618138394469586,-0.3482351490142286,0.24856770287284347,0.8551316775628509,-0.36292158915447054,0.24919874652281063,0.8501952313356447,-0.29229309579593404,0.24111264879936936,0.86252576591751,-0.30871883432239566,0.23993963543026803,0.8459474983146609,-0.319335516083389,0.23837378214039362,0.835833695947359,-0.3288618016518956,0.23723357593547198,0.8273099188040656
-0.2376638134237673,0.25281036060534595,0.8998951980679486,-0.25137767631658847,0.275253999986153,0.9146520284009685,-0.27664956751041986,0.2866481564452581,0.922689464770699,-0.2987286935841765,0.2892641245888753,0.922028960980635,-0.3165843648093588,0.29272615076610314,0.920749692155548,-0.3020980205763447,0.28254886189638856,0.8976995452253972,-0.3304972802624147,0.2904166815293522,0.8971646810007008,-0.3483956096084024,0.2946428209751405,0.8958945572524487,-0.36204958898207823,0.29952597219975546,0.8932674161107985,-0.3044734309421322,0.2697312686206269,0.8826562430676446,-0.33658666521056557,0.2736044681511938,0.8775159686426366,-0.3566136391626993,0.27573467514231226,0.8733881197571067,-0.3727118039177571,0.278280504284858,0.8691676598283045,-0.29852524528833496,0.26025567780243786,0.8694143218508412,-0.3269439364598077,0.2610902120416677,0.8586604379285682,-0.3446062218802811,0.26148011934457405,0.8525812285650042,-0.3594881411756387,0.2619184382802178,0.8482459550981635,-0.2881366000717778,0.2539585889049942,0.8585403295721777,-0.304421911007885,0.25290605330820637,0.8418160771300728,-0.31507602582205396,0.2512902408095924,0.8317496073436835,-0.3246328948525354,0.2501439871297887,0.8232609489958188
-0.23314666280137125,0.2641236367616855,0.8954095120814998,-0.2465773880076931,0.2865949171545921,0.9103830956042236,-0.2717990291758943,0.29795725629811953,0.9186209190603829,-0.29389546158645763,0.30039740356434425,0.9178721074615871,-0.31167136588207695,0.30427340131023806,0.9166716838583264,-0.2971554578807978,0.2947158428667503,0.8925886115286918,-0.3255246564128719,0.30263595912412194,0.8915083572299145,-0.34349181616872765,0.3066264751683774,0.8904688312145288,-0.35740646637179624,0.3110280205869428,0.8884225915286843,-0.29944970687165573,0.28217659049414645,0.8773811760778122,-0.3314789450161145,0.2866550367815516,0.8722086202604592,-0.35148371826988517,0.289025703301669,0.8681042821601269,-0.3676155425732638,0.2916931597502588,0.8640926294764506,-0.2933973178686106,0.27299106952416263,0.8641068340506213,-0.3220506846638259,0.27428972114625827,0.8540439045580236,-0.33991845905788826,0.27470640458435347,0.8486001784829459,-0.35496081714354616,0.27505981163399723,0.8448504040743611,-0.28296099453070434,0.266744888520475,0.8533297406690599,-0.29919007391018804,0.2658528181560673,0.836541619982848,-0.3099332068430278,0.2641721141502967,0.8265809395193063,-0.3195056506682881,0.26294019326800466,0.8181218820148902
-0.22900806168594087,0.2738311149557646,0.8910324445993837,-0.24243257225223627,0.29581840467789267,0.9067134086101507,-0.2675824955762625,0.3073977479287372,0.9148679065100592,-0.28966557609921756,0.3099265350836026,0.9140252008034101,-0.3073015979724346,0.31438469760856824,0.9127831588279293,-0.29273740212836963,0.30493382883204095,0.8875455035148353,-0.32097116341278253,0.31321155161502745,0.885801758838754,-0.33888027159659045,0.3174424873211806,0.8847124060769608,-0.35291310075897303,0.32160594100859285,0.8830025674034202,-0.29464198358351223,0.2931838007833233,0.871935703041787,-0.32651354680953626,0.2983524588954906,0.8664427674153358,-0.3464716894525642,0.3008667985412598,0.8621992732993405,-0.36263422342398616,0.30341106839173415,0.8582314498323443,-0.2884395423371681,0.28438283879458404,0.8587030356446033,-0.3171343688434115,0.28643948855945556,0.848887660041451,-0.33507121315336097,0.2870041954934886,0.8436899814495735,-0.35015114612550585,0.28740585078426584,0.8400993636728975,-0.2780737194186642,0.27819990746977785,0.8482244937984992,-0.2943267107407684,0.27773263539779014,0.8314423088063774,-0.30514249310920716,0.27619134348558666,0.8215378604388808,-0.3146988202482187,0.2749997928188209,0.8130548313612616
-0.22624374323736485,0.28134583846168587,0.8881221332267607,-0.23957622744697876,0.30296483748798786,0.904382968736583,-0.26453411394898163,0.3151489227032145,0.9122409352767337,-0.2865595825844067,0.3180653451631764,0.9111729585958638,-0.30406685502240605,0.32280863736527554,0.9093172270022252,-0.28927915298881535,0.31373727572913807,0.8838444807117636,-0.31741520044178484,0.3222505479567353,0.8817012014635982,-0.33522131013452017,0.32680496264728265,0.8802787294022317,-0.3492002550833232,0.3310001503636156,0.8782372379522279,-0.2909344599772158,0.30281224212150576,0.8680889514497098,-0.32261232948587715,0.30857760124167516,0.8620925251343987,-0.3425129838539418,0.31119579063823943,0.8576466681941933,-0.3586684573482063,0.3134926759480312,0.8535030670352463,-0.28494591409196335,0.29405770390813274,0.8552421383124924,-0.3134754946989097,0.29704416245619725,0.8451868625608208,-0.33131531310228723,0.2979203410055996,0.8397061389818351,-0.34627604997189143,0.298598325997262,0.8356843321609245,-0.27512550820179205,0.2875798553244327,0.845334800331806,-0.29178016840234156,0.2877747981087154,0.8289456547125085,-0.3028271146548742,0.28661318066567343,0.8192466625033078,-0.31249699605117554,0.2857623629005664,0.8108517553196007
-0.22452981657565102,0.287587294677001,0.8863479948837016,-0.23734554061252278,0.3093617498934815,0.9028155794974991,-0.2620167043206154,0.3221922490366991,0.9105491195891569,-0.2839518106652458,0.3256938450278525,0.9093840882889594,-0.3013685032493256,0.3303597769263086,0.9066757589457878,-0.2864726417507836,0.32196115138358766,0.8816055497061972,-0.3145858581918698,0.3305260552397049,0.8793703540761338,-0.3321979809724622,0.33549545549112725,0.8771473258192138,-0.3458979979378428,0.3399558425026158,0.874050121910298,-0.2882607963761149,0.31155271168603654,0.8660737577397243,-0.3196637998486126,0.31799479883404647,0.8593629606908637,-0.33943392229156666,0.32086402552812193,0.854508436955745,-0.35549874790486513,0.32298124666265365,0.8499386241372094,-0.2829647768955611,0.3024372364088571,0.8538908678588959,-0.31118103375389516,0.3065706417049354,0.8433684021653155,-0.3287654427084624,0.30806444653763987,0.8372347043160979,-0.3434508968058798,0.309353824537604,0.8324250074689954,-0.27419175546490027,0.29528682750945656,0.844713216290936,-0.2916841386038317,0.29615886919901685,0.8292446714780601,-0.30315813844049466,0.2955953064065406,0.8199988858872272,-0.31312298493533985,0.2954275628495518,0.8119131787354519
-0.22252960936765517,0.29363553431050493,0.8843567132135761,-0.23428168115708173,0.3159572531587742,0.9008848922388447,-0.25859213434809875,0.32935094111784224,0.9088036457914799,-0.2804217170245036,0.333503469120724,0.9078070545386399,-0.2978304125215473,0.3379474526128444,0.9047029474700246,-0.2834104844813756,0.32990427072068845,0.8799904555001782,-0.31138909758425987,0.3388786066560096,0.8776741827201141,-0.3283864408048191,0.34495176794028176,0.873928425415337,-0.34125969871923856,0.35028341387014705,0.8691293659715746,-0.28565776779982777,0.31965484794631704,0.8647390012828214,-0.31668848784561543,0.32697255360399435,0.8572403675209415,-0.3362054529535562,0.3303698265928803,0.851744622517702,-0.3521060457264606,0.3325732848017637,0.846669156242904,-0.2811841133465508,0.3100508051841768,0.8530706380863403,-0.30901106960823355,0.31543218207167334,0.8420858411963279,-0.32623589825695243,0.31779498334504525,0.8352456958301826,-0.3405800953731633,0.3199048952649803,0.8297456483561534,-0.27341769630936796,0.3022167315419531,0.8444091046489342,-0.2916735348140878,0.3035944250101202,0.8298885631847597,-0.30345577944417645,0.30377262164423263,0.8210227984743245,-0.3136617942138463,0.3044537909922936,0.8132717834084409
-0.219770941898877,0.29932302108195125,0.8818290449171025,-0.23035505004263002,0.3220771665674754,0.8985555670780685,-0.254209047824939,0.3361765378683189,0.9066358014835441,-0.2759046406921876,0.3410174590482951,0.9058395006397694,-0.29340830955228764,0.34529359593615955,0.9030496299200647,-0.27983316127775454,0.3370229133085196,0.8783341441728285,-0.3075354572183855,0.3467701118802691,0.8758278449382728,-0.323589264271753,0.35418197035804094,0.8706160031019069,-0.33538868298658836,0.360491744048399,0.8644403522725744,-0.28255758525186087,0.32683423866118366,0.8631744472455455,-0.31322787784041556,0.33500203135355977,0.8550933442259031,-0.3324785608301127,0.3389589391641397,0.8490592172024656,-0.3482630852337937,0.3413903605477861,0.8437317960703048,-0.2786365186779206,0.31691420866688624,0.851596207776743,-0.30607607679799637,0.32329998661219217,0.8401831904317137,-0.32301216832372337,0.3263487102557204,0.8329072555472632,-0.3371612940402389,0.3290101589690969,0.827147292557844,-0.27138506339018664,0.3085651165645792,0.8429753204840895,-0.28989354826713903,0.3102448754924071,0.8288107802261264,-0.30168225046305863,0.31099990210257344,0.8199840445997286,-0.3119498501319779,0.31223232207658214,0.8123838800122026
-0.21741351409647502,0.3035428373693554,0.8799177253016992,-0.22754061153202013,0.32626448607200803,0.8969682268585616,-0.25101572976991204,0.3410735111511,0.9048870190170101,-0.27255983177812637,0.34656357962684303,0.9041955137334042,-0.2901741009871348,0.35079038430306947,0.9021173435425721,-0.27684066054983636,0.34227481194551534,0.8768821344751782,-0.30440742935278764,0.3523678054210639,0.8742531885457775,-0.3203952548622082,0.359863099914024,0.8689585064710267,-0.33238569349267,0.3659403216583953,0.8629190572812209,-0.27973741179129075,0.3323529393397361,0.8616767414714138,-0.3101740314771628,0.3410884013790117,0.8533108705660496,-0.32933879907709485,0.3452392929347687,0.8471352421721806,-0.3451547137802219,0.3476958815476508,0.8419135134349598,-0.27599947623364374,0.3223814440135771,0.8498940281293009,-0.3031486559213905,0.32926913510338185,0.8380852928691822,-0.3200357742852501,0.33243890721353275,0.830747519460315,-0.3342405413569973,0.33502654639369,0.8250918181469591,-0.26884155356870143,0.31350402978050085,0.8409950176577355,-0.2872295179586838,0.31530721156478664,0.8266893857506504,-0.29894896765882206,0.3161266243799167,0.8177765922587765,-0.30927442174252695,0.3172295448258814,0.8102351382765403
-0.21666923394158633,0.30557612187221594,0.879735088176569,-0.22708140699477455,0.3281024988821692,0.8968727664525857,-0.2503975057358594,0.34335787012925306,0.9044046225939708,-0.27183883306802936,0.3492501153041893,0.9038404490398914,-0.2895075993994616,0.3534875097137921,0.9023217871870843,-0.27561707782654277,0.3450269491483895,0.8766125362772504,-0.3033186320210667,0.3547397198336603,0.8739681843612335,-0.3201523086388455,0.3609593153874936,0.8697530182905608,-0.3333364998096954,0.3655433342912707,0.8650262791336287,-0.27846089528843,0.33545170323624696,0.8613975878923845,-0.3087954444576192,0.34441896146633694,0.852907162845063,-0.32801718123068313,0.3484320296901354,0.8468180970066604,-0.34390154343699564,0.35073932460415924,0.841737952914901,-0.2747203222366801,0.32552021872149345,0.8493881838804926,-0.30175089220818674,0.3324212007891586,0.8373180054134212,-0.31872907872858636,0.3353335504756978,0.8300844349086836,-0.33304638271469755,0.33752055205488535,0.8245445728077743,-0.2675218847078623,0.3160546273418898,0.8401970735360818,-0.28585000882538714,0.317817224505049,0.825809824987854,-0.2976483108186838,0.31826859337566304,0.816975168079854,-0.30810870868690343,0.31879523124547204,0.8095584509689188
-0.21736737570054224,0.3056974392079754,0.8810857307070127,-0.22792496539329035,0.32846277911874566,0.8978137797326168,-0.25101070288421407,0.34424476999354114,0.9049603283998352,-0.2724235297051956,0.35025065786515386,0.9045272912487556,-0.2900976017167617,0.35448485450768985,0.903062400057312,-0.27597053972538993,0.3456670700658449,0.8780750535097609,-0.3037518933629859,0.3551029208850132,0.8752701068767961,-0.32087256294248373,0.3607644993317728,0.8714422007952145,-0.33440862810906785,0.3647181860765571,0.8671618398142363,-0.27897131966376726,0.3360821904094144,0.8629544132392498,-0.3092965452985667,0.3449884063950379,0.854366985337766,-0.32850916918002837,0.34894841014736505,0.8482147452744017,-0.34434190423625416,0.35124844198634614,0.8429727236516229,-0.2753115877344831,0.3260492324519352,0.8508053202861785,-0.3023665510619925,0.3327226510378729,0.8386620539037881,-0.31937710977539663,0.3354810083623957,0.8314441942769143,-0.33368941929574936,0.33749176106799983,0.8258252165063852,-0.26809563655257224,0.316229663008535,0.8414024649481373,-0.2865934865780823,0.31786164347731916,0.8272184603162044,-0.29856154175165905,0.3179590282674444,0.8186038797675453,-0.3091460667518884,0.3180668680946848,0.8113470784885938
-0.2183994210640547,0.3048566677346423,0.8826732777695688,-0.2285011605755247,0.32826022548686457,0.8987909503359522,-0.2510264271393083,0.3449390881836785,0.9056846847880623,-0.27243343988615876,0.35096738961103957,0.9052763345425581,-0.29005060341370104,0.3553248880227224,0.9035171001305279,-0.2767112777169517,0.34528423821319754,0.8801622380014551,-0.3042637861696454,0.3552300323045238,0.8768992525448938,-0.3206426428199539,0.3621846820706114,0.8720836981855009,-0.3333025678791072,0.3674262376277439,0.866658702145365,-0.2801419788167853,0.3352911223793527,0.8651055737891362,-0.3105246208468022,0.3439386270488008,0.8564568954383718,-0.3296199454180559,0.34808750339516414,0.8500684677360897,-0.3453188565177674,0.35052806774422857,0.8444978059750349,-0.27663591794635056,0.3250386886267654,0.8528433110360708,-0.30373973450003683,0.3315386670303912,0.840714919399657,-0.32073353748007005,0.3343622608428017,0.8334828298866943,-0.33501002342369474,0.3364554712363817,0.8278031590524936,-0.2693764693468772,0.3152670587788893,0.843277718689606,-0.28805362432220155,0.3168094691259717,0.8293204748512122,-0.30014784175081544,0.31680485032001904,0.8208833716800696,-0.3108162899013139,0.3168225388231982,0.8137497285092912
-0.21886165243051764,0.30418849102466655,0.883187845105314,-0.22854873082025406,0.32792587617946145,0.8990701649566571,-0.2506514845216088,0.3451938980779795,0.9058804048830063,-0.27204452383560895,0.35126793437243875,0.9054207150210556,-0.2895249312078002,0.35608678261420024,0.9035072865260311,-0.2769780037987293,0.3449011701115589,0.8807518921012739,-0.3041421672250042,0.3556755194546197,0.8769141534680599,-0.3196475809138316,0.36395599052010813,0.8713608114472136,-0.33135187799628274,0.37044173349977333,0.865186448564711,-0.280637809448666,0.3345076005807964,0.8655390006585295,-0.31109759624225064,0.3429179115911762,0.8569278469527064,-0.33013672014889583,0.3472207473878824,0.8504738583487331,-0.34581480318285096,0.3497057019551971,0.8448642995698774,-0.2770218658094986,0.32413445545350233,0.8530518444673997,-0.30413739075685176,0.330571555200431,0.8409160903339612,-0.32123141265355537,0.3333624067594927,0.8339110419090413,-0.3356316395529756,0.33535108155502324,0.8285131831448637,-0.2694866525137938,0.31459140861942814,0.8433389500060633,-0.28803588475789377,0.31614329414550535,0.8292131778967644,-0.30008591016453934,0.3161051978253693,0.820713162435952,-0.3107337341649816,0.3160128376156064,0.8135493452022233
-0.21866059652049513,0.3042462081029523,0.8824654171514719,-0.22868688217214636,0.32775017534201945,0.898483786158106,-0.25119881797040255,0.3445019436766559,0.9052429779443147,-0.27259244991931797,0.3505609098836608,0.9046356861671084,-0.2899533884721255,0.35587574713878145,0.9029631233438704,-0.2768688734700321,0.344775225072453,0.879277678160348,-0.30378301853978823,0.3560015573808733,0.874999258557552,-0.31960212638137053,0.3640152930391008,0.8699634338758333,-0.33176154905983984,0.370295518775668,0.8644966803583002,-0.2803564484541207,0.3340942164805893,0.8637640284172903,-0.3108683767330809,0.34245353556212416,0.8552888925399171,-0.33002359946332555,0.3466221485159545,0.8490956129465113,-0.3458268742925113,0.3490817674161447,0.8438371705864868,-0.2762207745037592,0.323689437840049,0.8508835049285113,-0.30338327150116856,0.3299092675720893,0.8387394961307597,-0.32071768122065397,0.33235269275596535,0.8322116286755349,-0.33535635909814754,0.3338850553304878,0.8273311352195043,-0.26799970008739904,0.31431074113688523,0.8409515182431617,-0.28596654151618217,0.31586612880935644,0.8260924071837229,-0.2976765300591114,0.31562776619279714,0.8171328213645037,-0.30803053249483286,0.31520533810460744,0.8095617480071524
-0.218443071595915,0.30432937209160915,0.881774091972378,-0.229246194640116,0.3275478072348925,0.8977035561054034,-0.25267884914007416,0.3430938328969694,0.9042095117250281,-0.27409646394602744,0.34901774799166785,0.9032295276738503,-0.2915297192076272,0.3541758456558777,0.9018428812333942,-0.2771541742384655,0.34405908912737615,0.8778342426634087,-0.3040195644112371,0.35531678947618733,0.8733373982193934,-0.3204478593930091,0.362407987944209,0.8689046010654984,-0.33310556148207693,0.3682694314333797,0.8641502086495275,-0.2804723757616964,0.33288605239290153,0.8621805949544112,-0.311059189809316,0.3411351814883935,0.8538690014531922,-0.33038406148663635,0.34492621159498027,0.8479669654221029,-0.34627454683578723,0.34747438896632526,0.8430229079823847,-0.2757478665307482,0.3223155301755627,0.8488911321513842,-0.30307472424063,0.3279127654644502,0.8368131240567347,-0.32060604830698536,0.3298550935852595,0.8306531582762523,-0.3353884618013439,0.3309222636421446,0.8260924959573924,-0.26660351454129044,0.3130824377319501,0.8386115926732489,-0.2837766819671441,0.3144469407957244,0.8228242478943445,-0.2949253075459357,0.3138453245043982,0.8131909186667937,-0.30472300896909715,0.3130814164213444,0.8049370435178569
-0.21897413366055318,0.303031980726368,0.8824932222726899,-0.23031892112466387,0.3262626941605049,0.8980232182904458,-0.2543208148113634,0.341067341961477,0.9041735981377746,-0.2757700717988564,0.3467856532651954,0.9027602145082538,-0.2933836502699254,0.351202574053415,0.9011171037163284,-0.27867507168149247,0.34126181801251276,0.8785888731184174,-0.3056594504842245,0.3522369909829185,0.8741060731972867,-0.3221137849424429,0.35908781953517716,0.8694002589199051,-0.33436360133390486,0.3654684385212285,0.864261398255547,-0.28198719211442735,0.3294247856079897,0.8630048153269285,-0.3127933089890314,0.3369546412825845,0.854821396263037,-0.33221419803433,0.3402475146039746,0.8489355948812624,-0.3480938396633986,0.34282627059406956,0.8439725881524185,-0.27691485148331435,0.3186444962645725,0.8495121211921342,-0.3044544561448331,0.3233415878355487,0.8375341422068949,-0.3220110607069445,0.3248639625167489,0.8313282456524185,-0.33678636520888133,0.32569069554655766,0.8266951979721497,-0.26706758893888927,0.3097096968206385,0.8388873346461182,-0.2837998670191708,0.3105854807583537,0.8225998033428782,-0.29456348207324246,0.3096002469684105,0.812568416010541,-0.30395067602116765,0.3086509184393932,0.803868741945437
-0.2204447272685151,0.29913881740901466,0.8846716638355823,-0.23202810062866894,0.3223607011356813,0.90003788013501,-0.25608761665939883,0.33710228338985426,0.9061141545145452,-0.27759853349521224,0.342570899320748,0.9046505768947924,-0.29520526645707923,0.34657774410835246,0.9021216842244701,-0.28160494317031115,0.3350361212916876,0.8812397596084289,-0.3089430357212538,0.34524233579099417,0.8770962710416795,-0.32544866088070934,0.35190757025303226,0.8723043351082415,-0.3374782732859677,0.3585392344158731,0.8669669532586898,-0.2846381965406476,0.3229125831974484,0.8656708677059772,-0.31580025359878605,0.3289727752402366,0.8576157958095192,-0.33526574741078397,0.331688736216542,0.8515846507642995,-0.3511463852835712,0.3338967833628837,0.8464490587762641,-0.2793010608809495,0.312281088309466,0.8522395322217902,-0.3069830500627483,0.31611261430128407,0.8402816328150168,-0.32442308371694295,0.31734037208437227,0.8336935392036754,-0.33910594261484284,0.3180272376313043,0.8287538922790487,-0.2691965791061306,0.3038274608301216,0.8415402445009592,-0.28610802811518277,0.30395394351568894,0.8254155213169807,-0.29691159357318675,0.30265867516414197,0.8154626282824623,-0.3063420321092455,0.30158330290420066,0.8068246095726436
-0.22255544913461572,0.2914663333909081,0.8877151816222716,-0.23436726857918252,0.3144096873844993,0.903323975762437,-0.2584916829007006,0.3289046041382811,0.9097275443979368,-0.280107640514989,0.334061795572374,0.9087677966730867,-0.29746291200644936,0.33852384191715856,0.9054015164180942,-0.2852349929540713,0.32466376104274325,0.88452582656055,-0.31304371176039414,0.3338193621382864,0.8811263055409496,-0.330247028157873,0.33944054581568023,0.8776231838870814,-0.3433924564928256,0.34480384826578847,0.8736721220150445,-0.28762382330576797,0.31280810583094926,0.8688033038108338,-0.31912260943759974,0.31723660499423995,0.860999536878825,-0.3386702851887971,0.3193645823326992,0.8549981462816988,-0.3546127226525291,0.32091605465046547,0.8498139339136676,-0.28194314441632184,0.3026902647240279,0.8555320266139449,-0.3097322205785173,0.3057025140163048,0.8435880710311997,-0.32705705624406517,0.3066702057395942,0.8366613992217654,-0.3416525747706243,0.3071671200843532,0.8314477482447613,-0.27181178415506385,0.29474683236987764,0.845029146958127,-0.2891519569990999,0.29398573212882867,0.8293843735376686,-0.3001685601413824,0.2924414763149106,0.8197042621926947,-0.3098681267310404,0.2911980403943294,0.8113929904010126
-0.22487893796178762,0.27918652379596215,0.8918238620453888,-0.23700589922390783,0.30178567026830666,0.9076910109652452,-0.2615205221266526,0.31538901304103395,0.9145523518450437,-0.2832357777474162,0.32020329582508367,0.9143581422519629,-0.3003329450337449,0.3256393097125074,0.9111048711781844,-0.2886021708286274,0.3103443056289458,0.888740256028027,-0.31671526960304275,0.31884794335241423,0.8862808985915169,-0.334460861703194,0.3234631434102538,0.8843789123219205,-0.3484736897421535,0.32742012503370366,0.8821070989537919,-0.29049623966583454,0.2987215122307264,0.8728560568363503,-0.32223067772690384,0.30201993237283664,0.8654580992491823,-0.34192485728499755,0.30360125198656257,0.8597752017717478,-0.3579246373570583,0.3046899595833935,0.854650146657026,-0.28454334887303706,0.28898303153792704,0.8596863923502098,-0.3125291541710995,0.2910240333057308,0.8479990706590578,-0.3298932802847866,0.2916432527797752,0.8411311137564478,-0.34447891725340724,0.2919178575836164,0.8358735451305058,-0.27436187054956657,0.28145282806151967,0.8493344631789016,-0.2919321553662134,0.2798236243319491,0.8340161542028783,-0.30306332467181,0.27797169781368697,0.8245228795030942,-0.31295789904332416,0.27649234677761625,0.8164846034298516
-0.22686950127305405,0.26334530340817525,0.8974901189024461,-0.23947641717500412,0.28552036227925304,0.9135799747464782,-0.2644304568528176,0.29806367458992844,0.9208639907651222,-0.2862051363626447,0.30257728665771766,0.9213719288634856,-0.3031872039729,0.3088932963838398,0.9193312060256889,-0.2913079232821937,0.29304850972708096,0.8949651030268199,-0.319579664879597,0.30119007814668797,0.8931958921996261,-0.3374415382209381,0.30553300706042685,0.89181165540028,-0.35154793601618517,0.30932541617326326,0.8898609212921813,-0.2930452588352774,0.2813334007845715,0.878936920947445,-0.3249075715155777,0.28405277756334935,0.871860062071851,-0.3447499243962706,0.28505988139181837,0.8665758045116101,-0.36078082622498325,0.2859398774715085,0.8615082380372009,-0.28696866397588683,0.2717400310884883,0.86576868070483,-0.31521272744271783,0.27279360893711146,0.8545826480163285,-0.3327568155041897,0.2729171188817433,0.8481596533993238,-0.3474202828576012,0.2729650981277649,0.8431159776957758,-0.276699618215953,0.2646625551398859,0.8553680336990932,-0.29432372837675086,0.2623389961536293,0.840201899785241,-0.30552262173966044,0.26000268846971253,0.830896993535487,-0.31554978656653143,0.25816390496454467,0.8231008531784324
-0.2282788832013116,0.24633758817516077,0.9044961668396222,-0.24170015965850708,0.26759163904778627,0.9211600705041219,-0.2668856558710734,0.27934549198890557,0.9289468150671748,-0.2886970240886094,0.2835933566906882,0.9299404068950157,-0.3056619976442826,0.29025238711164647,0.9293980647626672,-0.293814663801266,0.2736225789196509,0.9032483114588441,-0.32239777455033003,0.2806486215908175,0.9017162799571344,-0.3404465338178513,0.2841577886691904,0.9003927628066244,-0.35470173935132254,0.28736951766196883,0.898481715640065,-0.295275402575118,0.262135250507777,0.8869199343896876,-0.32715375590600004,0.2644932776317843,0.8797859167319337,-0.3470792682591255,0.2648857344390456,0.8747384877778918,-0.3631559310038096,0.2654874910145957,0.8697763067521614,-0.2890497944325562,0.2529923053016103,0.8736539629653128,-0.3174709434304398,0.2533976352988664,0.8628818474839817,-0.33517746748856825,0.2529720028008448,0.8569351691489177,-0.34994505401349685,0.2527496517649241,0.8522100035771365,-0.2787852499854344,0.24655889817450818,0.8631669555636006,-0.29655995060899887,0.2437728138419387,0.8482566384962168,-0.30790118851098114,0.24084212081284034,0.8392988381141869,-0.3180837313466771,0.23852468352351905,0.8318389272889631
-0.2292795700043034,0.22906771992078243,0.9128402606405566,-0.24368447526110076,0.24894403717351582,0.9303611550979675,-0.268979182879778,0.2600968281559857,0.9386610761284264,-0.29084767233074243,0.2639993136110198,0.9398043780011847,-0.3079651543705032,0.27026452934334366,0.9402356891723428,-0.29634109008385495,0.25238411685366635,0.91309434824693,-0.32533710582943987,0.25745927930576407,0.9116177260206448,-0.3437007884278258,0.25890266071226464,0.910899760931194,-0.3583768113625054,0.25986872901125646,0.9099728024316814,-0.2972046134201124,0.24187227346033785,0.8964312516477063,-0.3290378815979677,0.24387776106745357,0.8889945206776021,-0.3489806462795103,0.24375889513969112,0.8840016646137788,-0.3651294327343212,0.24389549867449603,0.8792432539520303,-0.2907817349627643,0.23360920098383522,0.8830830916403049,-0.3192819382577987,0.23356472830622918,0.8725142265625223,-0.3370583047715475,0.23267235759887867,0.8668335920420919,-0.35189505108733937,0.2321296535615374,0.862357581259725,-0.280698042848594,0.22771750135227853,0.8726735663687546,-0.2987652888287503,0.22451905957313806,0.8582041366601093,-0.3102620870079456,0.2210574717426473,0.849642836070648,-0.32056409123584445,0.21827390065039332,0.8425136422470987
-0.2296296359980458,0.21055661689404717,0.923083659724727,-0.24484524265418203,0.22931706768998636,0.9411413956181116,-0.27031737671697076,0.2399175492633348,0.9496205374393871,-0.2922728612592582,0.24335145367533736,0.9505861262589956,-0.30969408560629164,0.24865120593172707,0.9515138746902422,-0.2979291004765936,0.2299187989513696,0.9242041327258718,-0.32716246818455597,0.2334376964706861,0.9228872466517716,-0.3455933227627275,0.23309249789969458,0.9229772455042224,-0.3602808533471106,0.23190735314855113,0.9232010008371774,-0.29826505984428087,0.22035313422711442,0.9075842877340659,-0.33009802683889855,0.2218250564163624,0.9000225704465947,-0.3500413953877147,0.22135067391383256,0.8950533032879882,-0.3662526153186757,0.22098773867251756,0.8905246100023624,-0.29176599879621345,0.21269748013923018,0.8943935991721026,-0.32033886856167093,0.21181604602885712,0.8840602230546378,-0.3381513072207457,0.21051818480063897,0.8785740836365992,-0.35302460139255964,0.20962660189149876,0.8742789187003028,-0.2819412924896133,0.20682710295624918,0.8842426106987002,-0.30020381221008785,0.20291951774962738,0.8701987168466476,-0.3117444034262803,0.19899647531280223,0.861899360312309,-0.3220595473694061,0.19583361536684377,0.8549496059205439
-0.22861002794983615,0.19012204142076464,0.9342473665196924,-0.2445905492971525,0.2082421284656442,0.9522983057897221,-0.27032795761985073,0.21832909779852405,0.9606009879968843,-0.29235747275800816,0.2213193142807579,0.9613265435998645,-0.3100473978268904,0.22555711456252572,0.9625734392288717,-0.29766256164965266,0.20658016606098925,0.9356053520815214,-0.3269579262160178,0.20960033270805373,0.9344362393494613,-0.3453715274041187,0.2088027913778821,0.934792443561684,-0.35999470006279066,0.207046173554594,0.9352977201344136,-0.2977449885862653,0.19710495708466813,0.9194615693770114,-0.32963608478686224,0.19762428831602513,0.91202032021147,-0.3495874846856506,0.19679454412520983,0.9071305583990033,-0.36583099549457165,0.1959865610744451,0.9027785523667476,-0.2912755335874293,0.1893751761660982,0.9066591979104951,-0.3199034691211662,0.1870137239120641,0.8967179039787257,-0.3377585111501682,0.18521883106112505,0.8915178103005896,-0.3526554998963398,0.18393210664759999,0.8874090017122943,-0.28158364694338756,0.18318098460233337,0.8967685299647038,-0.2997558346701704,0.17819639820123906,0.8829502343082908,-0.3112174198595823,0.17378971835809878,0.874785182920187,-0.3214767333601326,0.17029509609556281,0.8679121147952062
-0.22621833267717842,0.16863100606033343,0.9432191547420959,-0.2432746838720025,0.18584746845165784,0.9611697907259067,-0.2692396434348605,0.19530900106918178,0.9695002135694103,-0.29130654962995495,0.19799279305755288,0.9702852449738795,-0.30918182674240435,0.2013933195155928,0.9714505933517343,-0.295902593762158,0.182044690346706,0.9454870243877185,-0.325201325433899,0.18495061917344663,0.9441281585688159,-0.34362310651607075,0.18428262969205791,0.9442523927905919,-0.3582849053720807,0.18280968156939087,0.9444530600056836,-0.2959132696487291,0.17207108426600592,0.9298847888784806,-0.3277814185282727,0.17132532360985606,0.9223648926702713,-0.34772795691620606,0.17000843681955843,0.9175630160114571,-0.3639768181577554,0.16881147916313352,0.9133219975917556,-0.2894437910735549,0.1640628992221209,0.9173289198606568,-0.31798973991158386,0.16001965552014547,0.9076984754258045,-0.33582715762321935,0.15754679762173607,0.9027208611719596,-0.3507046977641315,0.15582230207702708,0.8987030065321051,-0.2797019023909805,0.15782871902180134,0.9074160245164826,-0.29764874196246616,0.15181584043594065,0.8937128845944609,-0.3090110978021261,0.14697793392572572,0.8856539543406476,-0.31921906544228573,0.14322303633792174,0.8788419719218823
-0.22364966101340922,0.14803352736879938,0.9480542854556058,-0.2419289307419277,0.16362126110122382,0.966287274263134,-0.26797424630770994,0.17211846387182045,0.9753721381299774,-0.29005202585122475,0.1744732946106745,0.9767114608637706,-0.3080854143899795,0.17712558151629956,0.9771690861045672,-0.2939163107595925,0.15693177454143148,0.9529924564252622,-0.32324954887744056,0.15916711335334366,0.9511838607960145,-0.34165262330779655,0.15809611176995114,0.9511249587781074,-0.3563167104518211,0.15663232317026804,0.9511171892692649,-0.29392723661420306,0.14658962529519262,0.9377585967952559,-0.3256292588206335,0.1446611225469264,0.9297619364848401,-0.34555005911225795,0.1427021513039292,0.9250735730884567,-0.361791637938674,0.1411644444298775,0.9209153269065364,-0.2874568196833674,0.13869522004382384,0.9250309718256254,-0.3158130753931628,0.13331371697565775,0.9154954245650994,-0.3335265676662225,0.13002819911804156,0.9105454039222423,-0.3483206688980099,0.127875619017225,0.9064272478921275,-0.277683837688942,0.13298729037931506,0.9146931662897297,-0.2956295509110434,0.12636015367817266,0.9012748117218284,-0.30698957186246584,0.12125173992197888,0.8933812156247866,-0.3171903844893837,0.11735009291336487,0.886641368736192
-0.22199892386791759,0.13025778397719986,0.9504365949825633,-0.24111576280481856,0.14402999456767945,0.969262739306041,-0.26707346451092934,0.15127567503005002,0.9795968336591365,-0.2891352120420951,0.15305849254837534,0.981803238049407,-0.3072808656752944,0.15480933387265372,0.9814612471699752,-0.29240882094960213,0.1339703660671956,0.9587810259994293,-0.32180588743106864,0.13480418556304707,0.9568255609485724,-0.3401121721330088,0.13263839309964026,0.9569393403207171,-0.35470191163048626,0.1305643164497282,0.9570654222124135,-0.2924196332139802,0.12359739918014317,0.943834575589467,-0.32394655901348873,0.12056232730973719,0.935496398371333,-0.3438236882821158,0.11770184294212338,0.9310948117088726,-0.3600576054519487,0.11565277659021969,0.9271317703359937,-0.2860605420828002,0.11615670092721961,0.9307922833315656,-0.31427288997350417,0.10975336727215829,0.9214635524797532,-0.33183666137752144,0.10559271594600574,0.9166398552385508,-0.3465507598739484,0.10295180738850333,0.9125192789604641,-0.27645607930194044,0.11116401954612963,0.9199588629404369,-0.2947461333158541,0.10416642869586024,0.9072102375370532,-0.30625002198610807,0.09880176885708171,0.8997045199337151,-0.31652192897626136,0.09470460352532543,0.8931925212588914
-0.221152120520968,0.11601683014062196,0.9536054886967308,-0.24065016068550774,0.12834478802436516,0.9730322462680548,-0.2664710624404846,0.13431975983104488,0.9844636247411044,-0.2884987912348892,0.13533049248809792,0.9873833758301651,-0.30671089265635854,0.13604005905639951,0.9868705152450936,-0.2914097963662545,0.11557992158148044,0.9638345892218608,-0.3208223695938718,0.11459342881169213,0.9622116337764614,-0.33892258308218914,0.11112577548191975,0.9626374440516046,-0.3533353670196717,0.10808061396974032,0.9630579672181038,-0.2912256136169312,0.10525633844349729,0.9490293468413638,-0.32266378578846977,0.10078690184734625,0.9410075404380065,-0.3424204962260773,0.09658423957668406,0.9371778372576666,-0.35859983133556284,0.09343866711013515,0.9337457932912662,-0.2848830256168762,0.0982008480780388,0.9360102344918203,-0.3130205249277519,0.09071188196175317,0.9272832078647667,-0.3304877102022471,0.08558397073553607,0.9230799822572517,-0.34518386909759347,0.08211891880377428,0.9195480464894187,-0.2754556022918073,0.09368341148800488,0.9251204742611147,-0.2941667738891478,0.08610798617848316,0.9133508186990267,-0.3058958848973271,0.0802060804667715,0.9066388673886898,-0.3163201564722825,0.07555387115947358,0.9007740166315367
-0.22049854295263194,0.10487383994230622,0.9587424014742953,-0.24020904053108966,0.11602307914466786,0.9786607793197545,-0.26596557128051557,0.12073514583950366,0.9908054580121773,-0.287964356908341,0.12086377114307664,0.9940924397885506,-0.3061929471109971,0.12045724200397251,0.9941119887821087,-0.2907429885315682,0.10141515582436975,0.9684749125225192,-0.3200362916825009,0.09846569494693268,0.9670929981718543,-0.3378656255904615,0.0938061399874477,0.9675695087242535,-0.3519950465690683,0.08966975742829218,0.9682237191880935,-0.28997805162762424,0.09102280880367776,0.9534726290700325,-0.321284186655278,0.0846282083770615,0.9462810432948723,-0.3407249959277786,0.07864337409942199,0.9432988800824262,-0.35661926280339395,0.07365054077399621,0.9408722914510589,-0.2832798159202434,0.08414904216636482,0.9409203652986525,-0.3112431277522385,0.07528730885189841,0.9329524704223633,-0.328557996555356,0.06900963580087666,0.9298137955649631,-0.34312763796319856,0.06419346686564545,0.9275803436471088,-0.2737840566863242,0.07986339365751371,0.9305612487065643,-0.29265979314842416,0.07132522374582591,0.9197526396014134,-0.30451311436010053,0.06455755375041569,0.9141712199298149,-0.3150290824952665,0.05894335361622483,0.9094172600283817
-0.2200799691307608,0.09679410861909972,0.9641895130127749,-0.23986023468508821,0.10691109332934821,0.984584089266015,-0.265518768281851,0.11005767151906527,0.9974228730356985,-0.2874233037757288,0.10899427069126809,1.0011414569385888,-0.30556123976870136,0.10734076423266237,1.0019948871856705,-0.29030949221363983,0.09044776474375553,0.972466252031908,-0.3193322596688961,0.0854824637133824,0.9711504362589211,-0.33681913990002593,0.07965788005503065,0.9714774031036449,-0.3505436185569827,0.07434684544255578,0.9722582911476102,-0.2887099231824492,0.07988929997359454,0.9570354552805291,-0.31970121896577686,0.0713339737495163,0.9507880646398571,-0.3385982304018324,0.06348678486844858,0.9487927728374744,-0.3538323099319708,0.056414943954636,0.9476281598228675,-0.28142882350422677,0.07309913205607435,0.9451239260961787,-0.3090162575926132,0.06265681576788541,0.9377852623441002,-0.3259873558267001,0.05513206555252298,0.9356816703231633,-0.340099789936375,0.04875062654222279,0.9349235930889219,-0.27173105357335864,0.06895816776453037,0.9356172950171286,-0.2905324478364739,0.05934414862508234,0.9256123955691246,-0.3023323326478318,0.05174008471550031,0.9210962293894831,-0.3127712000854498,0.045167753411615275,0.9175551177613607
-0.22021161172271594,0.09186811831247661,0.9675612079834092,-0.23968992022664237,0.10132492023641601,0.9885544311940929,-0.26491178766488566,0.10254056965205381,1.0025356782325665,-0.2865015104340515,0.09992550852401576,1.0072060838694612,-0.3044220221558276,0.09698853823347733,1.0088421199395512,-0.29010232205822806,0.08276605819408246,0.976129026388481,-0.3187182441774429,0.07570664660885747,0.9761470699460348,-0.3356708530715302,0.06850458823326622,0.976897449294934,-0.3487688407881143,0.06183388117862009,0.9779569653942363,-0.28807531258240116,0.07214373296684326,0.9603161808006833,-0.31865590154699674,0.061547312820016624,0.9552934953040949,-0.3369702831672915,0.05227385146594046,0.9541786211825501,-0.3514846497539039,0.04374568663785202,0.9539595235581173,-0.28050728113007983,0.0654660913552522,0.9486933603318823,-0.3077208148287909,0.05353548904281561,0.9422864276179147,-0.3242979347848821,0.04502971376138137,0.9409022234103358,-0.3378873560676152,0.03756294872068437,0.9410846801520593,-0.2708266802751439,0.061460626243534634,0.9397665137045284,-0.28969208965608795,0.051032378381966094,0.9307461046981402,-0.3014824169130823,0.04302090877899139,0.9269699473340931,-0.31188238898207454,0.035962944688196816,0.9243755904642221
-0.22048883860109783,0.08844241018499105,0.9677254275344931,-0.239420365941056,0.09748586990502031,0.9893902408142093,-0.2638614724214673,0.09712943120373893,1.0047395383483089,-0.28496484849997894,0.09328002756553024,1.010621457464124,-0.30264065581258204,0.08944991118403837,1.0129329922859278,-0.2896822482014151,0.07776613110309118,0.9795260857649359,-0.3175685673004398,0.06890188959063512,0.9830595041874789,-0.3337430054458447,0.06034882409683641,0.9853081223560058,-0.34600216101710346,0.052368602559028504,0.9870990322042552,-0.28821725003844423,0.06737375906100268,0.9637256882300497,-0.31845340722652404,0.05514802935584564,0.960727314900822,-0.33639483380390633,0.04511959060485781,0.9602888716179329,-0.3505585325646039,0.03601973411272667,0.9604522293648545,-0.28109056620307793,0.06086316987964629,0.9517427316552368,-0.308184406842162,0.04783973462722463,0.9472395762771039,-0.3245584034904262,0.03887096709270451,0.9465194491080964,-0.3379737136490544,0.03111194106553389,0.9470534995670145,-0.2718346255753167,0.05697381637313031,0.9425781904685956,-0.2910913846690786,0.04603789227732435,0.9351214756027153,-0.3030860852384133,0.03804641121587529,0.9320040704059267,-0.31368932999484866,0.0310831516382042,0.9300574886840081
-0.22018784747183973,0.08390519136905222,0.9654484947498582,-0.23881500235761985,0.09221304742901265,0.9876646972634401,-0.26260497205986005,0.09125419761817384,1.0039807512573335,-0.2833501745146785,0.08707172615535945,1.0108299023242386,-0.3008448083297032,0.08301106655371639,1.0139756900091013,-0.28846660496762183,0.07280014515417542,0.9814377294163846,-0.31538965703835115,0.06317458653915903,0.9885934617184086,-0.3309332731063271,0.05412079557633284,0.9926244083890271,-0.34266129492253045,0.045647801430387124,0.995424419760219,-0.28801585817294356,0.06279918128546841,0.966408178654554,-0.3179438999137967,0.04949697304858019,0.9661902692066775,-0.3357379658980068,0.039206975544031006,0.9665694407142698,-0.349860343930248,0.030054133814237313,0.9670473146500166,-0.28182553269475985,0.056370538529263804,0.9539912217285018,-0.3088569923342147,0.042596750365286554,0.9521077610615073,-0.3251504643308774,0.03345705020975349,0.9523396917108208,-0.33861277519344607,0.02580422876141072,0.9531513268225085,-0.2732060042397458,0.05245697504267197,0.9440211638061982,-0.2928035300668552,0.040970846587239866,0.9385415983328653,-0.3050170389789792,0.03302688682620185,0.9362659599975984,-0.3158844866299931,0.026363811794499363,0.9347803704225853
-0.21942009223033968,0.07798042640005258,0.9629243894076269,-0.23806224451744376,0.08542162599204478,0.985433270595125,-0.2615441433439673,0.08452363820918073,1.0021930353538449,-0.28199551071416434,0.08043205086733313,1.009924002206653,-0.29922423546764304,0.07654103067518146,1.0144492816580897,-0.2868053293753351,0.06629437263309562,0.9819935363233161,-0.31340412336544327,0.056852576625202315,0.9904825446664421,-0.329076830961292,0.048456746507216215,0.9953508026273054,-0.34111204808132006,0.04072052994876067,0.9988838878841081,-0.2868224112940571,0.05620042171252467,0.9683633664399761,-0.31628697025534624,0.04217252219455485,0.9711457595246633,-0.3339575754733515,0.03182726728051648,0.9729847853317668,-0.34806813879133836,0.022760908354375414,0.9744468301963702,-0.281285434575443,0.04941253330390231,0.9562023843270396,-0.3079383252402896,0.03480995632222472,0.9567962188255545,-0.32405286936638183,0.025460516325682286,0.9582014162581066,-0.3374617827959029,0.01780075581235676,0.9596111506136797,-0.2730748009567399,0.04507514867298692,0.9456773404503117,-0.2925503581646835,0.03267716822589436,0.9420700484619805,-0.3047310606991793,0.02448564189160734,0.940661429086397,-0.3156627197942289,0.017849959324130506,0.9395790659290808
-0.21894940682797687,0.0736189843526095,0.9617091256152919,-0.2378258987847248,0.08137594938360655,0.9839140478284198,-0.2612389213961613,0.08062162305766007,1.0007769370623332,-0.2811206352978195,0.07615576957485641,1.0096955113748955,-0.2977731348293845,0.07240912386580757,1.0161067557285721,-0.2855476286442201,0.060717231835304294,0.9826659391784335,-0.31242239238107533,0.051559406875475874,0.9905771927027432,-0.32866329836607144,0.04421936485107755,0.9952868018367531,-0.3413489682770018,0.03774430069344939,0.9990717076827276,-0.2851752837274523,0.04954785131335486,0.9707500035381679,-0.3139517862313737,0.03489416779510657,0.9762150171645078,-0.331358266342264,0.02466736534773965,0.9800987738224272,-0.3453313236430945,0.01585453203603198,0.9833440897088104,-0.279508023877063,0.04172847253662254,0.9596404040415001,-0.30549239297468156,0.02616150311033464,0.9621793999433194,-0.32139365034213807,0.016666803321686324,0.9646422906275611,-0.33463176166238845,0.008935693297781402,0.9669747974134267,-0.2711819065432698,0.036492833336162905,0.9493616298067434,-0.29021310429612424,0.023095704202546054,0.9472759054039536,-0.3021796442039112,0.014511184442959436,0.9465257256941043,-0.3129875350114218,0.007609862618235808,0.9460097634129903
-0.21838658831621302,0.0733612163814642,0.9596166989648292,-0.2381371162943878,0.08370113367055063,0.9799281189204732,-0.26180097670495867,0.08291961898673056,0.9964358932887178,-0.28087365878615955,0.07750188390128017,1.0065179718214048,-0.2968086038806317,0.07380345273978069,1.0145706906579384,-0.28460588263108316,0.059624019379231424,0.9812329169685889,-0.31153010898960426,0.0501563372751997,0.9885919690002478,-0.32797083429805585,0.04322699438544134,0.9932299018131248,-0.34088451321393315,0.03736123428871884,0.99723089475772,-0.2833778580188976,0.04710799525580967,0.9711893794440754,-0.3116190894194532,0.03214688995931977,0.9783505307645594,-0.3286976947725156,0.022288301348898996,0.984163109687125,-0.3424100071862986,0.013992244572198713,0.9893198884044275,-0.2772197020651967,0.0383745228950325,0.9614129331419278,-0.3028394260120094,0.022484127573299036,0.965297460927625,-0.31874817694620244,0.01322687120531499,0.9685037030763725,-0.3319470861681665,0.005759328174733209,0.9717414241687361,-0.2687657757832079,0.03259025993932647,0.9519543005475651,-0.2876976197523662,0.018925074835571886,0.95102274098263,-0.2996220128407926,0.01025214672430627,0.9508129937205102,-0.3103493164540605,0.0032152927621221157,0.9511485637052738
-0.2152749816726023,0.07593112946972132,0.9508073947169395,-0.23663609313030062,0.08949681897760556,0.967215502805437,-0.26099277358693856,0.0885872645415941,0.9826757905513378,-0.27952665132762544,0.08229279566842132,0.9932418872887275,-0.2950907504504453,0.07874984535223235,1.0020540079434004,-0.28202227562339083,0.06269099206401466,0.9710673037381727,-0.30851651094543875,0.052358276474416585,0.9788130832003684,-0.3245438606748458,0.0449829414027227,0.9841565049093562,-0.3370990345900024,0.03877161809329894,0.9887352885800877,-0.2802883476631501,0.04990933008590857,0.9627720046112076,-0.3086282612849395,0.03525984017314514,0.9701831888723507,-0.32543643035946596,0.025804819323754283,0.9773067158798054,-0.33878986086829077,0.017935598609285924,0.9838798198275318,-0.27425897500254953,0.04129834078932474,0.9539837024484245,-0.3002698976353106,0.026189128233932716,0.9583549808035755,-0.316321708470318,0.01739049471923677,0.9620951088303121,-0.32971903581942774,0.010492230227900854,0.9657534975936264,-0.2664469637418108,0.035819791388392586,0.9451900486371475,-0.28583261999268794,0.02277556349213223,0.9449365658395001,-0.2980129756006895,0.014473488970797551,0.9453480538336027,-0.30890953914963976,0.007787031483555331,0.9464710644328415
-0.20709799646709579,0.07786365537218967,0.9319602321752346,-0.2299772708422527,0.09269935021581593,0.9448440199781066,-0.2551369424421608,0.09166018805100619,0.9589509947177485,-0.2736126062948889,0.08495250989491171,0.9693636918573563,-0.28920400997360984,0.08169073113207775,0.978235900123056,-0.27478037256908205,0.0656632155664506,0.9496014236191093,-0.30076005035540365,0.054528892847997106,0.9579554535420138,-0.31600465820437207,0.04642347051307215,0.9644151534291785,-0.3278441411485832,0.03947303370801553,0.9697720425478765,-0.27305600316213197,0.05367250396277623,0.9425126364898315,-0.30185821251933254,0.03961206254747319,0.9492521197265552,-0.3183778195817173,0.030246322514710072,0.957128800503972,-0.33121251095458626,0.02227874889572726,0.9645606848211516,-0.26756988846854046,0.04582913504866738,0.9343203671588314,-0.2942095598643103,0.03176393928660322,0.9383777863890719,-0.31021471837686376,0.023095040379494794,0.9425908889503142,-0.323792356764134,0.016495737174854214,0.9461342171136261,-0.26060072889064956,0.040981648246059196,0.9259418484962167,-0.2803984306660192,0.028569288011897783,0.9258776531195496,-0.29283623531928593,0.02070955056667632,0.9268677890515417,-0.30402147704213334,0.014569508145836147,0.9282444554536767
-0.1940939670337303,0.07761535287720282,0.9072385300185583,-0.21784525276521957,0.09223661794216556,0.9187122416925372,-0.2434633604114234,0.09109488633047119,0.9319600595837695,-0.26204938439987124,0.08430606959840273,0.9421207210998903,-0.2777328990608846,0.08123732506524704,0.9508989512033029,-0.262327329384213,0.06591874381779586,0.9229980985622314,-0.28811923490048263,0.05445466225464502,0.9314868593661292,-0.30283545710252924,0.045954295507740224,0.938628304009664,-0.31418309707067593,0.038576876457596665,0.9444577932247904,-0.26070154638875387,0.05467606184984016,0.9164169280345805,-0.28977806466985145,0.04090893031396938,0.9225574560957728,-0.30598462457244835,0.03131825719173344,0.9308050623613617,-0.3182730894668674,0.02289399425395356,0.9386453341046387,-0.2555333950835377,0.04741379916114321,0.9085397931671415,-0.2824707679146419,0.03378785286236613,0.9121001312312367,-0.29823401557730345,0.024847106800299546,0.9166441628601327,-0.3117813753685239,0.018079506797268583,0.9199798598369838,-0.24897859000965653,0.042970871695581496,0.9004206232288673,-0.2688657235023363,0.03070284328123307,0.9002894611744262,-0.2813669399369223,0.022985234691109333,0.9015594736821388,-0.2927005140666429,0.01709565997607021,0.9028116601032087
-0.17967847079967245,0.07506021286088624,0.8832734208103473,-0.20359410981305215,0.08934615134682143,0.8948278657444033,-0.22925617406928966,0.0881544280960945,0.9079859021908987,-0.247856695225644,0.08137035653622292,0.9181231773942511,-0.2635283533916998,0.07830171786389119,0.9269225941877337,-0.2479827884362629,0.06329717829756938,0.8986720445113661,-0.27384417865380595,0.05186920449480256,0.9069964980677139,-0.2885820460227624,0.04339064102316861,0.9141192004482075,-0.2999500241687132,0.03604147613134422,0.9199447508482416,-0.24635737696423374,0.052197719957994174,0.8921195262515659,-0.27541643968959484,0.03835470839972545,0.898171452843026,-0.2914767194079456,0.02858493565404887,0.9064946469289759,-0.30355970901753504,0.019928148089703283,0.9144007096453343,-0.2411999364778374,0.0450161313460925,0.8843188290923814,-0.268105695062392,0.031281506092150656,0.887695913461058,-0.2837261120170983,0.022127893500872693,0.8923088399893148,-0.2971701239716863,0.015152936518724524,0.8956355138683196,-0.23465618786548087,0.040598295202217735,0.87628252486882,-0.2544648575926788,0.02820505703807786,0.8760726328462155,-0.2669173872992847,0.02040726875893839,0.8773311352595111,-0.27823450717761233,0.014466834288935096,0.8784882867959011
-0.16508982549139187,0.06596077581247675,0.8582414756756241,-0.1888089203689263,0.08027742429976457,0.8701573952733013,-0.21435489032798077,0.07909266917075276,0.8835400498477964,-0.2329023872458218,0.07230276421989361,0.8937701481663329,-0.24852819132390935,0.06916752040111496,0.9026274413188987,-0.23326618816243966,0.05403557172991076,0.8740762311950038,-0.25918511519879417,0.042691661702639695,0.8823364698604335,-0.2740811036404699,0.03432170555806232,0.8892557924292894,-0.28559650458552555,0.027095345167058832,0.8949438013754255,-0.2316007339106888,0.04274068860221047,0.8674148230309711,-0.2605681819697575,0.02877788487838038,0.8736285961248498,-0.2766785519203123,0.0190361705449151,0.8818876266870671,-0.2888730066784752,0.010474029227923103,0.8897253205911198,-0.22635219107214416,0.03540246840709377,0.8595616513085313,-0.25316431758705316,0.021511817684812196,0.863043629046801,-0.26883336022149296,0.012403974565457207,0.8675816282863886,-0.28226612586227884,0.00544586618695472,0.8709880599190373,-0.2196957965831563,0.0308663214187318,0.8514877388968518,-0.2394624227968435,0.018406063924247984,0.8512821312243649,-0.25188703664088247,0.010551533838042425,0.8524611793217156,-0.26315589455589317,0.004527533274487051,0.8536566801425421
-0.1420781375137073,0.04503129706566879,0.8204900820590173,-0.16570114543608272,0.05949842539077391,0.8324151279834855,-0.19121354330118961,0.05833396446423124,0.8458634459172618,-0.2097461082988864,0.05153814254736799,0.8561166503844697,-0.22537000244959898,0.048392792707899396,0.8649737297470552,-0.21020700365696687,0.03311449295521857,0.836534201843243,-0.23610182801695218,0.0217629754400133,0.8448593287311678,-0.25100471183970496,0.013393624406406592,0.8517645209348913,-0.2625265294320122,0.006166873390540693,0.8574390234083824,-0.20853607017009512,0.021733122428078885,0.82984753556463,-0.23749843237113422,0.0077850787160867185,0.8361179074269228,-0.2536744244663957,-0.0018801093949064214,0.8443384927126173,-0.2659648173930893,-0.010335244507171246,0.852142425596457,-0.20327096243543735,0.014340593002301796,0.8219561359211472,-0.2300848915344847,0.00047630142601787565,0.8255281241726334,-0.24581983813595443,-0.008535952772227226,0.8300287763676252,-0.259294937711664,-0.015404370328147647,0.8334500002915167,-0.19659553356512605,0.00977899819380941,0.8138436754683812,-0.21639113657703152,-0.0026356802240578934,0.8136714419309118,-0.22883330417298198,-0.010463089260463607,0.8148457331024425,-0.24010292570053254,-0.01647613612756362,0.8160882554204872
-0.0968970852349435,0.021926069821551472,0.7661925391349653,-0.12059202580087217,0.036400798422605594,0.7779646693194001,-0.14614950374457558,0.03523711191862067,0.7913271849583974,-0.16470385496312107,0.028444460223947872,0.8015430205375199,-0.18034817192140185,0.025326564310626715,0.8103737181805717,-0.16507538470737848,0.010081549832665345,0.7820794277259849,-0.19094215358868666,-0.0013061049187344867,0.7904423341069302,-0.20578028915064128,-0.009720958462736412,0.7974311562685409,-0.21724172012563142,-0.016999544523847495,0.8031614245130397,-0.16342173113701725,-0.001227208036362691,0.7754348820496302,-0.19242359692568461,-0.015120486272636766,0.7816439489338615,-0.208590242176234,-0.024785048617533112,0.7898836346044876,-0.22085131563110239,-0.033263084238414384,0.797708813596692,-0.1581945712866834,-0.008559678643318136,0.7675592124707742,-0.185049661848584,-0.022352191369871863,0.7710997178456721,-0.20077487605863337,-0.03136879693135705,0.7756255992694204,-0.21426178906441307,-0.0382302822637949,0.7790140263443985,-0.1515657402346383,-0.013073972339752254,0.759455998644661,-0.1713839384903873,-0.025452590857727962,0.7592868102948617,-0.1838409009127081,-0.03325138359676004,0.7604941816076597,-0.19513174391030613,-0.039226639473952045,0.7617263120052579
-0.04383856926207766,0.016583925974508154,0.7213559013412567,-0.06758605969617887,0.030992882872396897,0.7331028024123223,-0.09316477977379917,0.029820478990876205,0.7464238465776355,-0.11172915696244584,0.023031258557694494,0.756623736198277,-0.12737744211874574,0.01992197367493914,0.7654504381908362,-0.11204464683583581,0.004745980667997312,0.7371280424370673,-0.13791824621434728,-0.006643355521915022,0.7454674964111588,-0.15274377947637413,-0.015064980687755988,0.7524748821855525,-0.16419347469055257,-0.02235085318353779,0.7582193343504682,-0.1103959556602005,-0.0065140465714726425,0.730500389879738,-0.13940585091117536,-0.02040568993702278,0.7366755119901979,-0.15554215952953848,-0.03010412052619279,0.7449348456319764,-0.16775640074725628,-0.03863316139900454,0.7527778176311587,-0.10518145497932557,-0.013813810572411479,0.7226437042912746,-0.1320417103863606,-0.027607561727052858,0.7261399284348883,-0.14773625028855736,-0.036667342543216505,0.7306860178848,-0.1612061828264355,-0.04356775852844449,0.7340629126256819,-0.09856757239625624,-0.018309914375052187,0.7145587041141148,-0.11837628134306427,-0.03070350930060782,0.7143752432263452,-0.13082763572165362,-0.038510185913426295,0.7155894923219248,-0.14212122440641523,-0.044484860171137224,0.7167990731768836
-0.011823678661212422,0.023100118632905342,0.7001667555009302,-0.03554751169340692,0.03749567765350989,0.711977710260017,-0.06110944096838039,0.036321580185205385,0.725330797401239,-0.07966557503102933,0.02953141616786996,0.7355450484277524,-0.0953053173390338,0.02641114020632746,0.74438300562065,-0.08001223418680559,0.011230993868338625,0.715991140938598,-0.10589943504191018,-0.0001424167724041591,0.7243100939085972,-0.12075240586744146,-0.008544617044684299,0.7312826078432536,-0.13222769750404295,-0.015808266053055138,0.7370040826649682,-0.07835660782042098,-5.389877804792744e-05,0.7093474148314658,-0.10735012158821577,-0.0139698146529092,0.7155447816680935,-0.12348604855353051,-0.023673617996940902,0.7237985484176819,-0.13570651867489059,-0.032199992703647075,0.7316347133526763,-0.07312726425912652,-0.007375423917043848,0.7014866611258969,-0.09996998295857523,-0.021201432402320933,0.7049901475176249,-0.11566427942086055,-0.030265776304861977,0.7095279739395518,-0.12912633870124762,-0.0371751774264507,0.7129178673755624,-0.06649506101679659,-0.011889896733185423,0.6934003277464602,-0.08629222160642569,-0.024301877343592657,0.6932133167019691,-0.09873611134692367,-0.03212256931814906,0.694413821441609,-0.11002066625831719,-0.03811404102982903,0.6956246273265031
0.001179425277062246,0.03560734380551501,0.6845434293830024,-0.022517202746594273,0.05003038946809731,0.696375445259423,-0.04806705007408163,0.048859939211250064,0.7097519551578689,-0.0666174301447156,0.042068078315814106,0.7199755253551151,-0.08225409291677277,0.03894228207465835,0.7288169802179866,-0.06699397220735526,0.023730516931058054,0.7004272343632143,-0.09288015523253706,0.01236023495079159,0.7087536280788973,-0.10774280600419983,0.003963960377389099,0.715712640053035,-0.11922711838965844,-0.003293117901070161,0.7214243449728373,-0.06533505165899717,0.012419978903973682,0.6937734974954008,-0.09432247320033721,-0.0015003397138536167,0.6999894473753535,-0.11047193300375785,-0.011189787499007427,0.7082336061318733,-0.12271429957581809,-0.019692937441330216,0.7160608239190774,-0.06009773635162008,0.005080474243496438,0.6859036312831625,-0.08693548028651282,-0.00874986111771802,0.689428088545094,-0.10264350783621273,-0.017795541906377294,0.6939556342414643,-0.11611201676582444,-0.02468885153683568,0.6973526610277545,-0.05345600437293879,0.0005550630029061863,0.6778089504840047,-0.0732556860489329,-0.011852982669508487,0.677627811487578,-0.08570096802860327,-0.019672248165425205,0.6788231649981841,-0.09698292318452922,-0.025666523160004454,0.6800442787766869
0.004262424018708771,0.05603100921553105,0.6613577117776491,-0.019440799262024133,0.07046423584371261,0.6731640745020286,-0.04499638066668535,0.06929509515602633,0.6865297409069265,-0.06354959220978887,0.06250339889719661,0.6967482812200337,-0.07918962658186526,0.05938169752203188,0.7055852181466514,-0.06391660477157982,0.044167049460527366,0.6772269554259225,-0.08979653642362603,0.03279010035207284,0.6855636683813744,-0.10464842159839485,0.024386023632206117,0.6925362334452975,-0.11612269120937649,0.01711999400407475,0.6982567351309014,-0.062260312343785235,0.032863831928007965,0.6705789445525503,-0.09125418182166914,0.01895374056800822,0.6767877127075992,-0.10740586458406856,0.009268878134508144,0.6850329044890686,-0.11964877692107087,0.000768065672721318,0.6928618074462303,-0.05702849764711346,0.025531403317796283,0.6627095302455842,-0.08387338156359544,0.011714905140085429,0.6662338827145678,-0.09958359682597853,0.002674097481574593,0.6707635707564279,-0.11305660885428517,-0.004212746262194266,0.6741558519312704,-0.05039360122935774,0.02101259302601433,0.6546141815295742,-0.07019885334750606,0.008613404665425145,0.6544355205358966,-0.08264769934458063,0.0008006410798499161,0.6556362640395186,-0.09393332503222648,-0.00518651507302274,0.6568583842261118
0.0028174505068576383,0.0798732479163925,0.6365449281882726,-0.0208989648239232,0.09429567488749238,0.6483379884228996,-0.046460828516593555,0.09312509688954074,0.6616915100944639,-0.06501704914003925,0.08633418750574343,0.6719051083184499,-0.08065897450151077,0.08321558239399754,0.6807397912229802,-0.0653692239460511,0.06801467926774216,0.6523853252313363,-0.09124866529721432,0.05663531626747,0.6607202655006057,-0.10609456083540625,0.04822739685869541,0.6677009487918896,-0.11756324658848727,0.04095705894980058,0.6734271711928219,-0.06371480328686796,0.05672406883168136,0.6457426672227082,-0.09271237770454033,0.04281749951245924,0.6519420154633284,-0.10885833258778232,0.0331268925829223,0.6601916749818629,-0.12109151430801035,0.02461601410245706,0.6680248511579284,-0.05848738667167408,0.04940077048501036,0.637877410623795,-0.08533557892366506,0.03558830187417212,0.6413923442482681,-0.10103997511477347,0.026539862412157392,0.6459269692647526,-0.11451078260272152,0.01964677991952858,0.6493153318202698,-0.05185778566206267,0.04488786143291646,0.6297857084832473,-0.07166274888083163,0.0324882443752709,0.6296047887706518,-0.08411150946564433,0.024675825700259207,0.6308086578718429,-0.0953988556177941,0.018691002041022413,0.6320263057357187
0.0027618962565165994,0.09765163434503245,0.6200764564422141,-0.020953572285710403,0.11206786528002831,0.6318789927386148,-0.04651381935558563,0.11089648204533853,0.6452355379644327,-0.06506922622265993,0.10410561786246743,0.6554506445430778,-0.08070992636228391,0.10098564452194095,0.6642870133887759,-0.0654234178423942,0.08578811756444307,0.6359190039852443,-0.09130559119415643,0.07441138091037938,0.6442490449170741,-0.10615542437962755,0.06600638267829446,0.6512248689838707,-0.1176277845068015,0.05873941286777183,0.6569480055437262,-0.06376810436956964,0.07449613794511245,0.6292745917793673,-0.09276335087082627,0.060585514875622415,0.635475733375654,-0.10890744018098347,0.05089198040994402,0.6437256045161381,-0.12113890412464429,0.042378530567692176,0.651558668928808,-0.058538894197918134,0.06717105301500577,0.6214097618005126,-0.0853843891215138,0.05335299131727225,0.6249233138400504,-0.1010869208447116,0.04430120911945323,0.6294577241644902,-0.11455537273726618,0.03740428018413591,0.6328476233243915,-0.051907038918103166,0.06265607952014059,0.6133189097041285,-0.071709461960061,0.05025242744128772,0.6131365364891084,-0.08415661193150253,0.042437143684480774,0.614338461550621,-0.09544257391830518,0.03644948074793948,0.6155549804784748
0.006372139253999598,0.10661259555365057,0.6122210517851523,-0.017337267914666665,0.12103272984988957,0.6240309952297745,-0.042894451185798654,0.1198618694831772,0.6373934477955395,-0.06144838452048801,0.1130706590346052,0.6476110003998111,-0.07708805046824801,0.10994908925025149,0.6564486358304193,-0.061809539503759336,0.09474590884452302,0.6280768655499764,-0.0876923461963442,0.08337065274883369,0.6364069605496938,-0.1025454605211758,0.07496782063317009,0.6433784072874965,-0.11402087985933612,0.06770329310543088,0.6490985104342476,-0.060153250403369996,0.08344806595771004,0.6214297862285089,-0.08914648151429422,0.06953524838116766,0.6276354262259344,-0.10529286009358219,0.05984384867123602,0.6358833250106474,-0.11752843357738452,0.05133452657415274,0.6437144561859764,-0.0549217941045545,0.07611861351973657,0.613563156433013,-0.08176539557824436,0.06229789558295955,0.6170807252444899,-0.0974702583900921,0.053249032326402025,0.6216128878949624,-0.11093934418199031,0.04635432058677273,0.6250047781339115,-0.0482872196926844,0.07160067867354665,0.605470798125885,-0.06808938702188216,0.059196606724697745,0.6052892179240926,-0.08053633119449749,0.05138073442739242,0.6064894460109466,-0.09182131150999095,0.045391594594049685,0.6077078002478599
0.010337472206179588,0.11068825458030321,0.6087158978815831,-0.013371443522443432,0.12511176196933066,0.620522708422456,-0.0389288887814464,0.1239413420807503,0.633884698485406,-0.05748296425070776,0.1171500589041756,0.6441019446438615,-0.07312302350928007,0.11402886129841613,0.6529390154693446,-0.057844267063478005,0.09882330927040575,0.6245727545934663,-0.08372594424793345,0.08744709902088876,0.6329050557588689,-0.09857779089487206,0.07904328451866055,0.6398780189250216,-0.11005202705701295,0.07177761622652028,0.6455990466265261,-0.0561882312545508,0.08752519339022663,0.6179260588939686,-0.085182202282157,0.07361386261171374,0.6241315750665677,-0.10132976403619459,0.06392409930749224,0.6323790801701689,-0.11356672965993087,0.05541655568642401,0.6402099683939763,-0.050957240723859654,0.08019588193559449,0.6100589649140329,-0.07780176657741028,0.06637727217586464,0.6135777616850985,-0.0935078182547352,0.0573303503283244,0.6181096802919217,-0.10697805661399606,0.050437699779528486,0.6215011826717018,-0.04432326761609817,0.07567842561398919,0.6019659966692024,-0.06412653662615325,0.063276101304527,0.6017851888879334,-0.07657417258215832,0.05546142534793048,0.6029860324516927,-0.08785962562500704,0.0494733359991089,0.6042051711965442
0.012164167154848415,0.11347361540324563,0.6064504942269291,-0.011547394432576047,0.1278958812947844,0.6182535073683214,-0.03710625406334733,0.126725293483597,0.6316127771041907,-0.0556610121346085,0.1199341546276971,0.6418288795274636,-0.07130159491536342,0.11681372960880444,0.6506652966102114,-0.056019212978377364,0.10161035582613112,0.6223015556310636,-0.081900434901994,0.09023333685002853,0.6306341666978574,-0.09675061740648722,0.0818284018122281,0.6376093232496606,-0.10822330175949468,0.07456146504930375,0.6433318518006853,-0.0543636531919241,0.09031482962016592,0.6156561148727795,-0.08335864044711339,0.07640470845867284,0.6218595940813567,-0.09950535474037148,0.06671423539593106,0.6301079244141207,-0.11174068852675467,0.05820510953198578,0.6379396432983743,-0.04913374093938905,0.08298749911210615,0.6077897583856667,-0.07597925622545398,0.06917040007899401,0.6113069387968113,-0.09168444266708797,0.06012246287003925,0.6158398287757872,-0.10515457142584872,0.053229129829401714,0.6192303792102205,-0.042501078746395804,0.07847144370027981,0.5996973738238272,-0.06230462911833312,0.06606957214948195,0.5995163270920051,-0.07475246209821268,0.0582553413920245,0.6007180251566986,-0.08603842716803028,0.052268073672863256,0.6019364591569459
0.013514833687519878,0.11656566867461335,0.6033249037664172,-0.010197349073828188,0.13098623368815765,0.6151287471641803,-0.035756305368670305,0.12981542283979652,0.6284878124159335,-0.05431110305746445,0.12302433847077225,0.6387038791045697,-0.06995158868260876,0.1199038634733216,0.6475404505030474,-0.05466876768654211,0.10470188323213123,0.6191746198667575,-0.08055042750014724,0.093325169861941,0.6275062880321309,-0.095400926989895,0.08492050589364693,0.6344810963315487,-0.10687390743637248,0.07765388890189001,0.6402034373181756,-0.05301316639389697,0.09340687161175179,0.6125291970191622,-0.08200797564514756,0.07949626662121956,0.6187324232949183,-0.09815403064918576,0.06980495180722682,0.6269810552365727,-0.11038849245277749,0.061294788291760785,0.6348130088773403,-0.04778320855671647,0.086079777872913,0.6046631603875385,-0.07462845907106747,0.07226196192022852,0.6081795451544814,-0.09033298096169673,0.06321299984496748,0.6127126917451408,-0.1038025759802591,0.056318638616735424,0.6161032720385041,-0.04115047526916665,0.08156372001571617,0.5965711377580236,-0.06095357412473035,0.06916113309586537,0.5963897083564029,-0.07340112663288101,0.06134643301548545,0.5975912597181858,-0.0846869571919528,0.05535881843513264,0.5988092350627962
0.016233124195780158,0.11996010849024275,0.5989314082651389,-0.0074779658199928545,0.13438097275052938,0.6107370810467572,-0.03303630224024737,0.13321020345852502,0.6240973358354533,-0.051590799670986925,0.1264190625833605,0.6343139102844698,-0.06723103569976377,0.12329823338318034,0.6431507983650052,-0.051949774712444025,0.10809548711857514,0.6147835203642082,-0.07783170508005391,0.09671918288081865,0.6231149067175558,-0.09268299928718823,0.08831506273628076,0.630088678100235,-0.10415672087618824,0.08104906331582976,0.6358103172462748,-0.050293953570723776,0.09679939168234197,0.6081375372729292,-0.07928827994423746,0.08288817070334878,0.6143416391391986,-0.09543461543482798,0.07319704691798347,0.6225899464763585,-0.10766967759975346,0.0646874362740164,0.6304215629776396,-0.045063505114051966,0.08947144508612784,0.6002712182579955,-0.0719082716317809,0.07565284274216942,0.6037882076776382,-0.0876130812047893,0.06660418108298832,0.6083209572756617,-0.10108264461637831,0.05970997039950849,0.6117119692172728,-0.038430172959905834,0.08495475830704313,0.5921789886123824,-0.05823307717125806,0.07255185988593779,0.5919976084392556,-0.07068049880051627,0.06473688898925542,0.5931987541972475,-0.0819660792787513,0.05874885325036684,0.5944169762501121
0.019388573942826476,0.1222767904050364,0.5954189913503435,-0.0043220718651033885,0.1366984631839979,0.6072245686426154,-0.029880271041572926,0.13552780025652894,0.620585095297319,-0.048434705232711095,0.1287366263799538,0.6308017626595656,-0.06407494705940342,0.12561576597018698,0.639638629456445,-0.04879411928357047,0.11041227839329135,0.6112720699454242,-0.07467589416734571,0.09903589898824625,0.6196038366686704,-0.08952716649743175,0.0906317395633727,0.6265776073035204,-0.10100086747420106,0.08336569018358812,0.6322992243392533,-0.047138283474763176,0.09911578793355005,0.6046259939662776,-0.0761326165965156,0.08520469076339039,0.6108303419009509,-0.09227929033417531,0.075513973545581,0.6190784647746868,-0.10451483456875704,0.06700491213658738,0.6269099249026716,-0.04190778117163202,0.0917876059561353,0.5967594886671725,-0.06875259320619759,0.07796920620691355,0.6002769266423564,-0.0844577444772946,0.0689210498384314,0.6048095010045295,-0.0979275425706842,0.062027323243961444,0.6082005649082607,-0.03527439023332796,0.08727082505275649,0.5886670652712436,-0.05507746757624549,0.07486820044511212,0.5884858642565415,-0.06752499523553307,0.06705339910943643,0.5896870144218628,-0.07881059819887387,0.06106545522027975,0.5909054796224972
0.021530138520034103,0.1225397650310576,0.5943158853389799,-0.0021809303682253645,0.13696142594724686,0.6061206273594995,-0.027739386893152362,0.1357907604791788,0.6194806614818428,-0.046293946222626725,0.12899960695590795,0.6296971151071635,-0.06193430091203539,0.1258789007352904,0.6385338366007124,-0.04665283878414522,0.11067564464223512,0.6101680351982547,-0.07253446873629449,0.09929907029772556,0.6184999859564149,-0.08738538123274059,0.09089466094471985,0.6254742216692781,-0.09885874660115351,0.08362832693460753,0.6311961502229883,-0.044997099397234175,0.09937958066695989,0.6035221965348124,-0.07399165019668186,0.08546877861143552,0.609726188883093,-0.09013824932841108,0.07577803726178722,0.6179744294530376,-0.10237359725511691,0.06726881099534604,0.625806017157559,-0.03976680908535435,0.09205174570858216,0.5956557897340676,-0.06661184517065483,0.07823372945925597,0.599173024332724,-0.08231691913152406,0.0691855148304964,0.6037057502653943,-0.09578676694733668,0.06229179400215183,0.6070966283809965,-0.03313367795772859,0.08753523272445352,0.5875634298872506,-0.052936868840985196,0.07513278933317333,0.5873822339081434,-0.06538447127473812,0.0673181351760188,0.5885835667178824,-0.07667018984898127,0.06133039415353224,0.5898019580432068
0.022972564148401292,0.12160440232112366,0.5941001825855566,-0.0007387680886443704,0.13602569870488385,0.6059048409767398,-0.026297325154211543,0.13485498513156735,0.6192646785423797,-0.044851931805767326,0.12806384949696803,0.6294810581146383,-0.060492300984340136,0.12494318062749138,0.6383177671539517,-0.04521054844058178,0.10974029216537606,0.6099517582079972,-0.07109222620690761,0.0983637220245149,0.6182835661788213,-0.08594309402275171,0.08995929244571471,0.6252578726604637,-0.09741641781246449,0.08269293774602429,0.6309798583116231,-0.04355483023363685,0.09844446999275662,0.6033059971500879,-0.07254941096648734,0.08453365707870712,0.6095098252540723,-0.0886958470406102,0.07484272966156216,0.6177581664100935,-0.10093094894583113,0.06633323200471611,0.625589843593918,-0.038324596175741216,0.09111679318355902,0.595439688839666,-0.0651696457669371,0.07729874411168915,0.5989566913991391,-0.08087455471340851,0.06825029395539454,0.6034895189071376,-0.09434430476824993,0.061356356807304765,0.6068803455752911,-0.031691530758840264,0.08660036299963172,0.587347425541376,-0.05149466116237225,0.0741978242032832,0.5871661499466904,-0.06394222734943336,0.06638311625857456,0.5883675084369422,-0.07522795334192786,0.06039536474554105,0.5895857794870415
0.02523262528157949,0.12066037103293828,0.5928962527988042,0.0015214429688591713,0.13508161753541778,0.6047012732657076,-0.024037013863953682,0.13391089781712978,0.6180613020452926,-0.04259157153728943,0.12711975575936663,0.6282777662998225,-0.058231892273505614,0.12399902336729682,0.6371145386453017,-0.04295038035077259,0.1087960867267111,0.6087481581310747,-0.06883213038252484,0.09741960468460392,0.617079861910738,-0.08368315288545325,0.08901528417829739,0.6240539704396724,-0.09515662096241012,0.08174905405124172,0.6297758249664056,-0.04129462209225859,0.09750010983134219,0.6021023023559336,-0.07028910969724989,0.08358916286719492,0.6083062651243542,-0.08643555455532137,0.07389821810307813,0.6165545687045042,-0.0986707072903471,0.06538875332008962,0.6243862021977366,-0.03606430144739836,0.09017230128178114,0.5942359647694333,-0.0629092525641819,0.07635407518040355,0.5977530234351968,-0.07861417121151948,0.06730561549948008,0.6022857983191265,-0.09208388415452651,0.060411643008638084,0.6056767005535881,-0.02943112942175785,0.08565576343269385,0.5861436875801278,-0.04923419972593185,0.07325312888548707,0.5859623976691442,-0.061681726876141985,0.06543834676260409,0.5871636781031434,-0.07296740212347413,0.059450502643782294,0.5883819640841256
0.02876095919721891,0.11953907738410524,0.5917975240297858,0.00504991774388891,0.13396047988516618,0.6036026368491199,-0.02050847880151674,0.1327897808193737,0.6169627827708543,-0.03906300782666039,0.12599862976310328,0.6271792930729078,-0.054703314726649244,0.12287787099416758,0.6360160805921778,-0.03942196953986826,0.1076747621143375,0.6076497369300866,-0.06530370906232441,0.09629829152629539,0.6159814889957503,-0.08015477503271096,0.08789399661009784,0.6229555358003945,-0.0916282836108191,0.08062779462814776,0.6286773448554889,-0.03776619571340023,0.09637865330111486,0.6010038319927451,-0.0667606557859926,0.08246769091011846,0.6072078888430962,-0.08290717513146334,0.07277682699975174,0.615456141604943,-0.09514244594226806,0.06426748895534688,0.6232877283373339,-0.03253583671645888,0.08905075384635798,0.5931374457841929,-0.05938076686174548,0.07523251566393387,0.5966546170535784,-0.07508576101363745,0.06618416021220414,0.6011873383965869,-0.08855551219901608,0.05929027942320024,0.6045782751559747,-0.02590261906385538,0.08453416254455688,0.5850451231739737,-0.045705707402662055,0.07213155630258097,0.5848638668158205,-0.058153244904281975,0.06431678707962754,0.5860651239082889,-0.06943890913904055,0.0583289336442624,0.5872834661130445
0.03248313178421333,0.11850355360065266,0.5920843582175704,0.008772044392572315,0.13292500210363223,0.6038893225698342,-0.01678638799501178,0.13175430892209647,0.6172494004397003,-0.0353409346567192,0.12496315938498025,0.6274658797211845,-0.05098126119578825,0.12184242512187536,0.6363026411353471,-0.03569983329812346,0.10663931177767633,0.6079364697605288,-0.06158153880678066,0.0952628033979219,0.6162682758841176,-0.07643254195985924,0.08685846342089218,0.6232424021538603,-0.08790599193735046,0.07959220981097022,0.6289642631524934,-0.03404407508420201,0.09534325240792763,0.6012905998754704,-0.06303857277094074,0.08143234782380526,0.6074946105534434,-0.07918509945498334,0.07174150393984557,0.6157428724785065,-0.09142036534139378,0.06323217033852616,0.6235744717318483,-0.02881374912923171,0.08801539829531772,0.5934242194395123,-0.055658720281050594,0.07419723770993729,0.5969413825867608,-0.0713637215140728,0.06514890231465499,0.6014741194322467,-0.08483349514079766,0.058255051268586926,0.6048650275163133,-0.022180572400221227,0.08349884720473967,0.5853318961837075,-0.0419836904342151,0.07109628820871315,0.5851506513293266,-0.05443124701764521,0.06328155421979921,0.5863519399080115,-0.06571693235242013,0.057293740922301,0.5875702839274745
0.03540838274520727,0.11927833848050932,0.5919726275770268,0.011697225199906347,0.1336997239590716,0.603777528013582,-0.01386123966341829,0.13252902240265285,0.6171375430218402,-0.03241580184899617,0.12573787713284137,0.6273539969463576,-0.04805613756964988,0.1226171584147788,0.6361907475996483,-0.03277462234019313,0.10741412167101222,0.6078245857792528,-0.05865632741334981,0.09603760242957449,0.6161563784247692,-0.07350730155161211,0.0876332441477883,0.6231305444211162,-0.0849807244836926,0.08036697009228862,0.6288524336868534,-0.03111887347499903,0.09611812897418598,0.6011787432589285,-0.060113389210033064,0.0822072400648996,0.6073827047346,-0.07625988358600383,0.07251636293769453,0.6156309908473862,-0.08849509575107956,0.06400697314665339,0.6234626129765721,-0.025888569730105282,0.08879032251277644,0.5933123855118366,-0.052733556500317635,0.07497217909773166,0.5968294969087203,-0.0684385249300285,0.06592379997619979,0.6013622601233594,-0.08190828479736906,0.05902991229114292,0.6047531483753043,-0.019255419668515183,0.08427380149314055,0.5852200825368484,-0.03905853410773724,0.07187123695189634,0.5850388243706951,-0.05150608893640202,0.06405650251069069,0.5862401281895844,-0.06279178240711719,0.05806869947098932,0.5874584472585528
0.03748412575329507,0.12252379012139158,0.5894884155239332,0.013772978195020713,0.13694514541738054,0.6012933728924685,-0.011785475505222548,0.13577443995275362,0.6146534089138461,-0.03034003212874306,0.12898329464753464,0.6248698729163237,-0.045980360428509476,0.12586256728863526,0.6337066336524418,-0.030698869083305186,0.11065954414728282,0.6053403959806964,-0.056580589351154925,0.09928304021671877,0.6136721623316681,-0.07143158727983165,0.09087869938015197,0.6206462986906605,-0.08290503240867311,0.08361244539215723,0.626368168931656,-0.029043114629131755,0.09936353936344616,0.5986945418777381,-0.05803761622134471,0.08545262689219729,0.6048985166184725,-0.07418410241250359,0.07576173574606512,0.6131468022827034,-0.08641930865221412,0.06725233545307721,0.6209784222581678,-0.02381279942311551,0.09203571977469593,0.5908281849764205,-0.05065777016056308,0.07821754414520898,0.5943452921809208,-0.06636273044594929,0.06916914940386196,0.5988780524331708,-0.07983247816120545,0.062275242826250216,0.6022689505474891,-0.017179635039268476,0.08751918526755877,0.5827358853620885,-0.03698273561120122,0.07511659868939975,0.5825546200189095,-0.04943028161295562,0.0673018483716254,0.5837559120190131,-0.06071596684901695,0.06131402887704844,0.5849742264956254
0.03899692469422686,0.1261454530075989,0.5857806515052552,0.015285810123345761,0.1405668320095468,0.5975856461712884,-0.010272627315955768,0.13939612971058263,0.6109457135780566,-0.028827176132301763,0.13260498248543584,0.6211621904832408,-0.044467499188942744,0.1294842468436612,0.6299989575741242,-0.029186050642695277,0.11428119139461569,0.6016327041296616,-0.055067773406801496,0.10290469465570419,0.6099644725460321,-0.06991878795563908,0.09450036467338013,0.6169385865934929,-0.08139224857973046,0.08723412289719659,0.6226604412713789,-0.027530291147790403,0.102985154867065,0.594986835995343,-0.056524782500855936,0.08907423179524931,0.6011908348198344,-0.07267128194798031,0.07938335344118658,0.6094391095641063,-0.08490651139309316,0.07087397676797261,0.617270718950015,-0.022299964241455444,0.09565731191131832,0.5871204690425523,-0.04914492554376529,0.08183912370005483,0.5906375988305039,-0.06484989931346333,0.07279074621166613,0.5951703468034106,-0.07831965136189464,0.06589685321165795,0.5985612553090167,-0.01566678572419164,0.09114076187018619,0.579028160837967,-0.0354698858090666,0.07873817444294282,0.5788469003804432,-0.04791743126148271,0.07092342192396883,0.5800481837532098,-0.05920311160033151,0.06493559533542469,0.5812665087286812
0.039629501180074966,0.1276202627811505,0.5828439360088088,0.01591838712350946,0.142041658914541,0.5946489107795025,-0.009640052861902587,0.14087095884839423,0.6080089735110957,-0.028194602991511525,0.13407981134840563,0.6182254478485164,-0.043834928583661587,0.13095907832917864,0.6270622113779257,-0.028553475802338163,0.11575601188504836,0.5986959895765229,-0.054435192127214954,0.10437950936577911,0.60702777010293,-0.06928619851906795,0.09597517320012477,0.6140018940688758,-0.08075965153083961,0.08870892426968005,0.6197237549256999,-0.026897718051696967,0.10445997597364393,0.5920501245141633,-0.05589221419961568,0.09054906186792464,0.5982541210340596,-0.07203871932621833,0.08085819174062749,0.6065023943260085,-0.08427395494368992,0.07234882335585775,0.6143340030746555,-0.02166739451580804,0.09713213536925318,0.5841837556598484,-0.048512361582667,0.08331395970611363,0.5877008907484661,-0.06421734104825114,0.07426559183823721,0.5922336381910593,-0.0776870992049726,0.06737170937054188,0.595624543845337,-0.015034220284243754,0.09261558902718081,0.5760914446466725,-0.03483732651707097,0.08021301135845138,0.5759101881490065,-0.04728487584658589,0.0723982656293253,0.5771114755179815,-0.05857055913843309,0.06641044534920748,0.5783298041436576
0.03878906502257784,0.12649004881234904,0.5808608259546599,0.015077936243783951,0.14091143690396563,0.5926657809788342,-0.010480511422795491,0.13974073575562151,0.6060258289211462,-0.02903506525402544,0.13294958907540733,0.6162422970808261,-0.04467539358249245,0.1298288601694892,0.6250790572198123,-0.02939392095772736,0.11462580655557758,0.5967128472865205,-0.055275635187566396,0.10324929993441097,0.6050446287200465,-0.07012663288744458,0.0948449579625846,0.6120187641981811,-0.08160007779441897,0.08757870246985627,0.6177406329731877,-0.02773816573278043,0.10332978497958759,0.5900669889846374,-0.05673266720064929,0.089418876987607,0.5962709743501632,-0.07287916723987709,0.07972800236678443,0.6045192523215301,-0.08511439338072008,0.07121862463988438,0.6123508657247835,-0.0225078479567159,0.09600195521506866,0.5822006243520742,-0.049352820129635544,0.08218378709696296,0.5857177501110782,-0.06505779440788373,0.07313541294519393,0.5902505029826048,-0.07852755154545027,0.06624152598065491,0.5936414035429735,-0.015874680715197376,0.09148541640259242,0.5741083167677072,-0.03567778809750283,0.07908284059249854,0.5739270586776706,-0.04812533826057552,0.07126809687912078,0.5751283505225074,-0.05941102419676236,0.06528028073703392,0.5763466749905084
0.0367801241085966,0.12370895026813884,0.5793558605469975,0.013068992869715884,0.13813032945585735,0.5911608215072447,-0.012489454817659534,0.136959627141867,0.6045208693076308,-0.031044008620204927,0.13016848070909826,0.6147373376838893,-0.04668433622544363,0.12704775124941303,0.6235740989073646,-0.031402862495960165,0.1118447045113679,0.5952078765742853,-0.05728457929757666,0.10046819986247665,0.603539652711894,-0.07213557934097783,0.0920638597856521,0.6105137854832531,-0.0836090264360205,0.08479760650904926,0.6162356526850405,-0.029747106870891743,0.10054868482969515,0.5885620179178533,-0.05874160699308864,0.08663777374077561,0.594766002628292,-0.07488810371380192,0.0769468947485003,0.6030142819598433,-0.08712332565034372,0.06843751188826891,0.6108458963538372,-0.024516788454838706,0.09322085565166148,0.5806956547777077,-0.05136175881463653,0.0794026830462465,0.5842127767457729,-0.06706672975187142,0.07035430362659936,0.5887455306773123,-0.08053648399456984,0.06346041125570076,0.5921364317456048,-0.017883620348984913,0.08870431631974979,0.5726033489726486,-0.037686725147021344,0.07630173641286095,0.572422088864861,-0.0501342736968228,0.06848698995839321,0.573623379594526,-0.06141995870854386,0.06249917161258066,0.5748417017952498
0.03450905908158003,0.11991752995106934,0.5789436839765002,0.010797934075432752,0.134338911398514,0.590748654695079,-0.01476051016886723,0.13316820939355162,0.6041087091093198,-0.03331506230630302,0.1263770626304534,0.6143251802900742,-0.04895538857435247,0.12325633124143959,0.6231619431989137,-0.033673923580524096,0.10805327978819249,0.5947957136634361,-0.05955564171153224,0.09667677727830909,0.6031274885921178,-0.07440664600953886,0.08827244009343013,0.61010161578855,-0.08588009707220415,0.08100619009663544,0.6158234791995448,-0.032018166761691086,0.09675725396165824,0.5881498519201689,-0.06101266429327415,0.0828463396607961,0.5943538415359202,-0.07715916279397775,0.0731554620226313,0.6026021189739745,-0.08939438834566191,0.06464608257651427,0.6104337314296611,-0.02678784566453049,0.08942942000902784,0.5802834871118888,-0.05363281345889384,0.07561124333896779,0.5838006126917217,-0.06933778621756112,0.06656286594095345,0.5883333643480332,-0.08280754047915553,0.0596689747689415,0.5917242677786677,-0.020154674291646718,0.0849128772202373,0.5721911800378986,-0.03995777818263227,0.07251029585909151,0.5720099203390016,-0.052405326114158685,0.06469554808516725,0.573211208891664,-0.06369100979948464,0.058707727549087534,0.5744295326144409
0.03226487384445437,0.11555129983020947,0.5802631713981758,0.008553750885846811,0.12997268561465347,0.5920681409311469,-0.01700469282775119,0.12880198417946406,0.6054281964105741,-0.035559244725915595,0.12201083725532647,0.6156446679188321,-0.051199571115962794,0.1188901058226147,0.6244814305963139,-0.0359181079405822,0.10368705057044031,0.5961152055334864,-0.06179982511904397,0.09231054749957915,0.6044469826551665,-0.07665082900986653,0.08390620990240612,0.6114211102218291,-0.08812427969163755,0.07663995940797518,0.617142973764638,-0.03426235112050041,0.09239102296351036,0.589469343481863,-0.06325684886354521,0.07848010956574639,0.5956733341343172,-0.07940334912266683,0.0687892340939207,0.6039216106753877,-0.09163857710807394,0.060279857467904846,0.6117532223930595,-0.029032029904486945,0.08506318802474927,0.5816029777513965,-0.05587699812385072,0.07124501275246883,0.585120105578985,-0.07158197265730581,0.06219663802406372,0.5896528564151837,-0.08505172822057039,0.055302749459206574,0.593043759975654,-0.022398858424681922,0.08054664494554702,0.5735106696869539,-0.04220196333777304,0.06814406520225406,0.5733294109552561,-0.05464951189948569,0.060329318458344675,0.5745306996785957,-0.06593519579873103,0.05434149857932308,0.575749024649086
0.030157953412635025,0.11220701095571034,0.5819400026587231,0.0064468279677037665,0.12662839638304146,0.593744967633997,-0.019111617210299803,0.12545769489548203,0.6071050203073551,-0.037666169819298934,0.11866654809516439,0.6173214906069432,-0.05330649682776184,0.11554581752144633,0.6261582524932374,-0.03802503000840951,0.10034276380953519,0.5977920313391054,-0.06390674644618716,0.08896625969404198,0.6061238093352588,-0.0787577483664848,0.0805619207369395,0.6130979394592248,-0.09023119721046907,0.07329566869563792,0.618819804722767,-0.036369273723732,0.0890467386899556,0.5911461706257262,-0.06536377266110033,0.07513582687001161,0.597350159234351,-0.08151027238788411,0.06544495111869268,0.6055984364891293,-0.09374549911985558,0.05693557338794084,0.6134300489646852,-0.031138953692625093,0.08171890574403562,0.5832798055040407,-0.057983923127350734,0.06790073250705539,0.5867969320515452,-0.07368889711235338,0.05885235727587504,0.5913296837843587,-0.08715865286424712,0.051958468567917915,0.5947205863046033,-0.02450578366241274,0.0772023641718175,0.5751874978589353,-0.04430888913723374,0.06479978532597509,0.5750062390902443,-0.05675643807176778,0.05698503933002311,0.5762075288161608,-0.0680421225985054,0.050997220533180475,0.5774258532927041
0.029065734139835764,0.11218984958373202,0.5812327383758522,0.0053546073997631505,0.12661123301115312,0.5930377031929054,-0.020203838238093574,0.12544053126002985,0.6063977549634458,-0.03875839106208284,0.11864938455071342,0.6166142249330723,-0.054398718109454736,0.11552865412667493,0.6254509868033606,-0.03911724992244692,0.10032560235242258,0.5970847642344129,-0.06499896667543431,0.08894909833043259,0.6054165413790756,-0.07984996848002973,0.08054475935238067,0.6123906717241773,-0.09132341721661674,0.07327850730011141,0.618112537189144,-0.03746149371940394,0.08902957840828346,0.5904389038620254,-0.06645599274274977,0.07511866642207934,0.5966428916960349,-0.08260249159999333,0.06542778965649004,0.6048911694613273,-0.09483771705024957,0.05691841049318809,0.612722782382764,-0.03223117392104702,0.08170174620656788,0.5825725392462726,-0.05907614334912986,0.06788357265065877,0.5860896645914632,-0.07478111645480778,0.058835196145600725,0.5906224168279988,-0.08825087165125878,0.05194130624625075,0.5940133191324739,-0.025598004158311927,0.07718520499284248,0.5744802321090412,-0.04540110925961666,0.06478262555703322,0.5742989729008056,-0.05784865796786681,0.056967879212215966,0.5755002627019629,-0.06913434249364636,0.05098006028444856,0.576718586543912
0.02950678195474976,0.11602802869439646,0.577208478258438,0.005795656134070293,0.1304494119792009,0.5890134450963845,-0.01976278891640168,0.12927871021166332,0.6023734979891832,-0.03831734145402363,0.12248756346057407,0.6125899684511257,-0.053957668229829586,0.11936683267380567,0.6214267306739638,-0.038676201470623756,0.10416378050191255,0.5930605061371036,-0.06455791860365676,0.09278727696276498,0.6013922827604882,-0.07940892127482604,0.08438293859168561,0.6083664119917177,-0.09088237081969039,0.07711668723177335,0.6140882767151624,-0.03702044503972837,0.0928677556197935,0.586414645215936,-0.06601494354024942,0.07895684290051011,0.5926186338496312,-0.08216144250466026,0.06926596610673089,0.600866911372017,-0.09439666832319685,0.060756587222153456,0.60869852402094,-0.03179012474499707,0.08553992263666399,0.5785482804036595,-0.058635093626790896,0.07172174811930469,0.5820654061411096,-0.07434006684538433,0.06267337164692294,0.5865981580516474,-0.08780982187309663,0.0557794816313681,0.5899890607901561,-0.025156954372392265,0.08102338080110151,0.570455973155194,-0.04496005916511167,0.06862080087330652,0.5702747138969972,-0.057407607671826816,0.06080605414008397,0.5714760032597325,-0.06869329191593113,0.05481823470696155,0.572694327227201
0.0304277751558307,0.12066633771742866,0.5725615901440001,0.006716650055448359,0.13508772187791496,0.5843665573589498,-0.018841794699760744,0.1339170202261422,0.5977266108267449,-0.03739634709756193,0.12712587342789886,0.6079430815112772,-0.05303667381478863,0.12400514251904855,0.616779843794682,-0.03775520788540057,0.10880208941759395,0.5884136195945985,-0.06363692493456077,0.09742558590961038,0.5967453965210768,-0.07848792778886274,0.08902124763984146,0.6037195254844225,-0.08996137750430602,0.08175499638969091,0.6094413900052108,-0.03609945138337631,0.09750606386606826,0.5817677584373421,-0.06509394976615338,0.08359515111037144,0.5879717475396686,-0.08124044913691916,0.07390427476738541,0.5962200247962256,-0.0934756755862762,0.06539489656774057,0.6040516372038343,-0.030869130909055437,0.09017823043071795,0.5739013933683156,-0.05771409971110722,0.07636005591086037,0.5774185197045929,-0.07341907334131606,0.06731168001496354,0.5819512713397668,-0.08688882859268135,0.06041779051634155,0.5853421742408066,-0.024235960324094225,0.08566168834015209,0.5658090858751441,-0.04403906523766729,0.07325910860255168,0.5656278268065876,-0.056486613815389136,0.06544436196703611,0.566829116069177,-0.06777229801727033,0.05945654251613037,0.5680474403403689
0.030637501971674252,0.12143286794184958,0.571281753447324,0.006926376567869513,0.13585425229892323,0.5830867198126697,-0.01863206840616463,0.13468355067204482,0.596446772864023,-0.03718662091127459,0.1278924038854029,0.6066632433613792,-0.052826947741471536,0.12477167312080827,0.6155000054957805,-0.03754548129714311,0.10956862005699894,0.5871337822296154,-0.0634271981630917,0.09819211633710263,0.5954655594358665,-0.07827820065632865,0.08978777781035123,0.6024396888583964,-0.08975165003496119,0.08252152626618915,0.6081615536811876,-0.03588972488657613,0.09827259482494077,0.5804879212828243,-0.06488422348609382,0.08436168239263284,0.5866919100973278,-0.08103072287031085,0.07467080613055613,0.5949401874226133,-0.09326594924995826,0.06616142790957585,0.6027717999159466,-0.03065940460776359,0.09094476167170093,0.5726215562630913,-0.05750437364283792,0.07712658758282841,0.5761386825140561,-0.07320934728471559,0.06807821175956598,0.5806714342537943,-0.0866791026456539,0.0611843223913575,0.5840623369847127,-0.02402623426426978,0.08642821982151383,0.564529248782771,-0.04382933933459279,0.07402564033344766,0.5643479897653466,-0.05627688801348743,0.066210893886989,0.5655492792094731,-0.06756257233535104,0.06022307466012241,0.5667676034703413
0.030241565611466098,0.11688844925045644,0.5746110114567976,0.006530439838547508,0.13130983324441609,0.586415977524345,-0.019028005301094886,0.1301391315693683,0.5997760302546608,-0.03758255788518605,0.12334798480563923,0.6099925006238066,-0.05322288475877168,0.12022725411766187,0.6188292627084713,-0.03794141786416266,0.10502420147660918,0.5904630394326279,-0.06382313473999862,0.0936476977106418,0.598794816545258,-0.07867413709639676,0.0852433590995226,0.6057689461575089,-0.09014758634749542,0.07797710746159395,0.6114908111169551,-0.0362856614993573,0.09372817659326216,0.5838171786236301,-0.06528016018452204,0.07981726422626093,0.5900211671842941,-0.08142665938846111,0.07012638777418356,0.5982694446392534,-0.09366188547452942,0.06161700924267136,0.6061010572538355,-0.03105534133072435,0.08640034368563418,0.5759508137265545,-0.057900310436861335,0.07258216966314496,0.5794679396959314,-0.07360528389583093,0.06353379359223603,0.5840006915750481,-0.08707503917301762,0.05663990401184894,0.5873915942072843,-0.024422171119070635,0.0818838019862563,0.5678585063579701,-0.04422527615890759,0.06948122245064357,0.5676772472632046,-0.05667282482126462,0.06166647598897593,0.568878536779752,-0.06795850918024054,0.055678656804013495,0.5700968609027889
0.029767668339838627,0.11142444930691836,0.5785348549186246,0.006056542647159574,0.12584583315769218,0.59033982132226,-0.019501902419382322,0.12467513146418117,0.6036998741908026,-0.03805645496728827,0.11788398469871664,0.6139163446245123,-0.05369678179675902,0.11476325395761951,0.6227531067684972,-0.038415315064998234,0.0995602013636935,0.5943868830721772,-0.06429703202453091,0.08818369768582639,0.6027186600451082,-0.07914803452220309,0.07977935917722923,0.6096927894800707,-0.09062148390510294,0.07251310765701259,0.6154146543247135,-0.03675955866608921,0.08826417638981855,0.5877410221896179,-0.06575405726698058,0.07435326388761514,0.5939450108409782,-0.0819005564375857,0.06466238737046585,0.6021932882847378,-0.09413578251047416,0.05615300880150318,0.6100249008792191,-0.031529238426423745,0.08093634339281126,0.579874657289,-0.05837420743877392,0.067118169187009,0.5833917832540132,-0.07407918086481102,0.05806979304601176,0.5879245351073219,-0.08754893608015446,0.05117590337498387,0.5913154378009415,-0.024896068126397608,0.07641980160842182,0.5717823499315693,-0.044699173091290845,0.06401722195365346,0.5716010908021514,-0.057146721705751635,0.05620247540486081,0.572802380248217,-0.06843240601651607,0.05021465612572639,0.5740207043550143
0.029269455563367713,0.11162598278035502,0.576266077540954,0.005558330048445359,0.12604736677236117,0.588071044129092,-0.020000114932725688,0.12487666509766598,0.6014310971626021,-0.03855466743971658,0.11808551832165856,0.6116475676636113,-0.05419499424304047,0.11496478753814263,0.6204843298388936,-0.03891352773796164,0.09976173476167921,0.5921181060832446,-0.06479524470573222,0.08838523111782295,0.6004498830770252,-0.07964624728619102,0.07998089266260269,0.6074240124000215,-0.09111969674626835,0.07271464120228022,0.6131458771659688,-0.03725777131335711,0.08846570961764358,0.5854722451277238,-0.06625226986306088,0.07455479706566653,0.5916762339067054,-0.08239876910950178,0.06486392062390928,0.5999245112905899,-0.09463399531211147,0.05635454218859847,0.6077561238276277,-0.03202745101350235,0.08113787649690596,0.5776058801715381,-0.05887241997976772,0.06731970223356168,0.5811230062622277,-0.07457739348288145,0.05827132619306002,0.5856557580490944,-0.08804714872643615,0.051377436603502705,0.589046660796284,-0.025394280640943012,0.07662133463198151,0.5695135727656652,-0.04519738560816572,0.06421875498050214,0.5693323136656998,-0.05764493422279343,0.05640400842534002,0.5705336030686002,-0.06893061850960669,0.05041618911314489,0.5717519272347775
0.028681127034654363,0.11660920629213514,0.5692035308734441,0.004970001510649108,0.13103059036976955,0.5810084973387317,-0.020588443490391573,0.12985988870620724,0.5943685503352059,-0.03914299600742166,0.12306874192938196,0.6045850208174387,-0.05478332282657872,0.11994801116327534,0.6134217829708458,-0.03950185628276259,0.10474495833802686,0.5850555593948635,-0.06538357321422922,0.09336845465979382,0.5933873364544788,-0.08023457574384024,0.08496411616665883,0.6003614658400624,-0.09170802515647053,0.07769786466259329,0.6060833306456005,-0.03784609986956794,0.09344893320884035,0.5784096984612984,-0.06684059844933049,0.07953802070998583,0.5846136872189138,-0.08298709772221063,0.06984714430884012,0.5928619645987563,-0.09522232395037694,0.06133776591057066,0.6006935771361144,-0.03261577959246825,0.08612110010946734,0.5705433334982877,-0.05946074859383349,0.07230292591965479,0.5740604596099658,-0.07516572212339412,0.06325454992581676,0.578593211398351,-0.08863547739896738,0.05636066038926305,0.5819841141261117,-0.025982609248574484,0.08160455827048897,0.5624510260800748,-0.04578571424977412,0.06920197867296794,0.5622697670001167,-0.05823326288591618,0.06138723215593066,0.5634710564281029,-0.06951894719073298,0.05539941288098026,0.5646893806105583
0.028422575497820735,0.11734798356939484,0.5670330083631521,0.004711449892688041,0.1317693675966305,0.5788379747270583,-0.0208469951496639,0.13059866592631209,0.59219802764391,-0.03940154768657114,0.12380751915409312,0.6024144980931052,-0.05504187451985679,0.12068678840965442,0.611251260229158,-0.03976040786847182,0.10548373565891558,0.5828850367070006,-0.06564212479074508,0.09410723196021754,0.5912168137672306,-0.08049312727551347,0.08570289343739323,0.5981909432125261,-0.09196657664633265,0.07843664189983189,0.6039128080593669,-0.03810465146853345,0.09418771060832168,0.576239175809495,-0.06709915007581355,0.08027679813984277,0.5824431645066164,-0.08324564931867293,0.07058592171102154,0.5906914419127104,-0.09548087549250864,0.06207654325839686,0.5985230544758892,-0.03287433122188402,0.08685987756769656,0.5683728108703814,-0.05971930024924069,0.07304170341483543,0.5718899369288521,-0.0754242737482251,0.06399332738297527,0.5764226887472765,-0.08889402901598956,0.05709943781789545,0.5798135914480612,-0.026241160914873635,0.08234333576877981,0.5602805034720342,-0.04604426592017316,0.0699407561779539,0.5600992443818914,-0.058491814559498284,0.06212600966954765,0.5613005338330429,-0.06977749887778731,0.05613819041507016,0.5625188579913216
0.02870386425491464,0.11014063633111784,0.5735511336748726,0.0049927386415716535,0.12456202031230358,0.5853561000785442,-0.020565706398121497,0.1233913186359671,0.598716152999955,-0.039120258933534546,0.1166001718648127,0.6089326234525714,-0.054760585761855995,0.11347944111584436,0.6177693855958107,-0.039479119111561434,0.0982763883982764,0.589403162001195,-0.06536083604873061,0.08689988471190294,0.5977349390319808,-0.08021183854952169,0.0784955462015935,0.6047090684582384,-0.09168528793529696,0.07122929467858546,0.6104309332935707,-0.03782336270851133,0.08698036335292186,0.5827573010992995,-0.06681786130647238,0.073069450865209,0.5889612897968461,-0.08296436053292339,0.06337857441397592,0.5972095672087289,-0.09519958668706546,0.05486919593650117,0.6050411797756742,-0.032593042456263766,0.07965253031160771,0.574890936166867,-0.059438011471808494,0.06583435613135145,0.5784080622078634,-0.075142984954297,0.05678598007279759,0.582940814030156,-0.08861274020651355,0.049892090479617235,0.586331716735572,-0.025959872141977702,0.07513598850711674,0.5667986287770643,-0.04576297713265398,0.0627334088930957,0.566617369676403,-0.058210525762808385,0.05491866236889119,0.5678186591198072,-0.06949621007506013,0.04893084310080394,0.5690369832671216
