# right_hand_wrist_x, right_hand_wrist_y, right_hand_wrist_z,right_hand_thumb_cmc_x, right_hand_thumb_cmc_y, right_hand_thumb_cmc_z,right_hand_thumb_mcp_x, right_hand_thumb_mcp_y, right_hand_thumb_mcp_z,right_hand_thumb_ip_x, right_hand_thumb_ip_y, right_hand_thumb_ip_z,right_hand_thumb_tip_x, right_hand_thumb_tip_y, right_hand_thumb_tip_z,right_hand_index_finger_mcp_x, right_hand_index_finger_mcp_y, right_hand_index_finger_mcp_z,right_hand_index_finger_pip_x, right_hand_index_finger_pip_y, right_hand_index_finger_pip_z,right_hand_index_finger_dip_x, right_hand_index_finger_dip_y, right_hand_index_finger_dip_z,right_hand_index_finger_tip_x, right_hand_index_finger_tip_y, right_hand_index_finger_tip_z,right_hand_middle_finger_mcp_x, right_hand_middle_finger_mcp_y, right_hand_middle_finger_mcp_z,right_hand_middle_finger_pip_x, right_hand_middle_finger_pip_y, right_hand_middle_finger_pip_z,right_hand_middle_finger_dip_x, right_hand_middle_finger_dip_y, right_hand_middle_finger_dip_z,right_hand_middle_finger_tip_x, right_hand_middle_finger_tip_y, right_hand_middle_finger_tip_z,right_hand_ring_finger_mcp_x, right_hand_ring_finger_mcp_y, right_hand_ring_finger_mcp_z,right_hand_ring_finger_pip_x, right_hand_ring_finger_pip_y, right_hand_ring_finger_pip_z,right_hand_ring_finger_dip_x, right_hand_ring_finger_dip_y, right_hand_ring_finger_dip_z,right_hand_ring_finger_tip_x, right_hand_ring_finger_tip_y, right_hand_ring_finger_tip_z,right_hand_pinky_mcp_x, right_hand_pinky_mcp_y, right_hand_pinky_mcp_z,right_hand_pinky_pip_x, right_hand_pinky_pip_y, right_hand_pinky_pip_z,right_hand_pinky_dip_x, right_hand_pinky_dip_y, right_hand_pinky_dip_z,right_hand_pinky_tip_x, right_hand_pinky_tip_y, right_hand_pinky_tip_z,
-0.3591038932818529,-0.07972954932062792,0.8637244629371519,-0.3359975009376793,-0.0730985579488633,0.8472418533227746,-0.3130563401085441,-0.06651282202605033,0.8308754361027499,-0.2965695381442166,-0.061781017614292416,0.81911270406428,-0.28306046580563343,-0.05790424629745042,0.8094783706811666,-0.3039179242965241,-0.06388452192532976,0.824339618260475,-0.2820436991626045,-0.05760097947443091,0.8087292421834975,-0.267949757636353,-0.05355368388600959,0.7986738438601892,-0.25674354108216874,-0.05033641299606473,0.7906795562380466,-0.3062706045453879,-0.0645639493973364,0.8260140725542839,-0.2818979165151725,-0.05756491992219398,0.8086196545628475,-0.26605054060430916,-0.05301832066583853,0.797313416935632,-0.25388022525771353,-0.04952728244880891,0.788629999894942,-0.30985422010260466,-0.06560172306342565,0.8285649130452906,-0.2866247421166456,-0.05893019704709168,0.8119874752881446,-0.2722076093137441,-0.054793375637066766,0.8017014705258381,-0.2598714209449544,-0.05125460611301255,0.7928998865911925,-0.3135315624006415,-0.06672329870570862,0.8311748326127608,-0.29660884991792824,-0.061855513861092976,0.8190924784723437,-0.28539718144030835,-0.0586362919725926,0.8110928644080819,-0.2759666922774948,-0.055929695532459495,0.8043644491148014
-0.36828740181964265,-0.08275117804533287,0.8533285917700145,-0.3450793445886757,-0.07613246466832495,0.8369844629699702,-0.3220582118540917,-0.06952523368433704,0.820739453373356,-0.3055145663654676,-0.06479132851240056,0.8090576550194736,-0.2919311363112932,-0.06092333407669308,0.7995248790314508,-0.3128043664910398,-0.06671524188637203,0.814441529674195,-0.29087578296531824,-0.06040501226378682,0.7989184275721016,-0.27674711473118874,-0.056373827197163676,0.7889053808002954,-0.2655205357125489,-0.053173447149763006,0.7809329127310877,-0.3151122148290789,-0.06732288361467072,0.8162099632655601,-0.29067457881807046,-0.06028777462853123,0.7989215480571169,-0.2747919411166199,-0.05576021470008875,0.7876572274792929,-0.26260338092205243,-0.05228516397062115,0.7789930092351628,-0.3185909638589052,-0.06822321211174996,0.8189698666559774,-0.2952951787052689,-0.06150517285178016,0.8025046399021197,-0.2808483055978661,-0.05738315185703664,0.792254483613427,-0.2684943713031279,-0.053858477838046356,0.7834721551366278,-0.3215939915140724,-0.06867665255475493,0.8228800861004425,-0.30465211707356354,-0.06377057227285456,0.8108401494166354,-0.29342325044993534,-0.06056271301104134,0.8028601169541852,-0.28398318761268837,-0.05786871296422484,0.7961400767850259
-0.37381315223326667,-0.0840892090511316,0.8485363323075145,-0.3507872106435218,-0.07742356826947186,0.831955407112858,-0.3278982717468729,-0.07084691803345836,0.8155123983154448,-0.31145215069856713,-0.06611736300378099,0.80369195463948,-0.29801103521668815,-0.06222142618039003,0.7939706963927263,-0.31882677184576746,-0.06835271609181862,0.8088301260239105,-0.29697598201394426,-0.06209662892673942,0.7931759627018181,-0.2828966670140981,-0.05804013990909948,0.7831037925905305,-0.2716977238185964,-0.05480707020573605,0.7751056873385836,-0.32119481844226416,-0.0690311130179376,0.8104838677948699,-0.2968493503515453,-0.062047360100572296,0.7930452471124333,-0.28102489241576023,-0.05746845651819635,0.7817199625525187,-0.26886385917774214,-0.05395112197505389,0.7730341532484687,-0.3248276363987137,-0.07003604676495775,0.8129800726645772,-0.3016235143202203,-0.06338053363771223,0.7963607401551692,-0.28722634121313073,-0.059218153357925185,0.7860571048483435,-0.2749019487083031,-0.05565403739346869,0.7772492254354483,-0.32882451270602897,-0.07081322434899481,0.8152910488084056,-0.3118962839542782,-0.06597847699267415,0.8032031582575506,-0.30069763413690587,-0.06274141129995767,0.7951925170369308,-0.29127619852702746,-0.060015468641012926,0.7884592303084753
-0.37565232065191945,-0.08274144683767878,0.8518403998222384,-0.35276763391252214,-0.07606872578299984,0.8350678704959453,-0.32999285369614806,-0.06952461484592543,0.8184542499214795,-0.3136251404307345,-0.0647949920400587,0.8065254986210977,-0.3002826396536671,-0.06089255358051604,0.7966718993744988,-0.3210633293728564,-0.0672759682591173,0.8114846931665023,-0.29928880849234996,-0.06105911171186046,0.7957090978591443,-0.2852616752556292,-0.05698280416772622,0.7855723294031343,-0.27409519007986405,-0.053729869255176727,0.7775369837790658,-0.32348799046012555,-0.06805846782200006,0.8130239323704085,-0.2992335002390938,-0.06113172774361034,0.7954364342914539,-0.2834597820792192,-0.056530978196523335,0.7840493883023052,-0.2713265126434088,-0.0529936823314866,0.7753329116212082,-0.32723729949764074,-0.06925804898598181,0.815295859318651,-0.30412798916232386,-0.0626784383798045,0.7985149818214543,-0.2897729945324405,-0.0584996852974026,0.7881592560884374,-0.2774743760884545,-0.05491863084812626,0.7793222686846997,-0.3316968006050439,-0.07073720671432626,0.816779184673176,-0.31479130091905516,-0.06596858852389564,0.8046333553659022,-0.30361477549735005,-0.06272281233403518,0.7965953866411617,-0.29420551592538974,-0.059983941589451834,0.7898503303885813
-0.376949316154812,-0.07745783217760199,0.8606302798035552,-0.35369024603548077,-0.07090051553947035,0.8443339891481154,-0.33065221840870385,-0.06429988311753351,0.8281102619206397,-0.3140867074433879,-0.059557736791136684,0.8164628428207719,-0.30044581537099807,-0.055722628430766974,0.8069990814986139,-0.3213454043354611,-0.061411086424777356,0.821920733211746,-0.2994214001079729,-0.05508393940812159,0.8063980491181681,-0.28530350441747154,-0.051059945929799344,0.7963669314075446,-0.27408918103753915,-0.04787797609518896,0.788369883506848,-0.3236619590514123,-0.062093843476402705,0.8236460833583639,-0.29923183097849854,-0.055076092259210535,0.8063400115086472,-0.2833441483644391,-0.05059097042765073,0.7950658321304331,-0.2711599225057032,-0.04714700132122876,0.7863831267923367,-0.3271265956114312,-0.06321310692094603,0.826335906334525,-0.30384682657568307,-0.05652875142954844,0.8098343580803256,-0.28939354474839535,-0.052441608341259216,0.7995792710791356,-0.27703727541291323,-0.048948846439238886,0.7907874831279811,-0.3297971486753499,-0.06538661925981576,0.8300290175429645,-0.3128688515684653,-0.06048859502597426,0.8179667240501729,-0.30162986437780887,-0.0573129946931705,0.8099880365483876,-0.29218128926318765,-0.0546473546913733,0.803268650104469
-0.37988643755068596,-0.06767315831238449,0.8688211837039975,-0.3562584826268399,-0.06116171826384262,0.8530454831475657,-0.33292610148501944,-0.05448173998436895,0.8372814014777766,-0.3161527932228251,-0.04973965612316689,0.8259352458466539,-0.3022383843585142,-0.045939653324704455,0.8168636431372315,-0.3232276039242394,-0.05090398844839869,0.8319932925021268,-0.3011105963126096,-0.044464782455611085,0.8167938493315409,-0.28686164961886434,-0.04049506971685374,0.8069277597487124,-0.27556714201009486,-0.037372236792340446,0.7990207521968552,-0.3253510794952228,-0.0512897772778976,0.8341671087601535,-0.3006877937850564,-0.044125639070218436,0.8172562372748368,-0.2846660020480379,-0.039717384708383346,0.8061426698746662,-0.2724110514727147,-0.03634024261770363,0.7975335611712852,-0.3283033999773456,-0.0517565474683582,0.8380450327821892,-0.30478051382342225,-0.0448780534335082,0.8219736452788987,-0.2902150344061176,-0.040849532591743204,0.8118550123289062,-0.27779070575594,-0.03741577661034726,0.8031361998853536,-0.3258814215503386,-0.04799446143611974,0.8675229282154518,-0.3089035312954937,-0.042908795555868184,0.8556089006139483,-0.2976023378051377,-0.03976884912944628,0.847704314164973,-0.28811851248616666,-0.03714907089184041,0.8410166253412054
-0.3854332586802899,-0.05463537777554525,0.8718524117815799,-0.3625228554115316,-0.0478692413364572,0.8551525718666054,-0.33968639546582247,-0.04128932556148829,0.8386380571599744,-0.32329401720093776,-0.03657482162908279,0.8267372225462509,-0.3099691453913842,-0.03262582651891027,0.8168783179464519,-0.330737866624076,-0.038975546500878144,0.8317163204362655,-0.3088988343553665,-0.03275210211227672,0.816032765937538,-0.29481361010384055,-0.028678117983679807,0.8059759306564963,-0.2836015400176305,-0.025410004623283383,0.798010525740887,-0.33309704282541897,-0.03955938904863571,0.833419867805533,-0.3087622028902547,-0.032558259242429916,0.8159733822156064,-0.2929570272479536,-0.02790751768951677,0.8046504442900858,-0.2807949945365818,-0.024337036300654896,0.7959877496775417,-0.3367543171434222,-0.04028878267805841,0.8359935831396158,-0.3135474333585232,-0.033592960890078155,0.81939431011166,-0.29917007262668005,-0.029371529413436043,0.8090870350944889,-0.286855132507984,-0.02575351876960666,0.800287912307113,-0.340988351642112,-0.03963457657971234,0.8386092992150639,-0.32404904168085613,-0.034792799027596105,0.8265397600021188,-0.3128724157152832,-0.0315006924434921,0.8185207955389745,-0.30346784935507887,-0.028725944015323107,0.8117838626140136
-0.396066078303279,-0.04010301253748863,0.872935673704444,-0.3742343691557778,-0.033184917646945006,0.8549060238958757,-0.3522004326573494,-0.02681265571021882,0.8372586923512435,-0.33637414105171054,-0.0221145788976215,0.8246086707984099,-0.32381783288635396,-0.018079342288799122,0.8138197523263593,-0.34417480024984654,-0.026184685556444154,0.8286491352052174,-0.3228215920196499,-0.0202518841304635,0.8122025295455666,-0.30905886316420705,-0.016041808539373092,0.8017625399509976,-0.2980387501221688,-0.012614408746950426,0.7935986686127352,-0.34670131777624846,-0.027167240540056647,0.8300496435371307,-0.32293150796097636,-0.02050263612379777,0.8117149959541119,-0.30747062717586093,-0.01563274322494862,0.8000151153631248,-0.29548520081616403,-0.011871814533124428,0.7911884157918136,-0.3506095227034512,-0.028420759065152873,0.8322104206245353,-0.3279703358137684,-0.02214946669181206,0.8146870802346178,-0.3138829822634124,-0.017758375733038567,0.8040553497195897,-0.30174384865216763,-0.013968264633053118,0.7950860238814141,-0.3549272223236979,-0.02892917553670099,0.8343582421332478,-0.3380966306666471,-0.02449794312701495,0.8219827755785898,-0.32707904904698437,-0.02109880145486412,0.8137902511847714,-0.3177695740812643,-0.018191101380321123,0.8069777392664208
-0.4129799060485357,-0.025139327448611665,0.8809987160686342,-0.38985067999715517,-0.018706065302677766,0.8644698360744819,-0.3669747531175125,-0.012177053563189141,0.8479897764400005,-0.35049620792123,-0.007412412475213667,0.8362287296954384,-0.3368991418334008,-0.003636767152534595,0.8266783858676131,-0.3577835132459136,-0.009553337159974362,0.8415252162932844,-0.33600005731285654,-0.0032642199535001526,0.8257906516478263,-0.3219990456854591,0.0007755749541763501,0.8156032793036326,-0.3108712211705142,0.003949625093295411,0.8074832002828934,-0.36024052273499185,-0.010604110095528668,0.8429105254214263,-0.33598400161877967,-0.0037322805084068766,0.8253042977125381,-0.320175592478953,0.0006999858520181229,0.8138985486043356,-0.30805090128272683,0.0041136736209465286,0.8051210629630309,-0.36396960015319835,-0.012615321009938646,0.8449091204712288,-0.3408926815334638,-0.0061512659010387605,0.8280389939735974,-0.3264998399351087,-0.0021110020544899827,0.8176808434446631,-0.3141844528455491,0.0013439882638861117,0.8088170634548687,-0.3684631186725412,-0.02000312367452098,0.8449799239765788,-0.3515946389213067,-0.015262045596566326,0.8327720012138219,-0.34037115469249735,-0.012145870346263646,0.8247481880073931,-0.33092486603730575,-0.009520742260031356,0.8180096647513523
-0.43340293146118597,-0.008997475842978664,0.8991256488273632,-0.407712191879934,-0.003241889724960048,0.8866192120189983,-0.3827861630361828,0.0037804378473415556,0.873699908941782,-0.36479778163835985,0.008553322216237988,0.8644152879749071,-0.3491715905001422,0.01178603862507864,0.8584389625017558,-0.3707535878244813,0.01194020279640741,0.8771166640416611,-0.34761102194396915,0.01915002534934554,0.8639224010676404,-0.33272159749664265,0.022735543480900997,0.8548902405220408,-0.3210796304258373,0.025367498753363915,0.8473155345746034,-0.37183065024120426,0.013547653224421502,0.8871257861917295,-0.3458706464629048,0.021445530328343496,0.8726592090652997,-0.3290805162087798,0.025064083740692425,0.8624298642870324,-0.316477636166086,0.027822068576215137,0.8541072091069001,-0.38974012751171866,0.01371843442427692,0.937058045319216,-0.3648751069303805,0.021536547228904496,0.9236588956020669,-0.3496494057760038,0.024944628243768335,0.9143137411486152,-0.33684154842972414,0.02779755523112558,0.9059476243208745,-0.46930278888119836,-0.01878950309538223,0.9429525215285975,-0.45213420645318725,-0.012491647961946031,0.9319237588250419,-0.4403870644143033,-0.009851025566164268,0.9245014618707444,-0.43064178405432596,-0.00773191448286252,0.9180153041929972
-0.45204841586066435,0.009834647513700695,0.9207426314722116,-0.42813956593420577,0.016663989927750505,0.9055347778820102,-0.4044383552795433,0.023515144050268943,0.890407230455345,-0.38745934608122445,0.028194977992534967,0.8793447317354739,-0.37345428162810657,0.03215535917518225,0.8704836752758138,-0.3945019998198954,0.027743205200062362,0.8858798200728082,-0.37205270978571947,0.0342670687769709,0.8712129508364086,-0.3575177837080948,0.0381958964514174,0.861756151071777,-0.3460066714169002,0.04134187788977059,0.8541775066921304,-0.3963369618088255,0.02838423457092229,0.8891899442648006,-0.37126054399042974,0.035916274394288586,0.8730647540901268,-0.35504462971907597,0.04046890830451548,0.8622963026617771,-0.3426388403744107,0.04393043267686925,0.8539404726774922,-0.39896831928520726,0.030836072170936743,0.8961913944051854,-0.3749656571840632,0.038279393960154826,0.881111655605084,-0.36025225307925646,0.042435764088582933,0.871262329201248,-0.3477259073383136,0.04597377074626656,0.8627332328691741,-0.4399740878187718,0.04523953852713808,0.9644024828911366,-0.42285098686932965,0.05073920567606771,0.9528868464012721,-0.41151422902666956,0.05404194205518427,0.9451004108352679,-0.4020270413188142,0.05677420025776389,0.9384626855465195
-0.4638105445842168,0.028799704269096865,0.9390152527818646,-0.44727763952498756,0.0366938049901846,0.9163459330403484,-0.4285451154601981,0.042313020323106076,0.8950141409998859,-0.4151147505870467,0.046767862788433895,0.8797712359291959,-0.405858369693325,0.051165764065738736,0.8661579098060709,-0.422028557036563,0.03764059441052503,0.8840259244145506,-0.4023114175761408,0.04249605057036557,0.8653361563800234,-0.38955601068998663,0.047217859642189774,0.853884739916383,-0.379074714921446,0.05136529679524632,0.845353622750506,-0.42265833222904403,0.037391243549261405,0.8872841573590488,-0.40060175753118243,0.04322731833972729,0.8666679536272589,-0.3864131110025647,0.04920190157023009,0.8539153632139779,-0.3750273278749633,0.053917505004514574,0.8447593443306051,-0.423957276471248,0.037830822105805045,0.8922020531160645,-0.4028345649511933,0.043245494806087525,0.8726203849780282,-0.38984888566635223,0.048522165369986645,0.8610316928656084,-0.37838270309101296,0.053215353165976434,0.8516150608544376,-0.42443366143950556,0.04020866134386941,0.8987067536342533,-0.40784199317212005,0.043719462510574875,0.8857280161026829,-0.3974428107155758,0.047744675341026624,0.8770266719133258,-0.3885602760917588,0.05135963713217494,0.8699865020003362
-0.46734880498403475,0.044502719000791,0.9535737320237081,-0.4482450475433414,0.051040230962229066,0.9325532843016335,-0.42847796009208466,0.05669417220910902,0.9121860657255885,-0.41400452709029256,0.061421408705291475,0.8980178107426087,-0.4028800400766961,0.06530333636019135,0.8857084160623012,-0.4218301131696601,0.05410626144021516,0.9017708100565491,-0.40193447807755295,0.05938576591253425,0.8833876925566584,-0.3892188495148273,0.06384333074645651,0.8717871007281344,-0.3788795061412591,0.06746833361264569,0.8628542350710413,-0.42423029758396713,0.05220887075188771,0.9033259966782052,-0.40210304977571365,0.05779080802198355,0.8827151501789035,-0.3875373682814688,0.06277027586777773,0.8699602405390008,-0.3760846657015293,0.0666946705983536,0.8605188219705355,-0.42740443781927717,0.0501229627182421,0.9063066174092298,-0.40647596682711123,0.054971398288976514,0.8863711935630878,-0.3931141500670546,0.05942378028353243,0.8748643672825551,-0.38142961898529937,0.06332312245670516,0.8653544158111088,-0.42925461986515356,0.04947958852137069,0.910800584358815,-0.4128229961729154,0.052807439508263276,0.8975724340993789,-0.40210353791087916,0.05613206919756927,0.8889643694624214,-0.3929452893974833,0.059077416786150166,0.8819655999814442
-0.46537870864512665,0.0588461918513533,0.9666954085192991,-0.4397301967196404,0.056975267932997495,0.9804142026767744,-0.4196779728037179,0.06169129381154166,1.0007414210401362,-0.4065217090833765,0.06295389203592495,1.0168002207354916,-0.399440171831824,0.05996179265145324,1.0320069278891608,-0.46055077117851617,0.06897749784377151,1.0354105430598053,-0.45609421684795226,0.07476246943131591,1.06202485686716,-0.4461904483644798,0.0680640108099477,1.075184524290368,-0.43791605478103446,0.05778660552407458,1.0802587835900341,-0.48373018793814565,0.06078757259667718,1.0307491329319507,-0.4891445862068479,0.061528712821125556,1.061009918037901,-0.4783677049268234,0.05028973535446671,1.073547306630481,-0.46724305963844187,0.03991346654363731,1.0756163565921748,-0.497399540190349,0.053604136766493754,1.0196907567798261,-0.5080848586880742,0.05298045134449443,1.046973797933176,-0.49721675904834006,0.04367262722937587,1.0581995595584717,-0.4851419663299053,0.03434642328453512,1.0612644598438512,-0.5037563570364796,0.04784577634984756,1.008067201978166,-0.5182785316470777,0.04790417846433881,1.0237247829667102,-0.5198951655970195,0.039217273698454166,1.034769370105075,-0.516977229337171,0.02894898612501713,1.0400209680324868
-0.4621637462079633,0.07641862056830634,0.9778941650037083,-0.444690324966681,0.07290948171384576,1.0009574979818379,-0.4371773213981518,0.07446981397716834,1.0288617724045943,-0.4344408743723429,0.07287566973321645,1.0494174781530075,-0.4328588507641712,0.0694128809387187,1.0660262428902485,-0.46974007864222844,0.08276425216710469,1.0468148019905443,-0.4759614557866751,0.08342824788545972,1.073694200204025,-0.4786054221997522,0.07655757925707499,1.0898785809141818,-0.48258024075691014,0.06868040971164092,1.1009234789858826,-0.48460796205633694,0.07790045371210583,1.0406435610809446,-0.4962326552286767,0.07652688092184172,1.0690787491251923,-0.49986051917322927,0.06735235804934293,1.0864657739023926,-0.5040198536188826,0.05826866076687689,1.0981230478384638,-0.4942736055724069,0.07295054829649941,1.0309813493133693,-0.5076656271753279,0.0715049655977116,1.0570100526526962,-0.5110859025462016,0.06355021897239498,1.0730035709060244,-0.5147931605633758,0.05477711891199077,1.085310530981424,-0.50003405683917,0.06779148809057207,1.0202839100980912,-0.5146485828331353,0.06667266296203209,1.0358151904362978,-0.5216509990706538,0.060795446777869785,1.046607929734444,-0.5275462200867596,0.05430788870943156,1.0546508969716295
-0.4603423257839382,0.09777080904855782,0.9849691281270192,-0.4441981772121096,0.09514558526195485,1.0090943535227797,-0.4376850493297573,0.09672142020270492,1.0372479376619408,-0.43653846806225616,0.0948467035850945,1.0579297476893925,-0.43631250720211534,0.09157713997152617,1.0746511012977475,-0.46748328513363446,0.10454245950429103,1.0538957086738934,-0.4731691436710849,0.10439604912896516,1.0809012275339414,-0.47613730790948655,0.09765930165264852,1.0970856972274488,-0.480503833760893,0.09056319144455825,1.1085057422329527,-0.4815330821128853,0.100495381012337,1.0481114587491438,-0.49236389177269424,0.09925738743314619,1.0768645637411929,-0.49724238818618427,0.09157244462766725,1.0946629856982444,-0.5026419381908781,0.08438802767666255,1.1071102612150718,-0.4912112705466886,0.09602681327786088,1.0388707650186833,-0.5036280613510897,0.09490887084572619,1.0653943933586558,-0.5082990058795291,0.08819664985231304,1.0816393085678206,-0.5135170466596263,0.08125077164835003,1.0945505106561702,-0.4975704170856755,0.09093977756941742,1.028245964404868,-0.5114173527558398,0.089305360036279,1.0444214971786039,-0.5188023625799358,0.08397615307330365,1.0552436923274806,-0.5254266026391853,0.0784294973580568,1.0634220428037373
-0.45960378377756084,0.11907469261563668,0.9892623942752707,-0.44272636275379157,0.11789872545691853,1.0129967911343298,-0.43502117927231077,0.12012549946271266,1.0408032654792918,-0.4340048484955807,0.11848273517316374,1.0615115940997328,-0.43452917779886063,0.11554326964124342,1.078287451520369,-0.4635791554887689,0.12694248418291249,1.058327699109355,-0.4671826088506827,0.1262301320483621,1.0856801423368116,-0.4692968171448719,0.11935951122080167,1.1019422306866673,-0.47318179305156316,0.11248212550912645,1.1136660220530037,-0.4780390888734175,0.12331720782499346,1.0531808263062068,-0.4869387992437755,0.12230112082687396,1.0825975364419258,-0.4917214080538824,0.11590223695883939,1.1009230060281072,-0.49712903192207747,0.11016880908044846,1.114098402182846,-0.48853869195636157,0.11899474660156943,1.0442540702720429,-0.49918952813811235,0.1181520551598631,1.0715447080301166,-0.5037877231904199,0.11246929480253456,1.0881979882051227,-0.5091085656455503,0.10699079172704204,1.1017570055955073,-0.49589724234742094,0.11382133731898768,1.0335417964214635,-0.5084786799176194,0.11131990966338295,1.050615375337188,-0.5157542717567003,0.10618715176193948,1.0616053382357995,-0.5225714207252936,0.10116412445808425,1.0699615957200606
-0.45863966141180657,0.13725043468207676,0.9945226052171106,-0.4404870509902339,0.13727538084959828,1.0173268580223787,-0.43129254868274886,0.14021105211696272,1.0446100277792236,-0.42987907537679904,0.1390703987101648,1.0653287989790283,-0.4306695134089009,0.13649686773642478,1.0821542831347293,-0.45897503166167514,0.14593040251556683,1.063604207264388,-0.46054459525954095,0.1446982817786706,1.0911299555886076,-0.461666896641352,0.13758892731016611,1.1073881333282987,-0.4648956966961561,0.13062964407077549,1.1192617167395582,-0.4740686771117299,0.14240202365619223,1.0591664909925307,-0.4810233829738931,0.1412974835030943,1.0890996192970348,-0.48523246059526204,0.13576162380737183,1.1078420796570765,-0.4902145415761916,0.13098602785648805,1.1215562404912014,-0.48548744074189637,0.13797846934412672,1.0505581871467056,-0.4943988657570191,0.1369997905136464,1.078460840092715,-0.4984422987986816,0.13196676981143524,1.0954634356432136,-0.5033145056496068,0.12750329333289617,1.1095528391472862,-0.49378530064869747,0.1326085694373791,1.0397853433240742,-0.5050275833541592,0.12903672515600031,1.057587304357639,-0.5119437761935208,0.12379532907525162,1.0687565822452225,-0.5186434612394843,0.11894168119017726,1.077305715826536
-0.45723927799039404,0.15216700226223165,1.0011449785609932,-0.43849625818388643,0.15237343387621766,1.0234655616169275,-0.42879488729946946,0.15560800968613372,1.0505385982538857,-0.42695107420450074,0.1548930905810208,1.0712426007885383,-0.42739221845336084,0.1525796208640957,1.088118560632343,-0.45592303483991137,0.1608060920646572,1.0702199790138907,-0.4569021033272228,0.15937367738501867,1.0977633645227387,-0.4575902877695734,0.15214971328448773,1.1139951718655268,-0.460422322984132,0.1450239610924977,1.1258712818459014,-0.4711403126965155,0.15703096027890523,1.0661567352599437,-0.47733838086282265,0.15551582949686865,1.096237766532027,-0.4809861992445794,0.14990958517304298,1.1150766981093871,-0.48548957538455245,0.14504697140892503,1.1289251725991574,-0.48283258508775234,0.15235516761692597,1.0577688865613628,-0.4910528046120637,0.15087584883170466,1.0858610377140006,-0.4945615872958079,0.1457377952554023,1.1029507349942462,-0.4988994178233168,0.1411971608556527,1.1171893507463364,-0.4913995840346508,0.14677681149654082,1.0470742466341008,-0.5021441796305913,0.1426514822783846,1.0650629134263347,-0.5087020383792211,0.13713997977159909,1.0763179813313857,-0.5150858966454501,0.13207483340386014,1.0849852766654917
-0.4559469411584319,0.16518987098982268,1.0061016984539715,-0.43720348345704124,0.1651910217989481,1.0284228683495455,-0.4275471983289611,0.16850643960158995,1.055502243393522,-0.42541984534042476,0.16801352554219848,1.076185518811191,-0.42534766573241567,0.1659042944609298,1.0930938216644974,-0.45428738407928576,0.17355816498105336,1.0752026360900904,-0.45533399530298574,0.1721917921606633,1.102746893249586,-0.45588885039171073,0.16502803836953706,1.1190104596547905,-0.4584906822174562,0.15788935177251248,1.1309313816344067,-0.46926954504057844,0.16948507039876817,1.071274429334372,-0.4753272314603214,0.16762965687850995,1.1013649924494389,-0.47857221057261834,0.16163270543751912,1.1201572403542621,-0.4827035458954706,0.1562812880062947,1.1339412910977056,-0.4808208012443165,0.16458714406663955,1.0630424355083745,-0.4888750055759079,0.16272209865577608,1.0911597032931222,-0.49203875425517385,0.15724723083220346,1.108212134797573,-0.49601431930862583,0.15220530297581986,1.1223876827224344,-0.4892908801852639,0.1588303183580802,1.0525044586278902,-0.5000848597040827,0.15467461346853267,1.0704565318134254,-0.5064155251927471,0.14899740329413813,1.0817592166229284,-0.5125213268258252,0.14370115248620144,1.090488493585854
-0.4549603517551442,0.1774913493776038,1.0076877338625683,-0.43601328773302,0.17765938421710686,1.0298356990663855,-0.4260296283192512,0.18121760284795918,1.0567651256354402,-0.4235869911040872,0.18096982691772173,1.0774179367645438,-0.4231512331452955,0.179138892616299,1.0943531830164992,-0.45226067929517955,0.1859094834781701,1.0767497990147716,-0.45283456478570305,0.18456168700710462,1.1043088732431028,-0.45300760320317596,0.17746358562802533,1.1206097271865083,-0.4552174831676531,0.17039327363929097,1.1326499047162901,-0.4671350120391762,0.18164215789503457,1.0730939552653704,-0.4726040264803497,0.17959056046623767,1.1032843666853114,-0.47537275807939566,0.17352382149356516,1.1221303397541416,-0.47909267302326686,0.16802882688376072,1.1359749387739568,-0.478737073744988,0.17656696137561967,1.0650909805464819,-0.4862086416914003,0.17448116323452245,1.0933532251143778,-0.48897332705329755,0.16893027736036736,1.1104503910920172,-0.4925693618194532,0.16375151007702482,1.1246778721184962,-0.48733081777242737,0.1706176037772671,1.0547024430768661,-0.49788898180003627,0.16633744117256016,1.0727651723580096,-0.5039782172201424,0.16057349182013642,1.084156257673194,-0.5098597220131809,0.1551841944121053,1.0929820572016102
-0.4541946435221179,0.1894979574808448,1.0071082701019236,-0.4347566367505689,0.1900605417633735,1.0288200002289658,-0.4241392480170562,0.19399321067071043,1.0554533169995062,-0.4212807127065824,0.19410571670562335,1.0760538654213763,-0.4205277580051801,0.19261991890987729,1.0930117613744987,-0.44971644593122473,0.1981065474828598,1.0760543358397703,-0.4494297947593913,0.1966649783616318,1.1036131489814989,-0.449020320056528,0.18957281185499014,1.1199123615230797,-0.4506903592156971,0.18253216493433905,1.1320564554032204,-0.4646251138492741,0.19366465856972676,1.072814200225182,-0.46913578146113033,0.19139619796485038,1.1031471538705557,-0.47129131405715285,0.1854341203041058,1.1221062995932907,-0.4744924009205376,0.1799979680433309,1.136102975858091,-0.4764706403588797,0.18839119422683642,1.0651071905370735,-0.4830250440146263,0.18604328793787078,1.093575707854535,-0.48525717000164137,0.18054413827179205,1.1107671554414393,-0.4883445115678906,0.17544090721392533,1.1251406612001813,-0.48537887302358085,0.18222072171951093,1.054858285822688,-0.49539916748340523,0.17757691066928113,1.073136292456582,-0.5011604017039961,0.17168977552979212,1.0846344899197269,-0.5067765590237501,0.16622701543800322,1.0935870533312793
-0.4538010895664185,0.20062094843736059,1.0060101384333096,-0.43391279270091065,0.20145915953127716,1.0273010962179359,-0.42277135747256284,0.20571895702645226,1.0536687077291407,-0.41948967454806657,0.20620842773411907,1.0742005720531695,-0.41835553072666604,0.20505605658040912,1.091163193594241,-0.44770492483367064,0.2093008596295215,1.0748230585389176,-0.4467245639124339,0.2077646553530825,1.1023608042907305,-0.4457984028880118,0.2006692541269631,1.1186374234717231,-0.4469565766635506,0.19362282068756326,1.1308376351630778,-0.46260308640491493,0.20464151254565427,1.0719630404049325,-0.4662820777745458,0.20209104072884915,1.1023857330649651,-0.4678197831003109,0.1961323407400218,1.1214060183970895,-0.47048139792553023,0.1906489120954532,1.1354969187158406,-0.4746301294692761,0.19914379086825962,1.0645361056090512,-0.480381389026753,0.19645473811412062,1.0931476654803132,-0.48207480041248124,0.19092347206708382,1.1103902394587166,-0.4846239737696414,0.18578541550452457,1.1248565590642117,-0.48378051896669094,0.1927512857488371,1.054433072599489,-0.49332117791168306,0.18773952359403756,1.0728698531112695,-0.49873851785334267,0.18169162261786165,1.084451478495276,-0.5040475311897972,0.1761027443014831,1.0935129452119061
-0.4540886595914555,0.21006140517840444,1.0053268730143456,-0.4338953029226688,0.2110481280400758,1.026322266744321,-0.4223989371955991,0.2155608253926618,1.0524947241781697,-0.4187425610566796,0.216375789173737,1.072952808755598,-0.41719395263621145,0.21552666636331758,1.0899005393836796,-0.4467534743430609,0.21872516206022566,1.0740208060090275,-0.4452945801338254,0.21714660148907244,1.1015349523053561,-0.4439595608286028,0.21007764268048054,1.1177946684647162,-0.4446778461318818,0.20304528032799152,1.1300367557863493,-0.46155731759633206,0.21383343706471344,1.0714586829519785,-0.4646060994997221,0.21100563198217914,1.1019265112302408,-0.46559149715961234,0.20495728124239515,1.120955130258473,-0.46775882858332557,0.1993211694636014,1.1350704614089495,-0.47365150434599296,0.20811777117341265,1.0642746221111457,-0.4787807001735057,0.20510013942057553,1.0929715661687647,-0.48000305394178905,0.19946878848815697,1.1102215702715539,-0.4820729744173158,0.19418470148366457,1.124711779611905,-0.48292866161575343,0.20151797814629208,1.054324245076985,-0.4921392370529681,0.1962507671893829,1.0728574206681052,-0.4972508034828818,0.1900583622138309,1.0845015064651065,-0.50226193923368,0.18433128866239828,1.0936459315165838
-0.4552469776003387,0.21875899709000374,1.0057908025609703,-0.4347529851246077,0.21993551101212164,1.0264829247535099,-0.42287661114139463,0.22471325388834346,1.0524377567597618,-0.418847832347092,0.22584744466575407,1.0728105088987818,-0.4168963003362385,0.22531653455848674,1.089729564082147,-0.44662626451384974,0.22744502850510862,1.0743324557387979,-0.44463743637317243,0.22583243599028607,1.1018114036847129,-0.4428700561434719,0.21880588824301228,1.1180482389257562,-0.4431276912963203,0.2118192766799088,1.130334802278396,-0.46132659529812986,0.22233586869898775,1.0720755640127084,-0.4637068575707017,0.21926156073952982,1.1025790571693472,-0.46413486940442095,0.21316362847531195,1.121612551995899,-0.4658072650828379,0.20741560205385068,1.135750053186841,-0.4734868329648718,0.21641208600819745,1.0651466735112791,-0.4779529431953419,0.2131030933522118,1.0939222495522682,-0.47870732273571304,0.20740545975914726,1.1111773005969154,-0.48030611821558494,0.2020165890746573,1.1256885458478454,-0.4829006721084136,0.20960456804374503,1.0553584123495234,-0.4917586193720361,0.20409722914614586,1.0739934008706462,-0.49656722009400384,0.19778205240996438,1.0857004340850893,-0.5012888620953968,0.1919415690397977,1.0949268208812313
-0.4572920556013073,0.22943858176639054,1.007234313399427,-0.43643319685058074,0.23087488202938172,1.0275418707761041,-0.4240945547758706,0.2359565610884583,1.0532218793459223,-0.41966049516340637,0.2374444066578674,1.0734874143234558,-0.4173052972235013,0.23726483256319422,1.0903624126001232,-0.4471696615600221,0.2381875611549236,1.0755623058677073,-0.44453693798996413,0.23651892803551577,1.102983700841756,-0.44227152000481385,0.22953223722935695,1.1191758241644563,-0.4420081829705317,0.2226011611831391,1.1314936808965352,-0.46178218097521645,0.23286532641499386,1.0736535994375362,-0.4633835922801035,0.22954556177840774,1.1041821886165857,-0.4632001818822834,0.22345244313617527,1.1232211529576106,-0.464332935357345,0.217652098617329,1.1373907869683504,-0.4740455626330867,0.22672729115355875,1.0670113042651745,-0.47774077008111876,0.223123589348609,1.0958607084998522,-0.4779821352140601,0.21739976332488334,1.1131218921825505,-0.47906339794172387,0.2119674002070497,1.1276646778456556,-0.48364329132132233,0.21970132009644905,1.0573968137603393,-0.49205642081148526,0.21390136233232304,1.0761487883432095,-0.4965316340803344,0.2074610599087498,1.0879196717292525,-0.5009438776186179,0.20151792279964964,1.0972332419770066
-0.459661357096703,0.24398653746899227,1.00788800967359,-0.4384288117981768,0.24567882373822308,1.0277844169061598,-0.42562774944409815,0.25106579597873624,1.0531742125559898,-0.42077620637926444,0.2529229732847673,1.073313226915063,-0.4180010463653516,0.2531050282283851,1.0901242386015684,-0.448003055074232,0.25278313698604504,1.0759646274443255,-0.4447287447142661,0.2510519311831926,1.1033129416582055,-0.44195791858796385,0.24410489918425496,1.1194434126293018,-0.4411569083459701,0.23722977682754595,1.1317693945859901,-0.46251642550694244,0.24723924598062721,1.0744063818295855,-0.46333413837180165,0.24366196550218527,1.1049369324751621,-0.46251858041688576,0.23757089181821808,1.1239599602031507,-0.46308875412380784,0.2317165834105372,1.138141202390723,-0.4748736576526338,0.24087906033440393,1.0680565166292124,-0.4777896997130599,0.2369642865299515,1.0969546237340146,-0.4775022376771414,0.23121063816999976,1.1142051831374966,-0.47804270395417464,0.225732464334302,1.1287609318507204,-0.4846478303611136,0.23363197261156246,1.058621997016193,-0.4925972230243788,0.22752341651628605,1.0774780174700582,-0.49672423550693473,0.2209515277589817,1.0893032773372677,-0.5008076098095124,0.21490017308544387,1.0986968135946436
-0.46076384545108984,0.2606799600622587,1.0060114320352913,-0.43919022664460694,0.26259784227392446,1.0255166244939677,-0.42596843018951647,0.26827121926581043,1.050626886986847,-0.42071009213923355,0.2704886707102374,1.0706268686631257,-0.4175063857873487,0.27102691014075353,1.0873538329709571,-0.44765214402118025,0.26949903398983355,1.0738202019466108,-0.44378952451259435,0.2677150982874727,1.101088245810226,-0.44053909171356126,0.26081551383685375,1.1171494178033774,-0.4392158228603399,0.25400442663227907,1.1294659435577399,-0.46204183495198503,0.263729182313488,1.0725884126597576,-0.4621264103654014,0.25989556318091034,1.103098678538945,-0.46069272134585576,0.25378810254268824,1.1220798628457518,-0.4607084988961321,0.24786074674708872,1.1362422023174692,-0.4744586725217001,0.25714771553408056,1.0665200652351414,-0.47664044674314504,0.252924354728163,1.0954394779924659,-0.47584046704814037,0.24712759718601957,1.1126594239299628,-0.47585261272081975,0.24158257267751007,1.127199880203956,-0.48437422883590237,0.2496848901375222,1.0572670323637585,-0.49188853683315525,0.24329006684447457,1.0762063623153069,-0.4956734985049459,0.2365912728888439,1.0880747636179116,-0.4994252058631032,0.23043099911615927,1.0975355818406054
-0.4591515129457629,0.274368067488557,1.0022795940622558,-0.4372510070023127,0.2765113902137849,1.0213930929714479,-0.42361916582617354,0.2824665072367082,1.0462172319866283,-0.41795834859945363,0.2850404710033479,1.0660640537942787,-0.414325373198143,0.2859382171330042,1.0826875405720067,-0.44460085333615257,0.2832080927167909,1.0697914768319048,-0.44015743811942126,0.281376811181305,1.0969677705703051,-0.43643162818874287,0.27453335434281756,1.1129495183979383,-0.4345868970332322,0.26780107655620095,1.1252422869547696,-0.45885161474734143,0.2772145137768554,1.0688771403171349,-0.45821346341509517,0.2731336210402175,1.0993487531727442,-0.456165164455882,0.2670156526481987,1.118270085881333,-0.4556300824139409,0.2610221232365012,1.1323944247108286,-0.4713105670050005,0.2704149705988332,1.0630895452296407,-0.4727648762811064,0.26589423231390075,1.0920097329774303,-0.4714596113945763,0.26005970267743006,1.1091859796891619,-0.47095061705107405,0.25445329967537345,1.123693959669506,-0.48135344695263665,0.26273960348217174,1.0540225286762284,-0.48843337754320937,0.2560700736529132,1.0730343345696676,-0.49187766979465675,0.249252577606981,1.0849388430999223,-0.49529661839499806,0.24299091002554865,1.094459014950598
-0.4555122627399293,0.28204463491265547,0.9986290349207174,-0.4332779718735605,0.28443032878462254,1.017323863292602,-0.41922291708201365,0.2906741647526024,1.041839130732807,-0.41315245013817187,0.29361324715029,1.0615134211330797,-0.4090871471221032,0.2948825639896544,1.0780121155413651,-0.4394718343800694,0.2909116195151388,1.0657989932228102,-0.43442478005300056,0.2890303486721849,1.0928662526858846,-0.4302092502287608,0.2822488210723468,1.1087524421748534,-0.4278272871294315,0.2756087583832276,1.1210029350344122,-0.45357487683837466,0.28469549707597086,1.065207145649634,-0.4521930576451114,0.2803716117769025,1.0956205424397092,-0.4495157849798033,0.27426033704649977,1.1144653409153178,-0.4484185526581721,0.26821999147048325,1.1285371553514718,-0.46607148234272633,0.27767761318493717,1.0597089148667707,-0.4667749507143195,0.27286354179496924,1.0886097660373033,-0.4649551502195324,0.2670040065346167,1.1057306035254926,-0.4639148382399332,0.2613546212351836,1.1201934701050091,-0.4762430609589191,0.2697894415325562,1.0508355725542275,-0.48286232306854776,0.2628380569163005,1.0699122711596314,-0.4859564219485679,0.255905763699902,1.0818466160381375,-0.4890333727332616,0.2495496025551153,1.091420693114734
-0.45183783917373155,0.28609723954905836,0.9952293661250268,-0.42926892237763964,0.2887305146245758,1.013484822582289,-0.4147888475372301,0.2952647058816962,1.0376749066599582,-0.4083045153149285,0.2985754830875006,1.0571571721066477,-0.4038025828880484,0.30022365695736636,1.0735083463258785,-0.4342821603825578,0.2949875173202997,1.062016214827033,-0.4286263612518194,0.29305453232742995,1.0889591912293608,-0.42391562252402926,0.2863397076672463,1.1047341997931408,-0.4209883402622357,0.2798018502873138,1.1169213321655884,-0.44822646757339857,0.2885475681604698,1.0617453735776143,-0.44609603628225103,0.2839815155492763,1.0920800490948905,-0.44278069272514337,0.2778850075048021,1.1108279285510632,-0.4411133653542612,0.27180791909317664,1.1248277382228578,-0.4607504459469231,0.2813104578345009,1.0565398211301753,-0.46069544848859245,0.2762032626151471,1.085398838468779,-0.4583558017833518,0.2703243856678787,1.102449755239987,-0.4567769607694694,0.2646408200005339,1.116850333538483,-0.47104398923900864,0.2732111219290013,1.0478653813960492,-0.4771865645692335,0.26597384027591126,1.066995131295796,-0.4799228482926958,0.25892900521446083,1.078950957287264,-0.4826480152694053,0.25248222749263316,1.0885709304916413
-0.449123197682276,0.2897618188293602,0.9913885700648704,-0.42623017242129124,0.2926376047181082,1.0091984292265048,-0.4113369598448627,0.29945685065380256,1.0330567295531212,-0.40444217432282187,0.3031382575430097,1.0523304332172354,-0.39950316021715543,0.3051654396271095,1.0685119487053183,-0.43006522974191996,0.29866678804471036,1.057760382134991,-0.4238138452572289,0.29668422758957425,1.0845678086857178,-0.4186144835256746,0.29004165485739314,1.1002194440586741,-0.41514674574975724,0.2836154522825768,1.1123238842030592,-0.4438379561288769,0.29200263026675055,1.0577999421964308,-0.4409733484203174,0.28719768114741895,1.0880371146718728,-0.4370235156573592,0.2811174883776715,1.1066669824751756,-0.4347895981182937,0.2750070232422669,1.1205730057467131,-0.4563724548972246,0.2845479981762891,1.0528831558073881,-0.4555707680042448,0.27915172084245965,1.081678413030425,-0.45271665004968137,0.27325477055483827,1.0986445231211879,-0.45060405549206994,0.26753873536889305,1.1129636082512315,-0.46677238318975833,0.27624249097858056,1.044409437246055,-0.4724380117206061,0.2687252227221265,1.0635783740958507,-0.47481571444353454,0.2615722406799471,1.075546669816722,-0.47718485135407784,0.25503915700117735,1.085202619818862
-0.4471673356672956,0.2933017678443173,0.9876233867617777,-0.42396056160319734,0.2964183736032291,1.0049809280483966,-0.4086638092963724,0.30351819720037976,1.0284996496166747,-0.4013630458191664,0.30756783802413007,1.0475486847329063,-0.39598963049532254,0.3099736544537423,1.0635387824841285,-0.42661700094014066,0.30221622636564616,1.0535471171483906,-0.4197790000989743,0.3001864888755049,1.0802073943867017,-0.41409698189901634,0.29362225489292537,1.095723718892304,-0.410095332863154,0.28731836679560596,1.1077273248452815,-0.4402067507864267,0.29532930674665653,1.0538869869257295,-0.43661973271768945,0.2902911600849856,1.0840089140264806,-0.4320408918898169,0.28423208676807404,1.1025011757744245,-0.4292470581237554,0.27809506071002815,1.1162938208804714,-0.45273659926218457,0.28766041104889845,1.04925518154444,-0.45119778222387835,0.28198214647396225,1.0779661324694523,-0.4478358735469858,0.2760709769105301,1.0948339879361595,-0.44519707715734574,0.2703275717888876,1.1090544789331669,-0.4632294211952131,0.2791545562254878,1.0409838978459605,-0.4684164164456968,0.2713641001128594,1.060179227550583,-0.47043574378299396,0.26410872791945905,1.072151721703293,-0.4724467603255645,0.2574954875612759,1.0818342950662445
-0.4458178200035191,0.2954798443282391,0.9852704554456722,-0.4223033560463372,0.29884049817288316,1.0021621049796319,-0.4066067189026246,0.30621930054852,1.0253288321618024,-0.3989022899773363,0.3106370815332971,1.044135518821516,-0.39309775875953706,0.313422797931042,1.0599118293066094,-0.4237692319021911,0.3044010898121767,1.0507073960676683,-0.4163455119025125,0.3023249682737572,1.0772069540438005,-0.41018253474469796,0.29584490759370785,1.092574366021781,-0.40565077179825554,0.2896741977063103,1.1044581457280416,-0.4371662583990376,0.29729322106177836,1.0513407778998454,-0.43286073548540543,0.29202725774259736,1.0813293126328756,-0.4276549340284239,0.28599768696343497,1.099664682952308,-0.42430566909153566,0.2798447045717338,1.1133259013108892,-0.4496795747846566,0.28941320152617683,1.0469924322994417,-0.4474056875938901,0.2834593999597233,1.0755985685892273,-0.44353919840504064,0.2775403090108707,1.0923551651200523,-0.4403786582019207,0.2717784884755208,1.1064613596003552,-0.46025598657635974,0.28071259180200964,1.038926265290466,-0.46495596890756125,0.27265214591153003,1.058135538748188,-0.46661477949883096,0.26529967859445075,1.07010417678976,-0.46826424329175054,0.25861292992886964,1.079804590388042
-0.44536534056305577,0.2963369555177904,0.9848222211556131,-0.4215494633258252,0.29994376114035,1.001234008933229,-0.40545740370831757,0.30759963171038257,1.024036676617837,-0.3973522735371392,0.3123852391349874,1.0425831399868128,-0.39112098446710897,0.31555069738538,1.0581232713125086,-0.42181469164990326,0.3052610517433624,1.0497333103356565,-0.4138079140891301,0.3031390831383629,1.0760589106999028,-0.4071668913095398,0.2967485321507663,1.091263794760024,-0.4021109162761016,0.2907206597403035,1.103008607516664,-0.4350099649965329,0.29793382816581204,1.0506526211027087,-0.42999153573238175,0.29244472183642944,1.0804899331816875,-0.4241620956072246,0.2864520549142062,1.0986488832704913,-0.4202631182194227,0.2802927841561973,1.1121606194294693,-0.4474950548765943,0.2898460106391484,1.0465850876948202,-0.44449011538083494,0.28362231521414305,1.07506605157181,-0.44012274543260316,0.27770079489146116,1.0916982667101638,-0.43644559292379254,0.27192859561872385,1.105674409881869,-0.4581454357355469,0.2809571116238431,1.0387259121279309,-0.4623509200728789,0.27262971731692687,1.0579359411280675,-0.4636472887007935,0.2651850569839158,1.0698923279444617,-0.4649319087550382,0.2584311060324203,1.0796013577806276
-0.44581779968109003,0.2969907019643138,0.9854574021035212,-0.42170950804741725,0.30084292379332944,1.0013791637812093,-0.40523001718780344,0.30877217814210184,1.0238086465423781,-0.3967297652605146,0.3139229616680165,1.0420783379259981,-0.3900784592892549,0.31746500751844736,1.0573609689527312,-0.4207723056588473,0.3059123525814222,1.0498068343905387,-0.4121902447440302,0.3037458139076711,1.0759468958448624,-0.4050778774483923,0.29744979433356356,1.0909770386831803,-0.39950847896852204,0.29157312736164864,1.1025651939245344,-0.4337575738042208,0.2983677842000094,1.0510018904979495,-0.42803738756835247,0.2926606306570845,1.0806715379602532,-0.42159218980689983,0.2867103134236997,1.0986352527202636,-0.4171534645047203,0.28055241070992704,1.1119800497149874,-0.4462020307102104,0.2900765384646663,1.0472098631170803,-0.4424759203630634,0.2835893818459648,1.0755464516584723,-0.43761470997758173,0.277669602402252,1.0920417160859075,-0.43343003773309785,0.27189304776134454,1.1058725601548753,-0.4569150158533609,0.2810073464121551,1.0395578870346047,-0.46062317277385106,0.2724184149203197,1.0587551950938634,-0.4615574308195378,0.2648868337075913,1.0706909050072593,-0.46247609553610086,0.25807201357621046,1.080398924589749
-0.4466252443846773,0.2976909903332998,0.9861974453019587,-0.422234659684529,0.30178734120155803,1.0016205163639835,-0.4053765775072275,0.30998551615241543,1.0236687222599672,-0.39648824411090505,0.31549717618571965,1.041646086085735,-0.3894257235210871,0.3194107568032598,1.0566510672819094,-0.42009619283945987,0.3066050404108166,1.0499506506452203,-0.41094759334845915,0.30439544312983324,1.0758942294156109,-0.40337207131756814,0.2981988431276531,1.0907382328896844,-0.3973027582492562,0.2924810519541166,1.1021535322286744,-0.4328643301491067,0.2988460187510392,1.0514103927229104,-0.42645497619621575,0.2929266915627917,1.0808970313956716,-0.41940440593749545,0.28702412487668166,1.0986478359657195,-0.41443856763581505,0.2808751268781611,1.1118097480056415,-0.44525633630385664,0.2903567916581703,1.047887439239993,-0.4408207209978649,0.28361369210868914,1.0760616344335006,-0.4354743700538526,0.2776998616906612,1.0924082562550086,-0.4307936150535564,0.2719248545720404,1.1060798376697654,-0.45602076971178535,0.28111637196356676,1.0404421174918115,-0.4592303232845435,0.27227254534105083,1.059613510377436,-0.45980401655860786,0.2646597369804179,1.071520430621066,-0.4603572627574014,0.2577907560220998,1.0812179757607554
-0.44739822042521404,0.29766915584666304,0.987030839035078,-0.42273522651506396,0.3020089202897637,1.0019457647607246,-0.40550651897074086,0.31047154114763165,1.023604113613335,-0.3962374328683711,0.31633914016924514,1.0412739127508277,-0.38877377928194096,0.32061814888792206,1.055982030596303,-0.4193956212169907,0.30657091559140426,1.0501524293766078,-0.4096878478903676,0.3043195459608137,1.0758883759112052,-0.4016572095799155,0.2982270703421371,1.0905349254682979,-0.39510231318707983,0.29267521447760325,1.1017620794158813,-0.43194061061498584,0.2986010078977578,1.0518661636142141,-0.4248534592184881,0.29247573650011766,1.0811549575132684,-0.417208361055607,0.2866269810306211,1.098675985761608,-0.4117287528905616,0.2804950367299478,1.111640506902857,-0.4442696137540364,0.28991990208756946,1.0486058389789594,-0.43913528729971124,0.2829287669943835,1.0766003397147834,-0.4333124068304785,0.2770255667824747,1.0927872231054887,-0.4281473150353418,0.27125865921364956,1.1062867385343358,-0.4550756138597198,0.28051791237537566,1.041366562170964,-0.4577845487936861,0.27142572028406053,1.0604990090384887,-0.4579992191894597,0.2637374503660961,1.0723692721815827,-0.4581880921654997,0.2568212415818294,1.0820471720338176
-0.44833922605689935,0.29669068018039113,0.988700169721754,-0.42341381414163826,0.3012733441450365,1.0030972133515053,-0.40582245255138644,0.30999618604031576,1.0243571384954038,-0.39618064791877594,0.31621449132154106,1.041704609777034,-0.38832735178399863,0.32085185401167093,1.0560978504867844,-0.41887397667360343,0.30557569197298917,1.051154774839703,-0.40861464721369484,0.3032838809848829,1.0766722636196393,-0.40013766370624787,0.29729983863966253,1.091110504945747,-0.39311292972485357,0.29191992422365937,1.1021354035571278,-0.4311909184372576,0.29739861159621855,1.0531118126247647,-0.4234377994578688,0.2910735455063176,1.0821886556054383,-0.41521028663446063,0.2852843993570954,1.0994639476997783,-0.40923140871477215,0.2791773242542928,1.112217861118062,-0.4434474171642674,0.2885320984037386,1.0501072334910502,-0.43762590833076115,0.2813007268471244,1.0779055544797433,-0.43133563184243007,0.2754127137542035,1.093922190428752,-0.42569866099112363,0.2696603234030908,1.107237853305349,-0.45428587693618677,0.2789787592992631,1.0430729895242963,-0.45649279273796667,0.2696446943773041,1.0621533868817155,-0.45635039086936835,0.2618866300748832,1.0739792435011708,-0.4561766114940145,0.25493009443249004,1.0836284805219587
-0.4496115844126468,0.2955745451238411,0.9915831719579605,-0.4244343910458878,0.3003994451691109,1.0054533236211993,-0.4064892739827471,0.30937863763785534,1.0263069867682968,-0.396484116110521,0.3159421698448033,1.0433182576770537,-0.3882543131146472,0.3209300101683704,1.0573801409998822,-0.4186983009653029,0.3044384707016812,1.0533368907615115,-0.4078968423832303,0.30210771592395996,1.0786261087579665,-0.39898385671927694,0.29623592849611213,1.0928462221092086,-0.39150710490961377,0.29103268221269923,1.1036565489550973,-0.43078358902115327,0.29605791399641646,1.0555261020334838,-0.42237850625554624,0.2895389389583803,1.084378097819385,-0.41358300259379,0.2838143498252557,1.1013930939091323,-0.407121365003053,0.27773890473965257,1.113924728344779,-0.4429590081529485,0.2870128836747642,1.0527694523969204,-0.436464134087238,0.2795489261649592,1.0803563206251412,-0.4297170426711746,0.27368016587232524,1.096193091560405,-0.42362227218189014,0.2679479496913445,1.109314363728556,-0.45382121185615143,0.2773191189144275,1.0459384548838986,-0.4555268239744305,0.2677501225183369,1.064953764608278,-0.4550304734244967,0.2599278495581344,1.0767276512505157,-0.45449711164329265,0.25293775088113213,1.086339384090886
-0.45084138992260875,0.2950314784114008,0.9951531286774797,-0.4254237896621874,0.30009683901120754,1.0084887783590892,-0.40713450153460146,0.3093276420653133,1.0289294878677058,-0.39677629365629097,0.31622963058385245,1.0455919174939816,-0.38818411699452293,0.3215586003368831,1.0593076512553736,-0.41849833264868996,0.30386944026162177,1.0561739376914827,-0.40716517105908917,0.3015009890864866,1.08122585098411,-0.3978274049589289,0.2957449725430651,1.0952188929184572,-0.38991767045014675,0.29072209872501853,1.1058040520874384,-0.43034958268937273,0.29528986372568294,1.058583755632584,-0.4213075140001281,0.2885830156480686,1.0871991237999814,-0.4119598075504823,0.2829275459768278,1.1039406274442212,-0.4050330790507544,0.2768898544213885,1.1162399106730652,-0.4424362308245934,0.2860740867545303,1.056066494754698,-0.4352829555394054,0.2783855615705805,1.0834279015655497,-0.4280904960905955,0.2725398305687259,1.0990760599152187,-0.4215531322950546,0.2668328130330285,1.1119936888936823,-0.4533139408980781,0.276251621185158,1.0494364758982884,-0.45452024045306105,0.26645546090902483,1.0683741867913308,-0.4536739423443708,0.2585746172816513,1.0800889129097129,-0.4527852899511294,0.25155761210676186,1.089654648521682
-0.45174271753277495,0.29461582945410525,0.9988104384155145,-0.4260967240416875,0.29991791237628496,1.0116058582201435,-0.40747292191203555,0.30939325668160256,1.0316283514461244,-0.3967721561508173,0.3166242928992541,1.0479308728570438,-0.38783209444001887,0.32228233562727576,1.0612877669617424,-0.4179904527911789,0.3034220789428411,1.0590678582986188,-0.406135406939721,0.30101695916864923,1.083873538271922,-0.39638417477541,0.2953800595718643,1.0976310692633213,-0.3880607476219349,0.2905404520331035,1.1079817946154724,-0.42960616427029774,0.2946494321480888,1.0616864850715249,-0.41994098865659885,0.287761672916281,1.0900541297709696,-0.41005694997646797,0.2821799820156078,1.1065099008984551,-0.4026826385282163,0.27618624180264156,1.1185681040769782,-0.4415971199558622,0.2852717766502425,1.059399837311862,-0.43379985787163244,0.2773676798061976,1.0865228405848888,-0.42617333716536404,0.2715487323858331,1.1019742138714619,-0.41920866599678763,0.2658717397405557,1.1146800166006212,-0.45248267618076066,0.2753329087399064,1.0529685380977265,-0.45319146248735837,0.26531824464156556,1.0718169049662243,-0.4519992664496709,0.2573846707152908,1.083465758908164,-0.45076012826049255,0.25034740970191993,1.0929774809644661
-0.4526140813531012,0.29285645197942256,1.0028890446109764,-0.4267518833517812,0.29839199527233506,1.0151387918911479,-0.40780311811899006,0.3081049579230991,1.03473805318209,-0.39677078138132416,0.31565507717600694,1.0506707153069375,-0.387498414695757,0.32162914326648184,1.063658344860638,-0.4174739496543117,0.3016262492447517,1.0623531838575015,-0.405106546542298,0.2991861771051082,1.0869039854823894,-0.39495385237211195,0.293671252383059,1.1004183937625416,-0.3862366928143209,0.2890167146376339,1.1105270615107925,-0.4288535925512459,0.29266659739904627,1.0651692861784874,-0.4185790912223339,0.2856052645316458,1.0932789342241473,-0.4081755427827902,0.28010158075379776,1.1094380660721361,-0.40037160503087127,0.2741576635426998,1.1212479796502566,-0.4407431328552903,0.28313600412379547,1.063104600797589,-0.4323166640942778,0.2750254533545706,1.0899773181875057,-0.4242677243749952,0.2692369354420934,1.1052244993491964,-0.4168911986274137,0.26359479311405654,1.1177115090320104,-0.45162986571346087,0.2730929350391049,1.0568697175317885,-0.4518436247648857,0.26286829954247304,1.075617195886742,-0.45030982402823605,0.25488778614197866,1.08719379236245,-0.4487254482216892,0.24783686580778624,1.0966439584055963
-0.4534199908580632,0.28825016083298216,1.0080352297512591,-0.4273534589544784,0.2940197897576085,1.0197313457744,-0.4080896119694852,0.30396813282309837,1.0389006717939364,-0.39673827795847516,0.3118311286753933,1.0544533882578926,-0.38715116732281535,0.3181113404064853,1.067062552437227,-0.4169137376866027,0.29698144377908664,1.0666763436024616,-0.40404550371605724,0.29450883059285904,1.09096509018842,-0.39350482246719953,0.28911789520869513,1.1042301826969398,-0.3844151164006362,0.2846488965387566,1.1140914225041685,-0.4280584199075557,0.28783875978493956,1.0696797496266899,-0.4171916709535841,0.2806094456073763,1.0975227181531664,-0.4062879563107178,0.2751867302519413,1.1133765840067062,-0.3980743904675619,0.2692968526727627,1.1249330684727243,-0.4398427826341286,0.2781631138569862,1.0678284620753502,-0.43080467113370324,0.26985336442196944,1.0944403006873653,-0.42234657449383134,0.2640984508449407,1.1094772709459197,-0.4145747859975224,0.2584954976332724,1.1217401634207702,-0.4507255687156817,0.2680277206818037,1.061787172366479,-0.45044985278726685,0.2576003413520435,1.0804218322689458,-0.448580214120228,0.24957801491240578,1.0919198953470122,-0.44665715978742077,0.24251959601382916,1.1013013636320848
-0.4528821545526754,0.2807062918702914,1.0135780010101079,-0.42662341845871127,0.28671009932726776,1.0247128520734297,-0.40705512716679904,0.2968923809787001,1.0434460180295346,-0.3953983168569364,0.3050629091068434,1.058609385746438,-0.3855141121278153,0.3116405138143127,1.0708315943935784,-0.41503491953481175,0.2893959700506368,1.071368989501723,-0.40167951636859045,0.28689188154416695,1.0953900473307565,-0.39076464345147194,0.28162663371852575,1.108400563819489,-0.3813234939964326,0.2773428903038234,1.1180106104035958,-0.4259472743357251,0.28007427334167256,1.0745496185288381,-0.4145074757253991,0.27268114494015694,1.1021186731529418,-0.4031237471824167,0.2673418185689118,1.1176603659726503,-0.39452126330995996,0.2615088531166778,1.1289598987164433,-0.4376238870544916,0.27026201729981264,1.0729027187360698,-0.4279931186337621,0.2617594344317885,1.0992443916836538,-0.4191399369368204,0.2560407794618581,1.1140662357922984,-0.41099035453836485,0.2504801307300657,1.1261010106296456,-0.4484982561834661,0.26004685587097387,1.0670518027314908,-0.4477404389373759,0.24942431095193576,1.085562449967745,-0.44554202477583643,0.24136485841525462,1.0969760788726952,-0.44328834940253503,0.23430446389174478,1.1062821596257675
-0.4497126910201124,0.27261256739611917,1.0177602502833516,-0.4232751522943438,0.27884077522607875,1.028334644203836,-0.40341307506610363,0.2892449564722049,1.0466316191240344,-0.3914623833550645,0.29770819575942853,1.0614005400529927,-0.38129563442475845,0.30456610960770125,1.0732306290157574,-0.41055562244342486,0.28125153567734135,1.0746796166161738,-0.39672442022360593,0.27871508950172097,1.0984264639471137,-0.38544772945272837,0.2735777631127019,1.1111769520788104,-0.37567444783640364,0.2694789202457858,1.1205322291791662,-0.42123813063534404,0.2717603959042396,1.0780254855124198,-0.40923916013379036,0.2642109525809331,1.105313041743859,-0.3973926933962025,0.2589587067629935,1.1205352964074866,-0.3884188385256762,0.25318699430881386,1.1315744503189005,-0.432803394616313,0.26182336388141936,1.0765734164475838,-0.42259499446714766,0.2531380830829226,1.1026364901980954,-0.41335881937170355,0.24745844822145233,1.1172379874176206,-0.40484771445665324,0.24194258798451365,1.1290408977343525,-0.4436635938135246,0.25154217737523676,1.0709102777397168,-0.44242756729544735,0.24073566707182906,1.0892882096731378,-0.43990615689682455,0.23264477670892847,1.1006124627405074,-0.4373296487581491,0.22558797907035305,1.1098371348429765
-0.4446158536673649,0.2675181380604593,1.0202209387604257,-0.41801336107617043,0.27395786628173824,1.0302403759605268,-0.39786702078636366,0.28456610203025867,1.048104269648195,-0.3856323607946975,0.29330088763608775,1.0624772683721724,-0.37519693539363624,0.30041566075140674,1.0739152171063449,-0.40418023973295214,0.2760978976388409,1.0762483508685865,-0.3898803228855366,0.27353056181228447,1.0997125712288924,-0.3782541870658252,0.26852308256576335,1.1121981205665519,-0.36816764546588265,0.26460792969665936,1.1212960331067052,-0.41463471121390855,0.2664494984436303,1.079747524998234,-0.40208493187716093,0.25875539639269096,1.1067453757442025,-0.3897918315062128,0.25359420604735583,1.1216411367126855,-0.3804618144111316,0.2478898192027864,1.132416869017447,-0.42608489258453147,0.25640015231156255,1.0784816768766614,-0.4153107025271469,0.2475453944906647,1.1042583997486526,-0.4057020840948699,0.24190796349006433,1.1186341684982364,-0.3968438125079769,0.23644058156207642,1.1302018420897415,-0.43692534436162384,0.24606557524121128,1.0730046668057596,-0.43521246410368997,0.23508727763409212,1.0912419865515994,-0.4323719871781191,0.22697157978299323,1.1024725637416444,-0.4294789291912089,0.21992461340752426,1.1116104980205677
-0.43972283988131283,0.2664562494867421,1.0225577313992853,-0.4129678231016946,0.2731146029684387,1.0320122139060324,-0.39254698789063047,0.28392995938299076,1.0494347839048002,-0.3800430590966116,0.2929325631334704,1.0634051585396083,-0.3693596990617705,0.3002959326951108,1.0744501292545448,-0.3980315303843566,0.27498220371628723,1.0776654883225905,-0.3832738972460529,0.2723904484581462,1.1008418456947802,-0.3713138084794376,0.26751249386301346,1.1130603832680068,-0.36093514367596646,0.2637777744679065,1.121901986287884,-0.4082624500521902,0.26517814029034914,1.081311758250677,-0.39518016334945544,0.25734484916477796,1.1080151931878237,-0.38246223380078226,0.25227485232507346,1.1225819806641872,-0.37279620882941983,0.2466396573968008,1.1330947440660837,-0.4195989987384911,0.25502223680691694,1.0802258690778233,-0.4082787998017425,0.24600362593048877,1.1057101211439686,-0.3983120015312845,0.24041076627760227,1.1198576211614362,-0.38912216222070156,0.23499619679003336,1.1311890643035607,-0.43041945939245285,0.24464361210212598,1.0749326709511928,-0.4282401522844764,0.23349821295689238,1.0930182316851886,-0.4250876948759764,0.22536190164502137,1.1041502205156044,-0.42188574211799296,0.21833020615018953,1.1131964417986673
-0.436163429226479,0.26647437021648435,1.025851785898709,-0.40926768029292676,0.27337116876801154,1.0347177146418378,-0.3885850903824272,0.28441611953181545,1.0516814385158122,-0.37583272038491894,0.2937014500675098,1.0652360013379945,-0.36492621000244724,0.3013232056467313,1.0758803258443583,-0.3932400176748424,0.2749557119224373,1.080012377105315,-0.3780464806354431,0.27234241048647345,1.102902889551381,-0.36576901521247634,0.2675926435630762,1.114854223440412,-0.3551195101224944,0.26403456992012075,1.1234429899009613,-0.4032566044508181,0.2649888967536317,1.0838031414855065,-0.3896754300954801,0.25701039017346183,1.1102128981779302,-0.3765586968751556,0.25202872535988746,1.124452849815952,-0.3665823288652718,0.24645792771224032,1.1347068222106498,-0.4144857952332014,0.2547288145569845,1.0828907360846813,-0.40264913670016844,0.2455422585257616,1.1080786310450865,-0.39234288672030676,0.23999442642792543,1.1219988204824451,-0.3828408758399467,0.2346334735718702,1.133095860028104,-0.4252894574168843,0.24431602046595874,1.0777771419848905,-0.4226646225426088,0.2330034507174331,1.0956989950198874,-0.4192130880294539,0.2248471905785623,1.106727188654756,-0.4157146867372663,0.2178334502465165,1.1156770488465126
-0.4329396822427457,0.2639176547770068,1.0293685435311084,-0.4059163934271244,0.2710321328627672,1.0376557563671596,-0.3849845341320155,0.28228969748013033,1.0541679608168644,-0.37199569028534263,0.2918404812621247,1.0673071747083904,-0.36087635853379235,0.2997033813034772,1.077548270126743,-0.3888297805237835,0.2723347936708246,1.082577475106541,-0.373218272831904,0.2696906357682856,1.105181406817178,-0.3606349834932149,0.26507099406470047,1.1168626124362555,-0.3497307094052725,0.26168792578552014,1.1251987033461206,-0.39863897824209826,0.262218959301044,1.0864999840985599,-0.38457647564870595,0.2540988039333988,1.1126129925481634,-0.37107774304366725,0.24920871056570298,1.1265238912342315,-0.36080805901022595,0.2437030264530597,1.1365202249259383,-0.4097593836550449,0.25187054488963156,1.0857499290440709,-0.39742256892499733,0.24252509167553346,1.110637573689927,-0.3867900177510866,0.23702319794562265,1.1243286994480255,-0.3769941057131189,0.23171292260363488,1.1351920965276652,-0.42053979311583045,0.2414396471954252,1.0808123017147966,-0.4174756670121965,0.22997481040994117,1.0985668914691036,-0.4137340697070948,0.2218029825716608,1.1094884483262806,-0.4099516755759392,0.21480974953335558,1.1183382815906473
-0.42804061757963546,0.25855781395896965,1.0326049864005102,-0.4009030860262643,0.2658271345240967,1.0403679235473937,-0.3797269817488934,0.27722461888583705,1.0564675616896313,-0.36649621475548877,0.28697256723057063,1.0692147490203945,-0.35515852664569547,0.29501264542687916,1.079071662429339,-0.38279897992109924,0.266873780750775,1.0848712372178846,-0.3667637907179292,0.26419336865925624,1.107172281373809,-0.3538831854162326,0.2597077431813992,1.1185784198921749,-0.34273711300362225,0.25649796468419506,1.1266593324517709,-0.3923981833892318,0.2566490646276799,1.088902401292718,-0.37783356441636995,0.2484190290076196,1.1147039225761775,-0.36395859936411595,0.24363103853537474,1.1282760406635501,-0.3533975498593517,0.23820618557844142,1.1380095322634056,-0.4033968728805824,0.24623984003047308,1.088303039302919,-0.39055102619869353,0.23676980777056966,1.1128841715286855,-0.37959451603284244,0.23131844647821057,1.1263380352358479,-0.3695142339212927,0.22606134341329745,1.1369645630266976,-0.41413785763290484,0.2358066363855776,1.0835419623231815,-0.41061473052186326,0.2242201214657016,1.1011316483923368,-0.4065792884597111,0.21604575150932973,1.1119461575340392,-0.40251620271631505,0.20908078006671774,1.1206932638866536
-0.4207001418924848,0.25370815991914586,1.0372839956341218,-0.3934618240422191,0.2611440908445207,1.0445181372830123,-0.3720462270900211,0.27267612545222164,1.0601997435604633,-0.35858277624325435,0.2826052613479788,1.072557503416975,-0.3470462084993743,0.2908021668145563,1.0820476623456756,-0.3743403019490703,0.2619439290684615,1.0885739498469456,-0.35787552001579814,0.25924971451028955,1.110558049464866,-0.3447136065322835,0.2548951306925942,1.1216905450517944,-0.33334465793257895,0.25185194625522145,1.129521559816275,-0.3837300966827755,0.25161396079472853,1.0927119258660154,-0.36866362442491524,0.24329352296007561,1.1181943088121946,-0.3544307361978858,0.23860657823409254,1.1314268195034292,-0.34359000509158627,0.23327017483380655,1.1408981975869612,-0.39460940921480747,0.2411457717506644,1.0922638083244276,-0.38126472986285515,0.2315642307083081,1.1165340154460417,-0.36999306223567574,0.22616761027228638,1.129747451803668,-0.3596346070682346,0.22097536189496406,1.1401356795786812,-0.4053153405510754,0.23071129986563743,1.0876817202516473,-0.4013386888347527,0.21900561447567468,1.1050949330315678,-0.397010029911621,0.21083569646160513,1.1157988517703832,-0.3926664223349226,0.20390781755949897,1.1244399703111703
-0.41197768232114224,0.25246151114444654,1.044947889112873,-0.3846563042584737,0.26019210533555603,1.051530597343106,-0.3630241810820819,0.27199715843491357,1.066703611501669,-0.34938212650158895,0.28221856978251764,1.0786192975455715,-0.33770964787233143,0.29066644390167434,1.087714979847936,-0.36448199031042683,0.26069601608678394,1.0951880545683257,-0.34763064156895285,0.25801081014532223,1.116878379297372,-0.3342093866986031,0.25377795333968106,1.1277450101337396,-0.32264061731668003,0.25089358074736123,1.1353399246007139,-0.37368623022909503,0.2501945747510108,1.0994644100826019,-0.35820648881796097,0.24173642557484468,1.1246520544947152,-0.34365675905420234,0.23712945287656206,1.1375641830450374,-0.3325787433699548,0.23185300180860355,1.146791440904114,-0.38448126106416786,0.23963472507419728,1.0991764803612338,-0.37070690284837016,0.22989140154046195,1.1231402874823628,-0.3591513903368953,0.22454495333655047,1.1361269932157338,-0.3485350975409704,0.2194198208367972,1.1462857164182043,-0.39518706083313276,0.22919376031754618,1.0947692212183364,-0.3908282464400162,0.21732624543999401,1.1119802536207792,-0.3862354083609452,0.20914565787577763,1.1225652689859176,-0.38162930471405676,0.2022513634172046,1.1310966156329099
-0.40300250974461743,0.2541093828260057,1.053107201822701,-0.3756119353857115,0.2621371322200976,1.0590117347754555,-0.35379081335114304,0.2742548802055099,1.0736584821060986,-0.34000543598553207,0.28480822131903316,1.0851108547528583,-0.32821967755060766,0.29354446751067975,1.0937779575918516,-0.35443191910718985,0.2623145944727263,1.1023138505927335,-0.33725528951574074,0.25960028807085556,1.1237438391331231,-0.32358524572170555,0.25549085288185447,1.134344465051549,-0.31182914246611704,0.2527656597730873,1.1417069452578363,-0.3634763461544333,0.25163189075232584,1.1067259465621966,-0.34765675901380166,0.2429933978017586,1.1316397422367999,-0.33281566272751933,0.2384620531901527,1.144243339912596,-0.32153412181357105,0.2332208379548126,1.1532412370244014,-0.3742006528841787,0.24099116158356015,1.1065832249025804,-0.36004551499067644,0.23106087363786212,1.1302465045148886,-0.34823329668905667,0.22575707096346803,1.1430179601715904,-0.3373927063414874,0.22067669887565394,1.152959978746246,-0.3849051694577324,0.23056647903259728,1.1023382518498355,-0.38020303389529575,0.218540787623135,1.1193479395576493,-0.3753757727193353,0.2103396188621831,1.1298120260103715,-0.37053911207626034,0.20346754781179635,1.1382329948264105
-0.3936994855340794,0.25484418873806997,1.056684922966033,-0.3662261276830309,0.2628755831093226,1.0621861179522976,-0.3441957264426293,0.27500036268813605,1.0765102071661112,-0.3301891292118606,0.2856315962317862,1.0876168981389582,-0.31819593341400665,0.29443454981220485,1.0959244870698377,-0.34420871291708643,0.2628299040939026,1.1050027647249743,-0.3266723841476503,0.26002770746305287,1.126127947316815,-0.3127525024560971,0.2560576555847396,1.1364529851638403,-0.30081125133195297,0.2534931773560461,1.1435711821988195,-0.3530696964718647,0.2521279190406404,1.1094605563801672,-0.33678859750011675,0.2434149503216222,1.1340489704210621,-0.32163429986325437,0.2390020923313873,1.1463174603376156,-0.31011780441408215,0.2338502539847004,1.1550658630026562,-0.36365743143287793,0.24150576937016596,1.1094189848782463,-0.3490377264753784,0.23151067057682975,1.1327704639865583,-0.33695023475560815,0.2262595497921652,1.1453039063722112,-0.3258959156741483,0.22121283328199165,1.15502527433585,-0.3742789225821794,0.23114156075992442,1.1053316648180844,-0.3691191699671997,0.2190768413373541,1.1221802940456318,-0.3640283199942026,0.21089582026472048,1.1325346586112703,-0.35896170901150076,0.20405857410692355,1.1408480743127851
-0.3838509410641703,0.25183517672211647,1.0535531747877371,-0.35629645083614464,0.2597520921057364,1.0588090622025799,-0.33402053167609336,0.2716756145196332,1.0729208101195942,-0.3197238476447181,0.2821831212669898,1.083772704178799,-0.3074779676287216,0.29086823987593247,1.0918319788615203,-0.33346172543931896,0.25959217112480526,1.1009712941384904,-0.3154596060247666,0.25677032315979753,1.1216983137711556,-0.301304436188279,0.25293668434116157,1.1317514329425513,-0.28919292809061914,0.2505189153788834,1.1386292611513293,-0.34209436081267347,0.2489668934971713,1.10543367516711,-0.32519756384067167,0.2403235071075702,1.1296281008986693,-0.3097200804613085,0.23605024489560034,1.1415372837274973,-0.29792987242144664,0.231058248647967,1.1500093922496586,-0.35250112602395667,0.2383976978981698,1.1054949016690714,-0.33733125796956603,0.22845216874632793,1.1285142609690404,-0.32494050968767263,0.22327571175099686,1.1407797635512984,-0.3136426751053243,0.2183088217806306,1.1502592809833947,-0.36301270031955224,0.22808406307806597,1.1015857747027527,-0.35730369114982513,0.21603751759608744,1.1182694423118575,-0.35189965345387325,0.2079221807649351,1.128516217877579,-0.3465625132484806,0.20115718795765347,1.136718727813199
-0.37422820810193497,0.24613849377574512,1.0460024388759246,-0.34667463307413626,0.25453521323858797,1.0504574853274269,-0.3242208812359891,0.26684512912899494,1.0639416756855908,-0.30982236423653875,0.27769009373030173,1.0743164493228263,-0.297550320611129,0.28664776220682575,1.082030196256053,-0.3227167758480954,0.25407763900819713,1.0921680578618054,-0.30431515172429197,0.2513902651907447,1.112559397292501,-0.2899547447609365,0.24766009886592327,1.1223571213038122,-0.2777014262716585,0.2453754591003679,1.1290261064714415,-0.33117821731327834,0.24322393850027887,1.096812172423889,-0.3139147189945466,0.2344771373837001,1.1207087246584497,-0.29818564075986187,0.23026153233086663,1.132304701084213,-0.28620062217916936,0.22533853146876687,1.140540540270544,-0.3415449541400457,0.2325239859010723,1.0970687665039014,-0.3260155177771277,0.22241503772951496,1.1197750458687306,-0.3133747551675164,0.21730169956254286,1.131809737266634,-0.3018276737370584,0.21245646845546057,1.1410488367319813,-0.35212363286541504,0.22218002131569217,1.0933612572971345,-0.34611538656781854,0.20992541616174026,1.1097863124747787,-0.3404636342703961,0.20180950677176474,1.1198981093249372,-0.3348629043379946,0.19510939016041876,1.1279771949240134
-0.36523284397755074,0.24091355451433172,1.0367748761322566,-0.3377949380882211,0.2502494377986108,1.0398659013903009,-0.31533137210692236,0.263599319635086,1.0523036362648341,-0.30111379793147314,0.2753488809599534,1.0619148209082436,-0.28906244984398516,0.2850827262220825,1.0690114424083845,-0.3125716851456021,0.24920071225020773,1.0815615641472278,-0.2940580580254888,0.24655598763212516,1.1018568718501978,-0.27949935757025257,0.24292455404508076,1.1113956220787882,-0.2671138404151006,0.24079207777991612,1.11786789106285,-0.32099915882198893,0.23781096828018217,1.0865461571966477,-0.30384559468967476,0.22858617597140593,1.1103419248264481,-0.2879505118440262,0.2243489742037475,1.1217012540254496,-0.2759176772950294,0.2192991778463477,1.1297892763075743,-0.33148806672988296,0.2268589072036398,1.0870250167200408,-0.3159039990596857,0.21626943118345096,1.1094733837418842,-0.303123002594252,0.2111665735322173,1.1213635425611326,-0.2914184912132052,0.20635438816976429,1.1304200097720039,-0.3422588655446776,0.216496963386934,1.0834814572953282,-0.33627535296302347,0.20384586834466492,1.099612302904197,-0.3305281256224157,0.19560930173682978,1.1095715736208036,-0.3247770901955533,0.18889164897432506,1.1175295944413293
-0.35620819920673474,0.2374360076922382,1.0270661942610002,-0.3286468906733124,0.24646000206868587,1.0299805777043036,-0.3060305327731865,0.25968391770286203,1.0422751619220312,-0.2916274228962289,0.2714409702720057,1.0515965683486177,-0.2793441762142677,0.2811796784517718,1.0582767019527146,-0.30298860674303696,0.24514813275462524,1.071291980418325,-0.2843458585269086,0.24215064017947868,1.0914193610084142,-0.2695796667910805,0.2386642313414877,1.1006894936828144,-0.2570512742190104,0.23668399733289794,1.1069310326641415,-0.3113270767970609,0.23385379137230358,1.0762218443946052,-0.2939061330089149,0.2244491919567276,1.0997514925015304,-0.27777998627477846,0.2203402030740738,1.1108287439301339,-0.2656184337728419,0.21530975259737706,1.1187342397219884,-0.3216728411076558,0.22305890140942516,1.0766840094841217,-0.3057477547724447,0.21239486264573706,1.0988560470977795,-0.2927847893467416,0.2073115688086726,1.1105560708047308,-0.28101190262026426,0.20240886424811974,1.1194743071264883,-0.33225310217390186,0.21289240585862873,1.0732099182810664,-0.32585055013449543,0.2003279205238285,1.0892473072298567,-0.3199366210894174,0.19209206115785843,1.0991090914776658,-0.31409364621611435,0.18534918448920792,1.1069783113475038
-0.34668407744302226,0.23561107896384392,1.0188907748281373,-0.3187302838307017,0.24194787587259445,1.024180601011699,-0.29553798917990576,0.25209499464000007,1.0382049312988828,-0.2799351156545649,0.2613067012024448,1.0484157724479048,-0.2664656371604272,0.2688995413797647,1.0555758491351181,-0.29358633525343736,0.24152587040455376,1.063537914409466,-0.2739949284355068,0.23820455387255454,1.0826897839682044,-0.25906835139733775,0.2348001273778045,1.091730691164459,-0.24642493161658174,0.23283060184871993,1.097739323409985,-0.301391971417599,0.2317280997826638,1.067644984564658,-0.2821427185157389,0.22342236941138824,1.0901407890266643,-0.26561774282216616,0.21964376635991215,1.1007374505125933,-0.2529662221689965,0.21522276686433106,1.1082274066935986,-0.31092259801738836,0.2217761205323381,1.0677889368191897,-0.29369915489249143,0.21213630015590518,1.0894535674302197,-0.2802558244185822,0.2072235481364339,1.1006745583387614,-0.2682267495987134,0.202473029230163,1.1093293975673322,-0.32060206391660817,0.21199962877201683,1.0643628137257504,-0.31259841912627023,0.2004711794027183,1.0804591901456195,-0.30607599617147857,0.192655241285262,1.090278957705979,-0.29989706941777494,0.18611715855138958,1.0980639240409056
-0.33583980250635137,0.23754449421569065,1.0143665859511877,-0.3080598269592675,0.24083813755355707,1.022550515667504,-0.28454073121510864,0.24658601800774171,1.0384042974281658,-0.267768055065403,0.2514041821488161,1.049719292173975,-0.25328241813971997,0.25522568487629704,1.0578376177889206,-0.2824973546136815,0.24214459971772498,1.0588766335629498,-0.26107381103743277,0.23939179527255056,1.0760551760077999,-0.24604230186251913,0.23586562149531096,1.0848728092040174,-0.2333410562597023,0.23372015283162728,1.0906963888913044,-0.28933350151377496,0.23431581581428365,1.062012834138642,-0.26725126760701123,0.22814332541956273,1.082503207992893,-0.25030235179679555,0.22451718770885654,1.0924644968403454,-0.23702796132566917,0.2210155608617828,1.0993372562581345,-0.2977448840042136,0.22524462165461354,1.0618935262157523,-0.2787118019642366,0.2169829608182368,1.0825917410605888,-0.2645255412006634,0.21239183710625456,1.0930052175316962,-0.2518675897619929,0.2083813691434516,1.1011209260693926,-0.30633890658261004,0.21570829039009473,1.058619898521467,-0.2963046077997843,0.20535879589117703,1.0743760915957585,-0.2888183788678856,0.19819903554649826,1.0840069240095511,-0.2819139517630847,0.19217088520681738,1.0915912270319277
-0.32273105886180864,0.2469577159001482,1.0120192697082888,-0.2950366009404644,0.24987826550594028,1.0206238745149177,-0.27120754643666,0.25375699653627753,1.0365819444954076,-0.25404328792289504,0.25599058346442416,1.0481130240683698,-0.23940249590817883,0.25730514502205215,1.05673067503149,-0.2677939651404653,0.2525843765756299,1.054421846036959,-0.24454942922327583,0.2513410636302744,1.0692473037068158,-0.22932222529760693,0.2476963894563068,1.0776722331152768,-0.21654813322597585,0.24540504309366523,1.0832767901554008,-0.2738109530518187,0.24556194491084588,1.0572774229346096,-0.24942952496925008,0.24122094406995864,1.0755060210438134,-0.23209719519441008,0.23744749765285303,1.0847252045247187,-0.2183543758799178,0.2346503543486993,1.0909715283712809,-0.2815778661835386,0.23645749863768042,1.0573787218813575,-0.2609712860313359,0.2286778454061831,1.0767119885351675,-0.2459827772802229,0.224464531246694,1.0861120679399592,-0.23254432415456594,0.2216162289015246,1.0934242129271206,-0.2898074819404972,0.2265272635300049,1.0544941214433687,-0.2784891876388013,0.21626557789689,1.0694156103338188,-0.270004645224881,0.20961239852398705,1.0785701976568474,-0.2621742523048009,0.20425043413689636,1.0857441538267207
-0.30892634858924095,0.26376215281286086,1.008287665305069,-0.28089071173490054,0.2688706642577381,1.014407960267272,-0.25643135086075997,0.2740752437830252,1.028974373966145,-0.2390766227595741,0.2768990237352981,1.0400832063226972,-0.22432341000420702,0.27840785571439564,1.0484743272539474,-0.25169131784330834,0.2725110875190734,1.0469571552581567,-0.2272952122472259,0.2729568817891326,1.0598521066508488,-0.21156659238078754,0.2697945995306065,1.06751639479655,-0.19856119836248082,0.2677945769880145,1.0726834434978705,-0.2572232883859174,0.2650612163696747,1.0503415754925791,-0.2314784850735838,0.2617879437847963,1.0668361473775134,-0.2136751061397953,0.2580822483338312,1.0751397259497797,-0.1996077776415407,0.255710700666258,1.0808134976717922,-0.2648220013133947,0.2550460603007591,1.0511847049967165,-0.24279632062114004,0.24721855631783174,1.0688631925145706,-0.22706471970590492,0.2434779280194852,1.0771874544147342,-0.21301929123613864,0.24165486721500956,1.0836352991226277,-0.2733247058743045,0.24409220009785104,1.0489213253352276,-0.2612525467889375,0.23330590309342442,1.0628488369791067,-0.25170878344104575,0.22714592789196641,1.071276767417444,-0.24292044839177462,0.22254611339828986,1.0778447378942388
-0.2972118278691258,0.2829829118305633,1.0014114811441095,-0.2691154748915759,0.29027136784019963,1.0040619889806908,-0.24423400787327235,0.29772694519828957,1.0168234683513517,-0.22686305140685625,0.3025307595978391,1.027203242706678,-0.211879158319376,0.3054698672357724,1.0347656077643,-0.2381570256709432,0.29531160176025006,1.0361714552258685,-0.21328649337277822,0.29690575817817255,1.0480274140958816,-0.1968529222397951,0.29518433622649365,1.0545928745555375,-0.18347318367689291,0.2940561342437053,1.0590142445127482,-0.24318517194358852,0.28754113415110577,1.0401899341992848,-0.21652310196834276,0.28559945803153297,1.0553867770014824,-0.1980687495834353,0.28296964110204426,1.0626091615323838,-0.1836585566158161,0.2811658855689492,1.0675889667076586,-0.2503889739983184,0.2767521607428785,1.041786198825984,-0.22662610097741404,0.27029565217944745,1.0576786093555903,-0.21027579051117418,0.2673106888404754,1.0650627982161012,-0.19588623597923943,0.2659480661072656,1.070829625128075,-0.2588758761446098,0.2646828991946355,1.0401534825658183,-0.2454690152997291,0.25448381800120645,1.0532794733374267,-0.23469349937065623,0.24933146256936428,1.060855766280737,-0.224967211724742,0.24571549158519468,1.066674309480638
-0.28871782204970947,0.30074862003666125,0.9918141964129885,-0.2606401235689304,0.3085657995088396,0.9921081123150273,-0.23551763711365004,0.3170426190405924,1.0037069310214104,-0.21811725664813122,0.32301503945898036,1.013408654116415,-0.20292057439955005,0.3264033404055858,1.0203314451980545,-0.22856679043932424,0.3158350649155732,1.0234681793114384,-0.20352322373559303,0.3180725248046828,1.0348463167779443,-0.18665775638413887,0.31772672998243734,1.0404647918133776,-0.1730162620783033,0.3172780734763609,1.044145429865063,-0.23298493386865743,0.308566255337533,1.0275375097513844,-0.20550438870920612,0.30894037832683136,1.041330978582725,-0.18649921715270648,0.30807338954161534,1.0474704966334758,-0.1716949695983073,0.3072525890799461,1.0514537360087925,-0.2393259547736341,0.29777107693778704,1.0294027241267956,-0.21396382339845868,0.2944769444647223,1.0437149682847555,-0.19715075275692442,0.2925246785819899,1.0503691562240185,-0.1825182135732632,0.2914134937126377,1.0555485749363829,-0.24707605531347118,0.2849685050143419,1.0281794210682316,-0.23176437681055198,0.2769574986950392,1.0407266553378163,-0.219965121752884,0.273202408976748,1.0475629998352995,-0.20947284423658488,0.27074287066528874,1.0526022603280665
-0.2836037609249168,0.3157553290580409,0.9812177403168889,-0.2555243956248983,0.3234845239022486,0.9800512820691802,-0.2300136981255255,0.3320727043942332,0.9906802923422857,-0.21221651261600713,0.33802475672108767,0.9996468824438299,-0.196887284913492,0.34051687488916393,1.0066575098130404,-0.2227607025385284,0.3326757190875181,1.0105357331481568,-0.1973960915096426,0.33589020831282707,1.0209257301924302,-0.1803560139228463,0.33584150635796195,1.0260015758088175,-0.16659596863444975,0.33542627663435876,1.0292152176622316,-0.22665636875808162,0.32593337686149226,1.014336122386061,-0.19851991438508068,0.32882854860168154,1.026400036700402,-0.17920552146027532,0.32918322256537186,1.0315449691262826,-0.164129565362768,0.3294011837659578,1.0344387029827313,-0.23214915087460858,0.31528775458325237,1.0160534147081788,-0.20598549375781755,0.31449281520332467,1.0292352380697647,-0.1888366263333268,0.3134544767637069,1.0352024068244745,-0.17392702302530474,0.3130255179003867,1.039639977833962,-0.2389746021582503,0.3020337710996677,1.0147652494082342,-0.22251438193381895,0.2956577252605261,1.0267845671201878,-0.21027665552682118,0.2926793740481913,1.033220886040195,-0.19938486254307144,0.2910822768687045,1.0377319267956029
-0.28132194227129864,0.3268059563370701,0.972374930277121,-0.2537568976870981,0.3358054596123045,0.9694204267138569,-0.22787802048912606,0.3454514845212048,0.9780671780623317,-0.20946383120077516,0.3514853838940875,0.9856220551772584,-0.19415248970538856,0.35325613611157297,0.9928864910965202,-0.22008171703074153,0.34573845784109786,0.9995579627698213,-0.19424624761250595,0.3508364549332824,1.0078155300746516,-0.1770563748105789,0.3507072839140747,1.0123567207408986,-0.16321060792334505,0.35046120818452714,1.0151980130637348,-0.22352301105709793,0.33843054588009264,1.0034808433970515,-0.19490901775847785,0.3435014418715028,1.0135359671667397,-0.17538289170434138,0.3443778584208594,1.0177317022264347,-0.16021314441474416,0.3453659853528218,1.0198783338452682,-0.22850899672736258,0.32698434314781216,1.005117573614728,-0.2018795066176317,0.3269158523814117,1.0173566469043807,-0.18447528407951094,0.32639526418570414,1.0226093537664847,-0.1693628585585122,0.3269313832644631,1.026283518185629,-0.23498278902567102,0.3128052474454689,1.00339333381873,-0.21822181775746902,0.3061874842304451,1.0148533451981696,-0.20589448548839995,0.30315225004860086,1.0210889652464026,-0.19493435949170526,0.30181778935365067,1.0255191136963697
-0.28025570513674675,0.3339821153564977,0.9668731010305516,-0.2541425305948761,0.3459620623126636,0.961960380836147,-0.22847897793122635,0.35795551948123155,0.9678821576201024,-0.209736943619999,0.3650814854646761,0.973406941388767,-0.19429726801187092,0.3675625618941585,0.9801749136032474,-0.2190337490410426,0.3560614957235462,0.9916136570193776,-0.1930555221768255,0.3635158845240991,0.9972004529533431,-0.1756895001539058,0.36415102057605997,1.0009619295331997,-0.1617811905887195,0.364970573228451,1.0033548387485711,-0.22182509187136623,0.3471684593815915,0.9961204791567309,-0.19295084534863313,0.3540863061479894,1.0041205664396295,-0.1733038383383637,0.3555183587040482,1.0075244228344085,-0.15815324023459856,0.3570264834023073,1.0094968811897544,-0.22644019706071075,0.33402860470375934,0.9979409084986273,-0.19925849609665364,0.33438398986044604,1.0088934508322505,-0.1816722040076332,0.3342197529127143,1.0135264045757915,-0.16649664292840832,0.3354242905691188,1.0167549875371333,-0.23312787796972748,0.3184754775424004,0.9959246142695752,-0.21595976514745568,0.31151303522733076,1.0065470955132196,-0.20346839791253268,0.30849470904006265,1.0124559174284693,-0.19255160989721606,0.3071733440308982,1.0169956416975996
-0.2791015131615671,0.33964404288600547,0.9632917441788927,-0.25460592953293393,0.35440289063609753,0.9576619458505776,-0.22952090150689683,0.3681534151675832,0.9620429085866824,-0.21091962842365017,0.3765090494892117,0.9661346675943268,-0.1952542771876465,0.38021577260982853,0.9717205198470149,-0.2181722966022005,0.3647165275506131,0.9858022559104861,-0.19243839617029418,0.37389372252815267,0.9897001955086927,-0.1750565537091848,0.37593389081959105,0.9928370874044435,-0.16122956090508572,0.3780539800584004,0.9948762655817934,-0.22017859400604642,0.35450413155273264,0.9906905165160121,-0.19123377335047617,0.3624983240566286,0.9973139866110946,-0.17160753981288718,0.3648806125242204,1.0002766806766985,-0.1565100652442394,0.3667068339343357,1.0023830595555228,-0.2243448781091438,0.3401444548669208,0.9926648651775171,-0.1966697066911559,0.3418684306504293,1.0021539190798663,-0.17897210628612195,0.3422561687784896,1.006326867995552,-0.16378892214180307,0.3437437785278077,1.0093977391173485,-0.23118149712433567,0.32378121640678337,0.9908148459361582,-0.21294406179318084,0.31815175602933643,1.0003940910547051,-0.2000853492849955,0.3158185004200899,1.0058040962016848,-0.18908698544216443,0.3147540893260429,1.0102125408596239
-0.2777097899804291,0.3455776272065506,0.9596471015328442,-0.2535137691392808,0.36114459836483026,0.9549808591637353,-0.22841297765029936,0.3746138487406941,0.9600855581158931,-0.20988656824597074,0.3830802263641275,0.9642878291128141,-0.19408530437754118,0.387256768137359,0.9691066806363466,-0.216747897434841,0.37057015841141044,0.9821580565869431,-0.19113578038192944,0.37999037813271347,0.9862723478596466,-0.17386041770140567,0.382805406035972,0.9893977737388006,-0.16010564806847583,0.3853774898489488,0.9914051235409419,-0.21855682815659644,0.3601897771019331,0.9866811087362793,-0.1895382984106884,0.36797979709086054,0.9932248563346274,-0.17001303704944074,0.3712174023836319,0.9960398124771553,-0.15492932959625894,0.37314704264802695,0.9981526098852708,-0.22259135386646786,0.3460187013741147,0.9883365279046737,-0.19475973132247415,0.3489679433898368,0.9970332001176633,-0.17701560225377222,0.34985245780996593,1.0009232414335059,-0.16181224690812038,0.35140986880226127,1.0038566302942207,-0.2293079007784309,0.33022922072070987,0.9866130406279715,-0.2101861515988952,0.326573380141055,0.9953908733110189,-0.1970701855957365,0.3249390519044628,1.0004266584350736,-0.185898558730466,0.32423060235473583,1.0044545877935898
-0.2763203725699067,0.3510944694400565,0.9561717059718604,-0.25143307911498425,0.3659334510898308,0.9530127375450642,-0.22596030917709406,0.3778395032600811,0.9598619932611102,-0.20733828019105005,0.3855555044818095,0.9649854528930536,-0.19157813035726473,0.3895207437633823,0.9701078864636961,-0.21520914310140396,0.3722578510118622,0.981964165519324,-0.18946968790231977,0.38062722174591956,0.9873569896196034,-0.17225988817334625,0.3833737870585218,0.9908797721899697,-0.15851413449940105,0.3858863830873758,0.9930198360103059,-0.21760007893365,0.3623266818036508,0.9856537324161742,-0.18851570568611023,0.36898097225369986,0.9930968341941363,-0.16905178434876222,0.37252850740454785,0.995962607714182,-0.15395201852028342,0.3744298742744881,0.9979843720233644,-0.22215212644707738,0.34906006850991567,0.9865523257227272,-0.19436738651871438,0.35163258009671894,0.9955144549746303,-0.17663667702386626,0.35228836401686897,0.9995095509515134,-0.1613907886177407,0.35356095190799874,1.0023583611839726,-0.22885840925562717,0.3348554327039874,0.9842632359319355,-0.20975885262550473,0.33129539985289486,0.9931283310398512,-0.19669813832116637,0.3294322262667027,0.9982278458054693,-0.18551069707753615,0.3285034310802606,1.0021661018180335
-0.2749441723111359,0.35441597820613857,0.9544805458935681,-0.2500399715068822,0.3693676452969954,0.9520763273217958,-0.2245233513614343,0.3806305114900258,0.9597950274665101,-0.20593781998399105,0.38819422878849885,0.9652662870159908,-0.19043111562551138,0.39196307042921336,0.9712397888076588,-0.21442229151132416,0.3712385456729287,0.9845109508940352,-0.18850800187013766,0.3783417903399758,0.9908071386135264,-0.17133465468122872,0.3808152137630321,0.9946916138245829,-0.1576230005599289,0.38343577814968205,0.9969191549751268,-0.21744129242499535,0.3614138334879367,0.9874634837376632,-0.18839530065192947,0.3668372132590391,0.995978025795244,-0.1689477716201097,0.3702041211731558,0.9991559878773895,-0.1538554510954447,0.3720433326983903,1.0012878455455057,-0.22270040956576448,0.3486564794659609,0.9876277503018134,-0.1950831995017342,0.3496703610304023,0.9973843430437155,-0.17749611473211777,0.3493611912156615,1.0020068712412618,-0.1622555072337982,0.3498869582919211,1.0051084458473183,-0.22955110046426153,0.33570492545375435,0.9843944868653163,-0.21118005600116255,0.3305489592442212,0.993984979366825,-0.19843356475926302,0.32780109160274423,0.9994653907785433,-0.1875404938295532,0.3260073941633361,1.003898788765946
-0.27368183921512745,0.3539865139553816,0.9553633228945387,-0.24986559223557592,0.37064725629087025,0.9531820668172475,-0.2246501614731006,0.3828262268926153,0.9604884419101258,-0.206293228171153,0.39128925039382884,0.9653840225678911,-0.19102519774821233,0.3953404336636518,0.9717730703958231,-0.21380856975167403,0.36943590805335996,0.987366914598837,-0.1877598981808657,0.375859729416777,0.9938360490612964,-0.17061175392845915,0.3782234077811125,0.9978962212318417,-0.1569490841391758,0.3810330062767478,1.000193255525541,-0.21695725430529006,0.35916694587519643,0.9899886020198125,-0.18798393279106426,0.3637025888372248,0.9992381801738272,-0.16856041917307613,0.3666755660325769,1.0029165524590797,-0.1535084469907254,0.3684231249938714,1.0053843097545658,-0.22260921276549067,0.3461581286957042,0.9898832148899761,-0.1952109075532319,0.3458260680133329,1.000282828184612,-0.17788151250836892,0.3446786427130122,1.0056813822655113,-0.16275327091438174,0.3444827860030121,1.009324218989323,-0.2297004985821905,0.3333142986119186,0.9860843176730655,-0.2120639571519869,0.32689394992241194,0.9962719738179481,-0.19961869776934876,0.32355493007086966,1.0021050853483797,-0.1891327872818528,0.3210609899041055,1.0071406892040615
-0.2728078676000107,0.34857879612451215,0.9582751661507044,-0.24978706011467544,0.36638611710284835,0.956696060159043,-0.22476115795961182,0.37936771333887914,0.963231407964864,-0.20654626832986137,0.388495408435019,0.9674110556795456,-0.19129782654729527,0.39320510591754754,0.97338169583416,-0.21263530356878405,0.3651911906804975,0.9891136638643998,-0.18649572416123833,0.37148600150281236,0.9953383098233436,-0.16935620887069677,0.37393445107829715,0.9993846581829692,-0.15571288123785365,0.3767546915430899,1.0017814499652786,-0.21549049113722804,0.354697635741369,0.9917520763985032,-0.18649568947651746,0.35864841570102163,1.0012005115620308,-0.16708257089216794,0.36132890030648795,1.0051486410496504,-0.15206462438797871,0.3630560717264878,1.007828905337763,-0.22111372048335098,0.3411543480784533,0.9919487827771863,-0.19381722528809953,0.3402736272692743,1.0025815166867091,-0.17658729549718008,0.3391288687430144,1.008290102406629,-0.16155749427489546,0.33888049405553583,1.012316974419306,-0.22857052567293135,0.32747180684372834,0.9883256389254675,-0.21115343275871465,0.32075462648717723,0.9986977732822723,-0.19877427646199214,0.3173979115035548,1.0046599606909865,-0.18842573734518445,0.3148313143858238,1.0099374297701655
-0.2723775564429125,0.338501692321096,0.9618947685629723,-0.24865031596779347,0.35541703257364654,0.9612305720471934,-0.22315472622332208,0.3674946231157628,0.967683098740806,-0.20455741526321633,0.3757188072198981,0.9720499394621229,-0.1891530676464779,0.3806016541839138,0.9774544423123234,-0.2111176228451124,0.3549929483758252,0.9905824151298113,-0.18479413578577195,0.3610365704746854,0.996256666901562,-0.16761380106391485,0.3636992465730424,0.9999818621455772,-0.15395982660884597,0.3664508378786511,1.0023977435357385,-0.21390103695971946,0.34505565407163125,0.9932151711318504,-0.18470889697274007,0.3483509983085245,1.0023003118579976,-0.1652211498975175,0.3510287977031047,1.00586387772321,-0.15018601200296072,0.35302104306777865,1.0082474133049635,-0.21942129725557166,0.33165475219105117,0.9936764260929614,-0.19209037921381586,0.33042491492369913,1.0041853636591231,-0.17466693878356676,0.32998606212980164,1.0093815194885785,-0.15959215454953385,0.33039087841018344,1.0132233051475836,-0.22720404618060797,0.3174513267333491,0.9905603299644674,-0.20968154079115162,0.3106983247222394,1.000729674946074,-0.19718526500954867,0.3075064734934786,1.0065360423233738,-0.18662099483607372,0.3053441066232242,1.0115611520454384
-0.2722007492171952,0.3270835046772098,0.9647782306968593,-0.24677203864685712,0.3413289429682203,0.9647779812006257,-0.2203733999348978,0.35067806062189844,0.9720741626475417,-0.201185975072342,0.3564258089335409,0.9776752869543857,-0.1855333989026974,0.3601586084710318,0.9832795565674148,-0.2098015299440038,0.33904893834080463,0.9932543239603616,-0.1830869664786141,0.3438156286584071,0.9982801805516358,-0.16577585821113974,0.3462963058018893,1.0014899463106013,-0.15205357129527447,0.3486943257077012,1.0038955851767044,-0.2133051583593441,0.3297149325178627,0.9958878807687642,-0.1838226743240756,0.3316486356928603,1.0044098547075921,-0.1641981810847407,0.3342104202403893,1.0072309223020515,-0.14912050055833553,0.3365609184894283,1.0089174462111061,-0.21941123956555852,0.31726594076613834,0.9960544651442244,-0.19207775226288107,0.3149210777715689,1.006365209001478,-0.17438098546925035,0.3149027324790882,1.0105596114746827,-0.15917402007348133,0.31585722708357256,1.0137233839815392,-0.22766282694311343,0.3041007255560575,0.9929499128375375,-0.2102050733877147,0.29674935486035586,1.0028109978860424,-0.19760587372342192,0.2933905208419376,1.0082916115973517,-0.18667931967709858,0.2917077883282307,1.0126859477768702
-0.2723124247941979,0.317642435292078,0.9669541430756642,-0.24517600747352497,0.3282685181506767,0.9674571853360548,-0.21814936568122642,0.3340234674456076,0.9760577424399144,-0.1987853223952935,0.33678113514733876,0.9831284972424995,-0.18309397212729928,0.3381707609417681,0.9896242834110639,-0.20986070459252387,0.3210883868791152,0.9975422145697127,-0.18281516551756907,0.3231507724020208,1.0026347438338714,-0.1653591613680612,0.3241738960054935,1.0058552968904482,-0.1515436602222497,0.32523236663945393,1.0086571398609276,-0.21483614487041663,0.31174541205335354,1.0001976044721168,-0.18529158169463736,0.31125549747820186,1.008709882847168,-0.16555362616965671,0.3126600993721842,1.0115527867418632,-0.1504020861796964,0.3147071784030802,1.0129477628509007,-0.22223738965601098,0.3007010525670512,0.9996160496165917,-0.19523398460551372,0.2962620345509482,1.010106072696181,-0.17747817254516807,0.29530600512744243,1.013925241378526,-0.16216408160558068,0.29571820549879135,1.0166603871737543,-0.2310737061990246,0.28993826725113364,0.995890720154622,-0.21409533595940966,0.28151886448644264,1.0057347746919034,-0.20162535078312174,0.27752465630094947,1.011083091760916,-0.1905109287964679,0.2758815784070694,1.0149947770033352
-0.27368551132480956,0.3074120059631365,0.9710543880527742,-0.24552953958154808,0.31476430477328016,0.9727087129405396,-0.21840750283424493,0.3180263331466094,0.9822629101345863,-0.19909210119503226,0.3190941163379219,0.9899010758556992,-0.18355577009009097,0.3190127019714995,0.9968982580405299,-0.21235215986780748,0.30369978486329824,1.003798264881445,-0.1855599193204703,0.3026719051712492,1.0103379729787998,-0.16840107807646648,0.30120147656782476,1.014758700481276,-0.15484237648724633,0.3001748152594809,1.0186247493423912,-0.21871192871086576,0.2938163263222527,1.0062181203953837,-0.1897006617200291,0.290370502408032,1.0158125353234293,-0.17022659697957762,0.2892455763345525,1.0201871485812017,-0.1550558648400544,0.289843942804868,1.0224667316327543,-0.22729150782123805,0.28372130598686074,1.0049316208966685,-0.20112190209300213,0.276942151733038,1.0162508149099534,-0.18380849994222906,0.27398253779644816,1.0209684090973632,-0.16862324870111403,0.27283969491805904,1.0241737745792978,-0.23657056977775437,0.27486906973660336,1.0005317818821768,-0.2202793422495607,0.26553407832764403,1.010705800245625,-0.2082387952075955,0.26071774514883383,1.0163526477234224,-0.19730291465634897,0.25837295482097294,1.0204072546569947
-0.27853224803747867,0.28875206179575935,0.9797606414893032,-0.2501378162944043,0.29434340984092255,0.9832312187411445,-0.22307775739162744,0.297284448747788,0.9930613709668095,-0.20355173349103092,0.298721678061038,1.0000781536729648,-0.18778241629059617,0.29988054547449844,1.0064287782390393,-0.21721915054896904,0.28507849097847054,1.012546782006727,-0.191097306337044,0.2825158259881743,1.021074998427629,-0.17457596841921283,0.27971174699296686,1.0270175028793997,-0.16141133932735688,0.2778801024236221,1.0318316876566547,-0.22349264666995228,0.2748813256487285,1.0147130423026316,-0.19544019176665914,0.2692387682231442,1.025973656507488,-0.17684361112135544,0.2656211847402405,1.0323550494109304,-0.16203901511133367,0.26436944208506263,1.036223218522557,-0.23252729835103225,0.2641034871822421,1.0134846997487144,-0.20736922417737175,0.2556260685115064,1.0258997722830365,-0.19077579570042913,0.25111145643712707,1.0318196804583033,-0.17597443979019708,0.24862249261958136,1.0359303051440214,-0.24257934644550333,0.25467011605663664,1.0089374845846837,-0.22687878469534944,0.24465081146493756,1.0193855803379233,-0.2154076423505728,0.23899396022668412,1.0254247567859776,-0.20493842488059047,0.23546905650389952,1.029840852551453
-0.2893325841463249,0.2599200586346549,0.9909014257041309,-0.26084268814482464,0.26337455239229446,0.9959949639770207,-0.23390799327752548,0.26572544222921546,1.0063160065519423,-0.21422365917230632,0.2670900428694526,1.0128910603872885,-0.19828835744624965,0.2692280606888627,1.0185337379195027,-0.2273548267160011,0.2587149371989199,1.022603591599326,-0.20161747284377243,0.2562775637729542,1.032262592512691,-0.18522650346910385,0.2539419778901682,1.0387442579089183,-0.17204446609499968,0.2527254506897659,1.0437033614834068,-0.23246240317124903,0.25047675783334317,1.0243683040827665,-0.2049544820262591,0.24423081217324646,1.036610956971951,-0.18685392175252752,0.2397741354260666,1.0438324282548217,-0.1724397369867623,0.23751810679263705,1.0486123097715974,-0.2404377821750169,0.24005223786736465,1.0237021538936109,-0.21572088547369084,0.23104384750857448,1.036619323478255,-0.1994021278409207,0.2260654161824129,1.0429187103102198,-0.18481825475554853,0.2230636984741167,1.0474433815250934,-0.2501494292025619,0.22939368638590077,1.019854824420737,-0.23445159708208668,0.2191508343955342,1.0300880476891565,-0.2232621119476838,0.21295266053345693,1.0361243369465587,-0.21315141957381892,0.20846028637543337,1.0404974178563895
-0.303108508241553,0.23204837416648888,0.9989325075712192,-0.2748351327656855,0.2296341020638695,1.0055912884544131,-0.24858965915895692,0.22791499241479443,1.017663909032654,-0.22933709819881246,0.22585647726886215,1.0252578466726943,-0.21353435108199606,0.22515963617027565,1.0315928578861342,-0.2418163525180214,0.2267073581614841,1.0315280172467869,-0.2161768423472247,0.22430143675526693,1.0414515011408148,-0.19957873835317833,0.22256882620494353,1.0475859798676157,-0.18626689961188986,0.2215720501369938,1.0522378765582567,-0.24633108141207927,0.22270390835824924,1.032584106700454,-0.21871040564582703,0.21684780870018092,1.0447654235292398,-0.20040955246128583,0.21273907535849546,1.0516819964079103,-0.1860543466064243,0.21013306517345562,1.0564613719686822,-0.2527657759811595,0.21622533754305756,1.0317434897599107,-0.22765217637680146,0.20782656549104053,1.044301240052422,-0.21114831023918001,0.20299162193604767,1.050218555908166,-0.1965711698679859,0.19973667739452303,1.0545871515181247,-0.2600383216261022,0.20807935628435056,1.0285285130100483,-0.24329802341206477,0.19885750595488624,1.0380561937796038,-0.2316896130821437,0.19300758506405033,1.0436313135074422,-0.22146393267706105,0.18837522947209154,1.0475693465724751
-0.31223455583255444,0.21569770653620576,1.0028893903593783,-0.28706122543271145,0.20347769474093919,1.0110457732426879,-0.26369220849625274,0.19428622334065673,1.025430984098789,-0.24700145495554143,0.18598933858721983,1.03465849333164,-0.23391526424214834,0.17834673126492107,1.0424486754193056,-0.2550653965468633,0.19846391359943133,1.0387000823911312,-0.22979916440684417,0.1945313287593283,1.0490827969749177,-0.21322703325538972,0.19202848512687595,1.0550183734099683,-0.20005509592749077,0.1897494402815454,1.0596167185086942,-0.2587170656622656,0.1995559435481287,1.0392039479924007,-0.23110638836725103,0.1935365470916756,1.0513281996511024,-0.21277011382736377,0.18928897136476663,1.0580647442982656,-0.1985842598352053,0.1858949203712275,1.0628551116471547,-0.26364503007423995,0.19850360712940804,1.03759876465201,-0.23813407856034083,0.1907743763693789,1.0497798850517321,-0.22161438379078707,0.185759814878737,1.0555002662787556,-0.2072346494470933,0.18171832192381315,1.059866258476795,-0.2684215170736024,0.19533848643227567,1.034056650789604,-0.25044225265693604,0.18796700539318942,1.0429146486992047,-0.2382326837582299,0.18302078624092105,1.0480644125969063,-0.2277427998304232,0.17876680077870524,1.0517246455631168
-0.3162137792990642,0.20831088055042307,1.0043598766810902,-0.29598109638225184,0.18930029155445804,1.0132361304770046,-0.27661998315279335,0.17442196535798846,1.028770321623013,-0.2631884711657006,0.16201638278545386,1.0386830651275905,-0.25424846722375405,0.15006311010573273,1.0469013601327208,-0.26637329047314673,0.17900854869524446,1.0431544778216608,-0.24246049120007554,0.17180713549450138,1.0549003771505452,-0.22672864768327342,0.16694441826441905,1.0616081268081394,-0.21445088060154013,0.16221749120195364,1.0667802977311602,-0.2686095432802545,0.18301310876995652,1.043568100545239,-0.24205930860028363,0.17486652132743458,1.0567703073362549,-0.22456816547495773,0.16887022934474286,1.064369405438585,-0.21122816816338771,0.16366411480355458,1.0699053333718425,-0.2720589820573251,0.18527566227694756,1.0415223891264158,-0.24724609714791607,0.17647648306391206,1.054399676772816,-0.23145649822146158,0.17013087350225156,1.0608176755760104,-0.21788317210938846,0.16445318815274146,1.0658872929482113,-0.27521988681172105,0.18527062529927046,1.0374374483567304,-0.25719254378390677,0.17830439635012701,1.0465227863375726,-0.24510733553308772,0.1733354863309016,1.0519372484116631,-0.23484409976345674,0.16886304047585593,1.0559614976719833
-0.3199926037304673,0.20157133890246787,1.0044395906269492,-0.30191790383807854,0.18072115250552942,1.0138271773481606,-0.2846096712787079,0.16398876125393863,1.0298889505730453,-0.2722708128464266,0.15077534466454348,1.040171200892608,-0.2643818652337607,0.13858236902120466,1.0490841477428197,-0.27664212221494106,0.16553732559224776,1.0453053182400027,-0.25543580602337157,0.15423977605487074,1.0588812528391383,-0.24174441444530198,0.14640013659850565,1.0670798304362592,-0.2311939359252247,0.13926675742332598,1.0732150615292666,-0.27880647493729677,0.1689363221452887,1.0454528060442183,-0.25510823381126924,0.15659077919859668,1.0606699361795944,-0.23986692528401893,0.14748845028399227,1.0698618902726418,-0.2284059650974455,0.1398391716604107,1.0766324576869346,-0.2822814939881925,0.17088380291576472,1.0431367102702205,-0.26011073082885167,0.1584928341586325,1.0577603385365235,-0.24640352986224168,0.1494820883480712,1.0656145097342726,-0.23466492726956295,0.14147970088322523,1.0719658337700055,-0.28565506880013436,0.17060553691456845,1.0386087453342812,-0.2696483395900966,0.16107133808802288,1.0490462010286985,-0.25906853008401465,0.15429794188073162,1.05554600559735,-0.2500439100415845,0.1484029918277135,1.060579608627062
-0.32595404082269075,0.19192564880831428,1.0057205778398919,-0.30880166018642735,0.17053270076880822,1.015604374990936,-0.29268906744845824,0.1531978286251695,1.0322601533719435,-0.2805527398031925,0.1402622992345742,1.0431205450629801,-0.27253909644408697,0.12906727179828292,1.0531603484396845,-0.2882724472837205,0.15174416638405,1.0483030629102321,-0.27063727915256025,0.13657247371489095,1.0631512634323361,-0.2597747655719199,0.1261123832827738,1.0725705591399874,-0.25146891995934384,0.11702095514828424,1.0795130096554442,-0.29144692161231484,0.15340874829996132,1.0477816341937551,-0.27201287990393813,0.13646493201205998,1.064538878154259,-0.26014525523575166,0.12426864887403369,1.075029448190883,-0.2512695976674917,0.11444330404446189,1.0828006100526566,-0.29626306593567486,0.1537725188906839,1.04476035780036,-0.2784688404135866,0.13684974297866398,1.0607576870455635,-0.26830000571798013,0.12484994657486324,1.0698883272644033,-0.25944089994009445,0.11452518227077144,1.0774439741496429,-0.3016132548783292,0.15203870467992833,1.0392173860306586,-0.2899708271263674,0.13842475875153593,1.0508436993302244,-0.28254681330571874,0.12907337651369638,1.0584262051053113,-0.27590113340467387,0.12128024150773088,1.0644787539841043
-0.3335565040528888,0.18189308497815396,1.0098071370150734,-0.3178088279191516,0.15953527100065867,1.0198913169009094,-0.3033982729972089,0.14126104751114635,1.0370935566722363,-0.29202576966411387,0.1282117872862291,1.0486239275479743,-0.2846692578391859,0.11734773782128559,1.0594958608637233,-0.30189394202692804,0.13778358185820255,1.0533910326266014,-0.2876699723305382,0.11958470403648823,1.0684949395487462,-0.2795390870852448,0.10717498569448708,1.0782938384953582,-0.27363445435816713,0.09654990607504156,1.0855106072641958,-0.3059548781038007,0.13850082713302184,1.0522180738903715,-0.29046808978504457,0.11819130113563885,1.0693429871457603,-0.2816918294113726,0.10397764341568755,1.0803243843890418,-0.2752151287217491,0.09275411680726722,1.0885578802211897,-0.311806952776498,0.13825277346904025,1.0483272611358223,-0.2980833887119085,0.11804596536517971,1.0645222617563128,-0.29120821181116496,0.10417201087682904,1.0740623997555132,-0.28509341050352793,0.0923794443467308,1.082168995377263,-0.31870545317953297,0.1363053990244235,1.0415354762183828,-0.31132436734862784,0.12002838769295421,1.0532245857957858,-0.30689633408947126,0.1091327909321141,1.0610818892440157,-0.3024996482735753,0.10015756795759126,1.0675352518475296
-0.34200910671536416,0.17412970312148268,1.0144016776427125,-0.32658310728886797,0.15149295657071898,1.0243599948060433,-0.3131840639089492,0.13273378294910604,1.0418553493892013,-0.3024126547377484,0.11962263306499042,1.0538820268270375,-0.295550865461758,0.10870677614489413,1.0650222551308481,-0.3144736277489571,0.12732438196450735,1.0579766861418092,-0.302751190198025,0.10725880950661075,1.0728631139204172,-0.2966023627164775,0.09362537248181642,1.0824783175198724,-0.2924524042517129,0.0821410605832725,1.0896006191830845,-0.31903294976886953,0.1278443585705102,1.0565109219287376,-0.30617283444549576,0.10568673534507313,1.0735178993069205,-0.2992770945303361,0.09043603431089031,1.0844498152565434,-0.2944166499689392,0.0784649568670565,1.0927428869715479,-0.3252973470712426,0.12772911791451974,1.052204091767517,-0.31417880015379873,0.10590550792531575,1.0682987278604066,-0.3090747193420953,0.09121142479743148,1.0777221658584815,-0.30452561699962516,0.07874479624250132,1.0858499671186244,-0.33270237301023703,0.1262556464591988,1.0448473298396603,-0.32775869669759794,0.10901351495289158,1.0564372295059887,-0.3247701247033976,0.09755155028642039,1.0641670760902773,-0.321494754219341,0.08810209357244676,1.0706099852547344
-0.3515480886257217,0.16791548810088916,1.0179191962561345,-0.3347945118890295,0.14616301988566466,1.0277018148477322,-0.3210032745786738,0.1276768529306718,1.0451829988812802,-0.3100090376099174,0.11498438372776158,1.0574546921637469,-0.3024790602253845,0.10452755655884298,1.0686036372787309,-0.3252669818343137,0.1196086722057993,1.0606213861310096,-0.3151834319233283,0.09884213418965193,1.0757449238197545,-0.3102435906205033,0.0846178111230056,1.0851999450235605,-0.30681254590700285,0.07287012338110432,1.0922751496790348,-0.3302577319863975,0.12011148378995286,1.0592099125078864,-0.31914262756985046,0.09728687003829095,1.0765613266741618,-0.3131880993854185,0.08148880442641036,1.0872667745566509,-0.30921977835762643,0.06906237098141452,1.0953625657488915,-0.3370844197393207,0.1202170930976395,1.0550269464988165,-0.3280256181432839,0.09793377919769763,1.0717697474818995,-0.32386212046940477,0.08283784870361571,1.0810189135655301,-0.32009980699574714,0.06998002915954674,1.0889368543882023,-0.34521080025604667,0.1192388609585896,1.047850836328612,-0.342135136127266,0.10188440051050347,1.0599098496117645,-0.33985154669882744,0.09018264770371602,1.0675199038407273,-0.33712383699100235,0.08051382045521466,1.0738920888574235
-0.36117938485840884,0.16122179727727443,1.0213968450772255,-0.3434871124670904,0.14025855865115938,1.0312496597700536,-0.3293333834285393,0.12151921686493934,1.0481623004324603,-0.31810881114502576,0.10896013145194797,1.0603624982854583,-0.3096089536555082,0.09926546131413523,1.0715029904023277,-0.336085805122625,0.1108405854934916,1.0623818156329654,-0.32734093470668696,0.09006406467158118,1.07830387254002,-0.3232573605197344,0.07558493768882077,1.0877806931272527,-0.3199587397446773,0.06380492682274218,1.094865126837969,-0.3415714803670852,0.11142323189553986,1.0611342119999667,-0.3323266672221661,0.08842597687763197,1.0793342066216627,-0.3271301528679724,0.07219414175562272,1.0897824440079271,-0.3237291257463444,0.05937187328280509,1.0975108397470066,-0.34930077112308294,0.1119413150069537,1.057336410107235,-0.3431267380852701,0.08960849422126393,1.0752823227694843,-0.3401182647876377,0.07420374888924468,1.0844699129474469,-0.3371894938160215,0.0609599321652758,1.0920985387837943,-0.35887483763885947,0.11183392918089609,1.0507397467446957,-0.35849228567986896,0.09466234096737033,1.0634301770315016,-0.35731764667971444,0.08271345082071425,1.0709070060571682,-0.3554196272427263,0.07279531555149997,1.077196638597859
-0.3679007640603549,0.15399119436945613,1.0261240530925155,-0.350841963512372,0.13271635541970025,1.0364163018730954,-0.3373114324971268,0.1123607402316893,1.0519115285967124,-0.326371498516038,0.09895042277883737,1.0634461593803173,-0.31744490758515986,0.089485492801881,1.0744496063817444,-0.3458429389025674,0.10063681487706798,1.065040432606855,-0.3382286864754356,0.07952950969488633,1.0811075823269665,-0.3348557420258022,0.06467634332933501,1.0902802329483945,-0.3316166032440895,0.05270524924945542,1.0970654847865784,-0.35202574095160766,0.10134204338696579,1.0637999857908842,-0.3449061413077656,0.07774110638607538,1.0821816937165458,-0.34057962931462415,0.061005894592925505,1.092224396418149,-0.33761650859942405,0.047815219594108185,1.0994998114354255,-0.36066412703680406,0.10254939143915301,1.060222318847301,-0.35777002367161415,0.07972134749606202,1.0783726335807355,-0.3559306992384626,0.06405628319192361,1.0874275521105707,-0.35381411532338525,0.05048895575240279,1.094750120761837,-0.3718436105534628,0.10389348377921406,1.054055248670352,-0.37405273737744565,0.08660733220166152,1.0663988920123293,-0.3741557335297342,0.07430472916106788,1.0733770060136036,-0.3732044584636578,0.06403710509474488,1.079310161521414
-0.3719357656453502,0.14781340793241224,1.031665537835912,-0.35521738958752924,0.12643897412358157,1.0423042085600418,-0.34156206643667936,0.10482679350176735,1.0558679170820182,-0.33038274968161035,0.09049566957935898,1.0659777262306294,-0.3209811056960672,0.08071292866114417,1.0762855796213855,-0.35185848051022156,0.09287981204834449,1.0694401949629075,-0.3443963575674882,0.07059732721779641,1.0839127919368525,-0.3410774093804453,0.05506684846242662,1.0919077676920739,-0.3377797434957774,0.042641686511487586,1.0977882018792864,-0.3591094893900745,0.09346671274652578,1.0680708770372986,-0.3530908693324717,0.06846369924097388,1.084929276751279,-0.34916815293267833,0.05119791414798619,1.0942108099495564,-0.3462531916520646,0.03772499888371753,1.1009701893578487,-0.36821112747919843,0.09513093831506061,1.0644070130189702,-0.36645468037790974,0.07089291350653318,1.0807887832664254,-0.36436178030629096,0.054984130931673224,1.0893502848801133,-0.36201491449689427,0.04128495640434969,1.0963500813854314,-0.37981682271939476,0.09745411348962421,1.058260814369151,-0.38161980579752947,0.07903204412196019,1.0689113270738726,-0.38134679911760055,0.06624633784945,1.0749536699359086,-0.3802168253593563,0.0556085936616503,1.0801587559485646
-0.37743136309340297,0.1430596989745407,1.0359600064851922,-0.3579236913323472,0.12395138315217896,1.0461519073055026,-0.3414774104313423,0.10362098312815372,1.058550418096785,-0.32860796002720377,0.08989143964357446,1.0674072436574134,-0.31806994483192463,0.08009343369427267,1.0765338030414666,-0.35449173845931803,0.08959569514005646,1.0742104440231723,-0.3456486856373267,0.06620942865207324,1.0858951104175039,-0.3412356097773118,0.050222747464927414,1.092304604222802,-0.3374698603714245,0.03744882421810065,1.0970464153030055,-0.3630405684906891,0.08946284573740017,1.0728884198866806,-0.3560566128541596,0.063055344150028,1.0870110377832622,-0.3514408281949992,0.04545164390409886,1.0952842576505752,-0.34793118563269576,0.03182964454636396,1.1014348021430267,-0.3722069679479845,0.09075830430101775,1.0691049841165567,-0.3679522278785385,0.06507020672333248,1.0825566821231132,-0.36401653737504824,0.049060562643158834,1.0902359099678922,-0.36022082992005094,0.03546899923112825,1.0967959649909904,-0.38272351666125076,0.09255769049085734,1.0629232885737567,-0.38076223007602666,0.07302199137493326,1.0713236828277906,-0.3781642571227924,0.060083796558228014,1.0764141028709535,-0.37534209458559303,0.04940612564968288,1.0808361052545998
-0.38625953261354834,0.13871796368749276,1.0378596734506642,-0.3627944617728541,0.1238320712187787,1.0466546998455275,-0.34304363606422245,0.10664540501411941,1.0589856275904326,-0.32851812249586615,0.09465204008059581,1.0678023804029908,-0.31696454859200196,0.0853609251780412,1.0762008853261669,-0.35788543759416,0.08839257235565204,1.07671823460958,-0.34695624613008447,0.06497717474657051,1.0864094884477844,-0.341054805760573,0.049141920504631655,1.0919365626669442,-0.33669398104952486,0.03633579103292911,1.0960383929678714,-0.36771628679547863,0.0870403525204518,1.0756617620327926,-0.35876095861810825,0.060162488264012715,1.087618459859574,-0.35302354222927274,0.042534560787190326,1.0951004464536664,-0.34878824093250305,0.028859047719351896,1.1006455542278983,-0.3773400007142303,0.08744587167006489,1.071814559144305,-0.3694832950988374,0.06156924324952401,1.083110648199245,-0.3639263138429343,0.04563105971384003,1.0898828833184302,-0.35878311869136326,0.032226237855395364,1.0958854334056405,-0.3870679327977837,0.08837248380517564,1.0656113846739483,-0.3822171777172341,0.06880146617170968,1.072647168395723,-0.3778068684514455,0.056154122541479,1.0771916811391922,-0.3734386148473909,0.04583168817069796,1.081178794331731
-0.39509217588629336,0.13437064393191814,1.0383673156856923,-0.36990297102728276,0.12187307374978071,1.0460397684583462,-0.348868522994779,0.10657559594793749,1.058731007929856,-0.334076890707768,0.09553926244076091,1.0683212860288038,-0.3223848284679421,0.08657790794000267,1.0768848470358214,-0.3639098100093486,0.08548325695290604,1.0769082745333138,-0.3518485716542258,0.06257695185750539,1.0864725930361476,-0.345191617384231,0.047038339915074556,1.091983248488595,-0.34058966953866765,0.03428393700526457,1.095981502915848,-0.3746082886188664,0.08335632182600945,1.0760684385477803,-0.3647766337514337,0.05653247272860264,1.0874438416105363,-0.3586296314840971,0.0388941184210007,1.0945673742865354,-0.35419665638056563,0.025115966145558548,1.0996876190636027,-0.38500755525848945,0.0832388180889091,1.072207477392874,-0.3759546039212129,0.05756681321445188,1.0830666480467301,-0.37024600564940724,0.04145494173711728,1.0892786048136531,-0.36489942199565134,0.027924771923174614,1.0948031736667414,-0.3949739268647569,0.08396445028721246,1.0660201634717805,-0.39025765223484665,0.06428615967797946,1.0728450034665598,-0.3857998371412352,0.05159895115370988,1.0772292193884163,-0.38126718291556805,0.04131688551593513,1.0811363326948829
-0.4000035655438726,0.1306980266771206,1.0392330225402826,-0.37480072626390304,0.1179900649756484,1.0465046410023031,-0.35414073719023453,0.10228453223537284,1.0593120405538603,-0.3400065150513595,0.09090915348261115,1.069480177048375,-0.32879698800181306,0.08182251184205246,1.0785424183854113,-0.36951234155891166,0.08083544355448699,1.0770712323347587,-0.3577760744046539,0.05803102959216773,1.0872627586839068,-0.3512455497386341,0.042494588131203305,1.0929286265858593,-0.3467624061284476,0.0296972368113304,1.0969246219049624,-0.38070077952329595,0.07871405192317332,1.076226186546584,-0.3715495293637837,0.0517088773818041,1.0877394519904595,-0.36575003035900727,0.03387604528108608,1.0946674970179089,-0.3615445987910286,0.019929920377208282,1.0995178166427764,-0.3916653430011565,0.07875542356028857,1.0723050614536933,-0.3838521736539402,0.05273790432958107,1.0833038080782096,-0.37899561442256274,0.03620996239950822,1.0891356063937718,-0.3742733879878566,0.022300391204898455,1.0942733801971514,-0.40208500054054175,0.07991535729591506,1.0661080378915904,-0.3991257863842631,0.05987713779884457,1.0728733626883022,-0.3956613860548322,0.04681848101313982,1.0770600246172375,-0.39188938849925736,0.036179050750559716,1.0808158095720728
-0.4014037583944766,0.12849145687919383,1.0406744385795264,-0.37648779989712805,0.11506038153077253,1.0476280750798543,-0.35654429266511906,0.09817035676433286,1.0600583595950637,-0.3430714094262918,0.08603617712589455,1.0702470581746648,-0.3323332282658155,0.07667601039822607,1.0795971124645702,-0.3725338020009571,0.07726262776428502,1.077955194225907,-0.3616304126772409,0.05413069408198913,1.0883320057583405,-0.3554977324157114,0.03839008601872135,1.09387766310209,-0.3511899015452664,0.025487585280899117,1.0977256267097972,-0.3841351025435931,0.07535498146240603,1.0770300965705073,-0.3760638964270276,0.04792699344132306,1.088350044344776,-0.37072879051226776,0.029838896856456083,1.0949832414740635,-0.3667581960728256,0.015738913299248203,1.0995800336658885,-0.3953878562773945,0.0757663726574853,1.073003901104384,-0.3891953234143562,0.04916177301977215,1.0836235604367734,-0.3851295783607369,0.03226085045837427,1.0889712176189172,-0.38100629531808583,0.018019467573859117,1.0936992048714458,-0.40597160316365066,0.07744423906974239,1.0667281269813318,-0.4043732093178757,0.05710823582548935,1.0730486426093497,-0.4017315603159628,0.043735749200791776,1.076824489113058,-0.3986521946195308,0.03274381908398074,1.0801750624540425
-0.40236552112746116,0.12768925427148906,1.041501391504544,-0.37724968501984546,0.11433810296168886,1.0478648315139625,-0.3575027035088119,0.09688157724758456,1.0598170205038047,-0.3443311479734687,0.08433991717759812,1.0699057946850028,-0.3338062407299074,0.07484582011820158,1.0793627085352144,-0.3741129709521387,0.0758599132862487,1.0784234022547718,-0.3637219136899409,0.05241564293679693,1.0886234311254102,-0.3577708344533624,0.0365183252582522,1.0939140616467409,-0.3535184647051432,0.023534709633193776,1.0975447410389858,-0.38622379934562906,0.07395098574301551,1.0774884541250456,-0.378800150136615,0.04613411142186334,1.0882908172042822,-0.373688714676385,0.02784888548471401,1.0945490627495187,-0.36980038774989094,0.013631977735997228,1.0988462831008696,-0.39773097233159643,0.07455159155606761,1.0733797460765038,-0.39238883164781363,0.04749189978772486,1.0832875189743745,-0.38873029932985564,0.03032323701135707,1.0880436795430424,-0.38489757020760584,0.015856478103362347,1.0923092846755718,-0.4082876053313257,0.07651838523835258,1.0670346915720077,-0.4072857504801334,0.05597803943784796,1.0727920598851641,-0.404998216745272,0.042423693572475926,1.0761245698056796,-0.40223832543866306,0.031220773809759822,1.079024388983557
-0.4047212025494719,0.1275080017508463,1.0410100017447708,-0.3792276097339579,0.11457182488616083,1.046691892883961,-0.35946250041567473,0.096942542933698,1.0583571087812378,-0.3465563471488262,0.0842297662709719,1.0685739083969292,-0.33621679271261146,0.07469518369801523,1.0781931661775046,-0.3765631851914882,0.07533899355697386,1.077523597825526,-0.36644087828820676,0.05176143072433745,1.087686565208883,-0.36052879419416106,0.03579695382399772,1.092816240025993,-0.35629057019858473,0.022762449711649257,1.0962771526126667,-0.3892444690652135,0.07332324218025159,1.076617696327633,-0.38227818662988555,0.04522073891682662,1.0869762836846695,-0.37731754690056823,0.026776201577510768,1.092878231935516,-0.3734898247083118,0.012449076682636392,1.0968516045629528,-0.4011106947205406,0.07402815592111395,1.072445492115688,-0.3964045962992015,0.04664841788586855,1.0817799408004702,-0.39317282596554926,0.029238198958104096,1.0859282948117583,-0.3896282829315063,0.014562068614115548,1.0896991999788666,-0.41168145258995176,0.07623888537435704,1.0660801225384011,-0.4113697030530948,0.05555857447820167,1.0713984269773298,-0.40947886702162334,0.041854889541739944,1.0743467287021997,-0.40704642760814813,0.03048649375963766,1.0768714422185788
-0.4080688035569164,0.12729918055478365,1.0397502150559121,-0.38243462744679224,0.11439478403486453,1.044841128436348,-0.3629763756534707,0.09627075022997965,1.056261471086211,-0.3505820047974028,0.08321403803997239,1.066676283368749,-0.34057513075759444,0.07357115313937754,1.0765364057703435,-0.3804789096787282,0.07446073072348339,1.075731015928445,-0.37073439963541743,0.05079246861209283,1.0860512080220373,-0.3649401291101319,0.034751979160245104,1.0910771359951397,-0.36076573281149055,0.021658422679014078,1.0943895294256978,-0.3937057327325534,0.0724572737257999,1.0748143393773282,-0.3874238578228376,0.044075243955727414,1.0848432249795437,-0.382738109615645,0.025449999094080383,1.090391730627342,-0.37904821053333076,0.010997738450486846,1.0940280009724705,-0.40594826062320893,0.07337609149078282,1.0705580630021236,-0.40229827011888597,0.045677078222366246,1.0794108356047187,-0.39974157968479007,0.028016628983702496,1.0829237788604398,-0.3966769315697219,0.013107754676271292,1.0861650304380368,-0.41655943232847925,0.07595417009837666,1.064185383472647,-0.4173386568451641,0.05518390095565125,1.0690890084105726,-0.41609341323360544,0.041326390332811734,1.0716341002522067,-0.41418997308912003,0.02977983631222765,1.0737754475768204
-0.4110637732284848,0.12696119556976038,1.0387177779367407,-0.38539043944115225,0.11392538505510895,1.0432454053403124,-0.3664535436834783,0.09502829379557838,1.0542827198436306,-0.35470385814306166,0.08145837559672103,1.0647883700752239,-0.34509663951362385,0.0716512125787432,1.0748812227331264,-0.3844018600670327,0.07326570957925974,1.0741248284638394,-0.3751727283215925,0.049444083092340975,1.0845652169120414,-0.36957506425785436,0.033290054611625916,1.0894482841488942,-0.3654911034327052,0.020125688523081837,1.0925882659146915,-0.39819558102786606,0.07135290373795514,1.0731496363183186,-0.39274665055639985,0.04267228362767602,1.082809413721546,-0.38840225623173097,0.02385229457518953,1.0879646195716786,-0.38488120013141197,0.009272954353347563,1.0912434391161294,-0.4107792628470481,0.07257828444605019,1.0687800094435373,-0.4084118582068176,0.044561763607753144,1.0770503966693876,-0.40658879109911333,0.02668997955999914,1.0798867085133823,-0.4040654125493333,0.01156970777936471,1.0825666814512136,-0.4213843039018707,0.07559098356245741,1.062383497790649,-0.4233199747087711,0.05478097489032205,1.0667713818175424,-0.42277104117583675,0.04080144822303639,1.0688523025108074,-0.4214522268366049,0.029099716722437503,1.070543920412422
-0.41291356655195743,0.12658956327941476,1.0383130955085789,-0.3870304538924062,0.11376929923675222,1.0422191347255674,-0.3683892129077891,0.09429962529902687,1.0527530951282498,-0.3571674248387737,0.08034231106872647,1.0633281284152751,-0.34788647677929757,0.07044913935755732,1.0736399627642046,-0.3869608470398306,0.0721431952046793,1.0730948638593785,-0.3782505420806709,0.048123776105647866,1.0835278196184064,-0.37283774071180437,0.03186089243162439,1.0882555062315633,-0.3688307017329436,0.01863417265849188,1.091228094108989,-0.40144002553878744,0.07025674740545523,1.0720532359188086,-0.3967251023602906,0.04131013055259304,1.0812967733838372,-0.39267069455244924,0.022322592402530747,1.086058818077959,-0.38929351605845386,0.007635227883664096,1.0889882623734728,-0.4143870952422393,0.07179087627936681,1.0675748854040117,-0.41314039037348493,0.04352483868954001,1.0752172800169286,-0.41190810559664254,0.025512948544929658,1.0774132288442886,-0.40983106216393345,0.010238958759365518,1.079549449708893,-0.4249693993385775,0.07523155128234048,1.0611711319681845,-0.4279044805721178,0.054428170151828936,1.065000157997307,-0.4279873740928429,0.040376280109620605,1.0666114431063107,-0.4272126578393618,0.028568369716073447,1.067837994924657
-0.4140150549928709,0.12611793491018677,1.0382391702169653,-0.3878778081561099,0.11363204545565146,1.0414793439404884,-0.3693855693952326,0.09375102991769338,1.0514948677532188,-0.35858048507151263,0.07957199703911465,1.0622080211823643,-0.3495591073319906,0.06966612003486013,1.0727357519676084,-0.3886049630017529,0.07098125474259023,1.0723272294358834,-0.38038668995755565,0.046777028632355964,1.082732223370624,-0.37514408496720103,0.03041752418786625,1.087316166216218,-0.37121140558508386,0.01713421658408842,1.0901315752460023,-0.40379914104588294,0.06911321205465816,1.0712470789202508,-0.3997907553570579,0.03992348481739877,1.080048941260514,-0.39600810539774906,0.020791097332605767,1.0844404336900015,-0.39276655453880516,0.00601107466052086,1.0870383045128915,-0.41710141852107435,0.07096281620582218,1.066694520724277,-0.41689970067534304,0.04250619734582166,1.0737023379626331,-0.41622886904343787,0.024400264865948075,1.0752816091746251,-0.4145631912842774,0.00901163328489235,1.0768902883341904,-0.4276088635685838,0.07481668202040506,1.0603495332082136,-0.4314399906657627,0.05407371270071518,1.0636824744930502,-0.43213088925382714,0.039994913215325195,1.0648524270509698,-0.43189555886240405,0.028126290500019767,1.0656345887651593
-0.41507980210418866,0.12559794960800014,1.0381959278837007,-0.38897572408500425,0.1128856126457121,1.040750420624117,-0.3711631517171761,0.0921597860836359,1.050273065709009,-0.36102971373666504,0.07754913942326705,1.0610623620656727,-0.3523744259346681,0.06749934693114205,1.071759671772275,-0.39059291823513054,0.06967209141872922,1.071668498152358,-0.3828498830540603,0.04535049381690412,1.0821639146989235,-0.3777864168321998,0.02887791135791832,1.0865395474209232,-0.3739374200266035,0.015525155578486712,1.0891333655929367,-0.40632391217222286,0.0679886931126604,1.0705677261056992,-0.4032472053548202,0.03852387729529391,1.0788102146062275,-0.39983040292598504,0.01922395663256423,1.0827447312113283,-0.3967560050679609,0.004342820169604397,1.0849368786407294,-0.4198525912769142,0.0701998095765886,1.0659373463079194,-0.42096214204362836,0.04157508022192341,1.0721279129982213,-0.4210862877545017,0.02340545084987594,1.0729140808747173,-0.4199844765788294,0.007913227752003876,1.0738884260867292,-0.4301148676175695,0.07443146716241027,1.0596765286763394,-0.434860349643496,0.05380664574030215,1.0625320409400603,-0.4361302705125267,0.03973704443717584,1.063233713908085,-0.43640688388002224,0.027847866907263756,1.0635535657576831
-0.4163416884711259,0.12530947710492873,1.0379857020078713,-0.3904129054138345,0.11212561182716925,1.0398392766465268,-0.3738756922216616,0.09013367037886284,1.0488060754969573,-0.3648684382999045,0.07473818069368728,1.059502558617758,-0.3567782690652597,0.06437937484678483,1.070346408220649,-0.3931126330704687,0.0685501666312655,1.070948009511456,-0.3858177174979127,0.044168082446919235,1.081622589120183,-0.3809127903945563,0.027579527430326066,1.0857326204263975,-0.3771350159862976,0.014155466071470106,1.0880481664047963,-0.40934894772405284,0.06713112714628501,1.0697631552649547,-0.40731260197723423,0.03740932691280853,1.0773820790441808,-0.40431989750110814,0.01792732277622303,1.0807193132406088,-0.4014370810690885,0.002939313795056649,1.0823790153737156,-0.4230636968080128,0.06974403020604894,1.064978579706652,-0.42567528505546254,0.041025875281974884,1.0702108386892988,-0.4267273167753873,0.022870178497930382,1.0700297112445516,-0.42631742186847577,0.007315067894548104,1.0702366732098496,-0.4330096715221356,0.07434619170629123,1.0587317911247986,-0.43880491265770966,0.05391530105424081,1.0609791664795207,-0.4406462837845678,0.03989239992678784,1.0611414043895204,-0.4413868850795123,0.028020178156076866,1.0609591341299658
-0.41844355438672454,0.1250831141058834,1.0369378280604298,-0.3920997940685701,0.11267457002959068,1.038197256359934,-0.37579509426795354,0.09025393388260661,1.0465038940449134,-0.367541774618177,0.07448141447111448,1.0572592100878593,-0.3598554751050422,0.06409791352260909,1.0683699471865358,-0.3958158085415481,0.06761332923512164,1.0690770720012546,-0.38902310554300656,0.043079100564551547,1.079734430103528,-0.384258156258992,0.02642827716361707,1.0837563902173912,-0.38053578197127846,0.012968150458410233,1.085949031265545,-0.41304839018411293,0.0661823166201926,1.0676789019087654,-0.41163044285032596,0.03633902030534848,1.074955384788285,-0.4088970136396262,0.016747478182941283,1.0778435917332951,-0.40617273670628695,0.0016897574061207855,1.0790881861124686,-0.4271939745635784,0.06922908373630446,1.062726918192061,-0.43088571088715244,0.04053240895023703,1.0673961031978958,-0.43243818126850336,0.022429500417811207,1.066593954840804,-0.43247742922898186,0.006872332393944167,1.0662127781783304,-0.43709495669170334,0.07433607306935092,1.0564913788723294,-0.44401458548319933,0.05419313079786975,1.0580526036082911,-0.4465762598501028,0.04028689364954134,1.057716273994682,-0.4479059088869041,0.028482573704065456,1.0570671002411238
-0.4224054072749438,0.1242300400464048,1.0344129591396998,-0.3952352190288678,0.11373606651893217,1.0355126062252495,-0.3772963137807122,0.09246161941057424,1.0434575397796961,-0.36828934903420635,0.07751646204560174,1.0547749305745013,-0.3602905207838223,0.06771957712829363,1.0661935366000639,-0.39935754965011716,0.06618163018133065,1.0651847063643125,-0.3932164728334319,0.041280001092532145,1.0753751193324796,-0.3886537491151728,0.024625742197806468,1.0796116317783635,-0.38500822368379206,0.011174811927222016,1.0819825757273285,-0.41786426065510235,0.06443982454347871,1.0635322565224163,-0.4164877073448394,0.034603501847448696,1.070845194484364,-0.4137609127576876,0.015022044593163225,1.073807122981009,-0.4111215874322005,-4.295360142119722e-05,1.0751433288761827,-0.43254114310072794,0.06790767161163483,1.0586281899827599,-0.436528075339516,0.03926867971535361,1.0634075062483859,-0.43787489010092845,0.021141423487601108,1.0628095302814926,-0.43785066029408415,0.005584882049103742,1.062402413145987,-0.44269936368740137,0.07361541187474702,1.052628147292264,-0.45040404671088335,0.05373179788139809,1.053784245346786,-0.45383412697902287,0.04002110621942974,1.0532272818819688,-0.45603244642722823,0.028366208483018462,1.0522987815556508
-0.4267840385201207,0.12283204131118894,1.0311825091183486,-0.3996580469700916,0.11232856948295318,1.033028991020905,-0.3811031862177296,0.09188867521412632,1.0417155470238804,-0.37073699987059083,0.07822012883368958,1.053474777333436,-0.3618663291894716,0.06905299024612,1.0647716593285956,-0.4038246297113837,0.06423813929396915,1.060970799599058,-0.398285013287066,0.03890947063019273,1.0704269968156126,-0.3939613197866509,0.02224603401270866,1.0748729364660579,-0.39039285561100573,0.008821945858985398,1.077499469673978,-0.4224017812935177,0.0624467308493382,1.0590722108843789,-0.42109192527006345,0.032577245731363766,1.0662609693764864,-0.4183671538567472,0.013065899794831037,1.0696558033681993,-0.41576676011182073,-0.0019421194591373984,1.0715801124428403,-0.4369824478376009,0.06611170349278517,1.0544228932970587,-0.440934787952752,0.03748534945551256,1.059305537214622,-0.4419386473729042,0.019326220900901282,1.0593905078378134,-0.44163411695396093,0.003767560673447086,1.0594780642414692,-0.4472945639473336,0.07209084097813762,1.0487929397411366,-0.4550451782768144,0.05223005486776414,1.0500314716277446,-0.45907314207648875,0.03867612852863338,1.0496774755564104,-0.46212467367528387,0.02720694026606346,1.0488545308451336
-0.4270216934239536,0.12213954410705206,1.0290286759588039,-0.4022573895803046,0.10728714440679456,1.0329893970697233,-0.38631841599067096,0.08563409352103096,1.0436956054882385,-0.37544483286270436,0.07220893655544405,1.0552756239432965,-0.36571458399601553,0.06296969000014042,1.0657781641651547,-0.4061013356671069,0.06312222779262097,1.05947563085714,-0.4007027816921838,0.0375603428853084,1.0683691187652367,-0.39646628267159345,0.020850785484523758,1.072724987482756,-0.3928659276182316,0.007444932537242257,1.0754006754820746,-0.4225636496741987,0.06188592080957593,1.0571898564742481,-0.4217955566129469,0.031830243291946864,1.063643258265433,-0.4192642733934986,0.012341177359290202,1.0673053357737154,-0.41668542434933853,-0.0025734542306150394,1.0698761249746656,-0.4359393815356047,0.06535705798328895,1.0526410422096206,-0.4401118165146682,0.036660644393505123,1.0568879214059697,-0.44135665374642385,0.018520273271687464,1.0572703079045427,-0.44110528249157815,0.0029722727063342625,1.0578776001614185,-0.44594966945541203,0.07094123124546312,1.0470825623752686,-0.4531468690349732,0.05089148139522317,1.048587440375397,-0.45708543784121136,0.037307439129716666,1.0487295540061663,-0.4603459352026883,0.025869455714313445,1.0484592674114226
-0.4214661645102568,0.12289403808911176,1.0281464589902234,-0.40235286235630197,0.10194363078080751,1.034878022539878,-0.3907387527513937,0.07866124501834294,1.0475496981096737,-0.38033238532463837,0.06438129550108775,1.0585204335351108,-0.3701353293638345,0.05438990936733969,1.067822961357575,-0.40351653519597985,0.0638996124337182,1.0604758667374072,-0.3977057757748192,0.03836177663258976,1.06917658450954,-0.3933036655580157,0.0216232791338482,1.0732478191981303,-0.38952857607135816,0.008241528592303905,1.07580050559401,-0.4169259520983128,0.06334959274657799,1.0577652176184433,-0.4167561406285721,0.03309818413715473,1.0632791593921096,-0.4144597306456787,0.013564704068973223,1.0668584826462446,-0.4118669034639925,-0.0012790350715053515,1.0697989435805575,-0.4284939725574966,0.06640249303796612,1.0530590056966578,-0.43300308435574636,0.03762692675844163,1.0563092434667911,-0.4348484585729375,0.019534254596098626,1.0564460339256587,-0.43498071849904524,0.003994262417803696,1.0572605665423944,-0.43775060953103717,0.07112345539462517,1.0471228113556736,-0.44439846459709065,0.050886977568900246,1.0486550635771414,-0.44777197309748595,0.037164449235932095,1.0492636532132975,-0.45053636123528773,0.02560068481986321,1.0496745951213273
-0.41662758145593737,0.12370537801143985,1.0265399197622052,-0.4017989135326235,0.10001467390040374,1.0348111336863326,-0.3927982449522459,0.07610037343954844,1.0483987232086627,-0.3830715534377635,0.06095150959949316,1.0588136103203165,-0.3728331778655663,0.05026603647144877,1.0672599764443733,-0.40036123312545874,0.06501884751945411,1.0602892768970922,-0.3940425118221192,0.039612418296784906,1.0690205761961964,-0.38938878084193174,0.022902622195697914,1.072926511038201,-0.38542871993724054,0.009560889754196488,1.0754074078749571,-0.41195867562463434,0.06477043123901716,1.057334379163897,-0.41187246414074646,0.03444976228327732,1.06245587448552,-0.4096220574074595,0.014883237197208622,1.0658805880402846,-0.40697634350389167,7.145397422016436e-05,1.068932952806585,-0.422365329445641,0.06751409943913059,1.0524423943936092,-0.42690372569748597,0.03869400810120619,1.0552235172268836,-0.42904383891427017,0.020633601182776552,1.0551209454704553,-0.4294319680692156,0.005099528833286313,1.0559660874544625,-0.431066955059379,0.07157811425748004,1.0460266125222546,-0.4375544271786268,0.05127650199921823,1.0473734806886608,-0.4404835852272625,0.0374647485862503,1.0482185993679427,-0.44271612604363786,0.025808496615628056,1.0490425617451895
-0.42055031697937023,0.12253200405760668,1.0231717432923733,-0.4056714460474388,0.09893820305915904,1.031627722695839,-0.3967357786325114,0.07505856926284328,1.0453187901508205,-0.3871790452829146,0.059719790756573465,1.0556123414637169,-0.37701814025421637,0.04891760843627709,1.06400362486651,-0.4042065130080205,0.06397907463902536,1.0571151754179275,-0.3977510780352699,0.03862254214324111,1.0658913984842096,-0.3930024199651043,0.021952947611959785,1.0698544389156424,-0.3889858133570095,0.008639635589878434,1.0723963575576558,-0.41570916349067855,0.06369222708301393,1.05412120598644,-0.4153229245809579,0.03341261681083172,1.0594668709537103,-0.41295469431159426,0.013865275561616212,1.062921553691554,-0.4102536291668733,-0.0009298632287901825,1.066005993710013,-0.42607288983197755,0.06637249529224609,1.049189631291513,-0.4303494096935285,0.037534684546583964,1.0521931956324186,-0.43234981355071195,0.019458001146658292,1.0521648183149068,-0.4326842514963393,0.0039263259003230015,1.0530745041266836,-0.43488048749086045,0.0703619058439941,1.042624388273271,-0.44142081889297674,0.050072493001052924,1.0438974162696986,-0.44425422656190877,0.03624445588063103,1.0448006965000045,-0.44632359873924754,0.024566105402490806,1.045730853153431
-0.43081635743105073,0.12094683463379888,1.0196097063634473,-0.4144666332755194,0.0981967849658795,1.027651695767848,-0.4046606244092319,0.07453664560361845,1.0411264271538858,-0.39489077278953655,0.05942518967602502,1.0515552514446902,-0.3847446004153658,0.048819607294503346,1.0602109766905323,-0.41388947439851537,0.062318891931151574,1.0531353237547998,-0.4075730470227883,0.03693101678527934,1.0619220758846304,-0.40288353935402244,0.020270336493172152,1.0659916059305474,-0.3989088972474303,0.006961589385223978,1.0686218581171805,-0.42584071951257924,0.061963189972988136,1.0502625700535464,-0.42523567281157015,0.03174563173191605,1.0559294214818034,-0.42276226890555646,0.012238127001699836,1.059532396594051,-0.42002799394350815,-0.0025394291119914623,1.0626713822119709,-0.43650817436231576,0.0647195222769018,1.0454440303676793,-0.4405437422923196,0.03588824394931722,1.0488205568311475,-0.44231019656590204,0.017788143837653217,1.0490074226980552,-0.44247867479816055,0.002261136440614743,1.0500350263915164,-0.44553927668932775,0.06887994026940847,1.039045562172258,-0.45205197867499025,0.04859016679261556,1.0404479222354661,-0.4549207199510995,0.034771013862952296,1.0413753167544904,-0.4570314884170105,0.02310002582873502,1.0423048635725731
-0.4373948407146038,0.12202439677362587,1.0187974571872178,-0.4206516099122173,0.09948060865242435,1.0266073018002462,-0.4105386336394963,0.07589179074983107,1.0399798023636737,-0.4006448645628273,0.060896772547007025,1.050459746999284,-0.39048324953715,0.05036923587252245,1.0591922908821656,-0.4203355201566381,0.06331732482577694,1.0521168410594335,-0.4141093478743766,0.03791336098683888,1.0609214916594196,-0.40947355850787326,0.021245788432592526,1.065024211106834,-0.4055292468646558,0.007935842922473322,1.067693763916377,-0.432331806924576,0.0630105376121991,1.049377769126252,-0.4316905080539619,0.032818100469298866,1.0551730765213343,-0.42918130985305136,0.01333525717374984,1.0588831491420245,-0.42642381320455436,-0.0014226112478887476,1.0620936299244021,-0.4430176698582993,0.06581336521456192,1.0446822684691546,-0.44694662184636363,0.036986650588709355,1.0482196700061541,-0.44862208034571416,0.018879629210402885,1.0485319506934196,-0.4487087399463603,0.003359077954193313,1.0496621240386348,-0.45203404735325037,0.07001185762266819,1.0384409734539235,-0.4584166749891593,0.04969232586684987,1.0400015830547282,-0.46123255752813586,0.03586671070084318,1.0409924895108393,-0.46331437209282345,0.02419488706396403,1.0419753138117085
-0.4363144871142397,0.12558593015361766,1.0213225828293686,-0.41990471489713466,0.10281404779116167,1.0291783184975574,-0.4099678659583788,0.07918068051925493,1.0426040912877064,-0.4001222996645852,0.0641087532295488,1.0530189032946156,-0.3899674964529391,0.053512230355774744,1.0616756027665541,-0.41940122879743663,0.06688152074652212,1.0547210268872373,-0.41314666903539654,0.04149719748435402,1.0635621290193888,-0.40850138189496277,0.02483252073768684,1.0676658689085454,-0.4045456871471571,0.011529889486189776,1.0703549648296644,-0.43116041733326455,0.06665604098175108,1.052049266501003,-0.4304800510399231,0.036475865687851175,1.0579036865072278,-0.42794151282414283,0.017006472398304502,1.0616640649463143,-0.4251536046031681,0.002267924471234801,1.0649364383546798,-0.44168329742605333,0.06944585791041873,1.047414495292408,-0.44552012763399074,0.04061484998790604,1.0510174198831113,-0.4471681515640324,0.02250623024699338,1.0513790990367413,-0.4472347150555017,0.006991180001621188,1.052583714393786,-0.45060243706770836,0.07356636484258575,1.041204676336786,-0.4568728771745923,0.05321818064587671,1.0428447340806728,-0.4595669882273479,0.03937439849987919,1.0439172014816556,-0.46152279900620585,0.02768989929155397,1.0450028556376765
-0.43405297922298597,0.12747181884039316,1.0231674488287947,-0.41763722972001766,0.1047058424731896,1.0310278127986745,-0.40770157215640235,0.08108489012168467,1.0444762963280432,-0.39789363153984214,0.0659552272825826,1.0548427846557293,-0.3877628860531227,0.055317638550743016,1.0634772778594264,-0.4171330865059588,0.06878723607425752,1.0565973610665236,-0.4108511969993548,0.04342193962152981,1.0654736256129627,-0.40618798029985687,0.026769242212948748,1.0696055626644683,-0.40221899574437775,0.013478396025224097,1.0723330753109497,-0.42878692771022914,0.06859539082150523,1.053977516789999,-0.42798623825496657,0.0384439985365312,1.0599635465549404,-0.42538867754673904,0.01899394171051853,1.0637832147569075,-0.4225646413227125,0.004274296381448643,1.0671092508004079,-0.439240591609933,0.07137507340131659,1.0493888820558512,-0.4429262412075456,0.042542739924983246,1.0531361320918042,-0.44449132109575573,0.02442852125935933,1.053577165744278,-0.44450932980626645,0.008919610066091824,1.0548599994275494,-0.44815048768738613,0.07545482464376907,1.043191706645347,-0.4543565014990046,0.05509131207218694,1.0448856833150568,-0.45695636253393596,0.041234951572040865,1.046026174913284,-0.45880186880593343,0.02954098422786648,1.0471994595556178
-0.436948510702475,0.12439905567234005,1.0210489703079553,-0.42015806597376304,0.10186528153360944,1.0287860125278223,-0.40998503209857334,0.07831698571202148,1.0421843533253397,-0.4001365721865309,0.06321772709950041,1.0525567543841126,-0.3900219778631283,0.05260837160934776,1.0612447535085194,-0.41987693301503864,0.06570095741776569,1.0543778849733256,-0.41362042566176427,0.040338606796181106,1.063280455326462,-0.4089661949518494,0.02369506542544988,1.0674591503267565,-0.4050022412154358,0.010413146284016786,1.0702370003443258,-0.43156932732678127,0.06552096262272479,1.0518363038661547,-0.4306373545745185,0.035408135922846605,1.0579949731708882,-0.4279734065194235,0.015984142365299124,1.06190057842197,-0.42511545844345255,0.00128407432682447,1.065283740763649,-0.4420489102404482,0.06831653125424361,1.0473178894151702,-0.44556679747981043,0.039489798129840374,1.0512641884692702,-0.44701073950224457,0.02136881323518832,1.0518244040427536,-0.4469477605197651,0.005867935118836995,1.053199585573692,-0.45100150883581663,0.07241286236600238,1.0411841951698635,-0.45714116359761053,0.05203656322312884,1.0429640494578922,-0.45968043776416817,0.03817394783143596,1.0441635101723978,-0.46145977483584366,0.02647639333201143,1.0454014684983886
-0.4417169412032801,0.11955796602264018,1.0168846662601831,-0.4246500005039277,0.09718982800691003,1.024496352690226,-0.4142808085074362,0.07369950828766324,1.037846001647433,-0.4043849264235317,0.05863573794460175,1.0482248656432607,-0.3942777577495025,0.04805258519407935,1.0569533701132698,-0.4245398420069749,0.06083396391569147,1.0501135828232726,-0.4183161292234479,0.03547250869043558,1.0590416542976626,-0.41367876873955267,0.01883371155179785,1.0632578305614722,-0.40972352509263904,0.005558446154717563,1.066079555628649,-0.43623433281016954,0.06068368642013823,1.0476610463115559,-0.4352059688824239,0.030604237170898385,1.053965751948415,-0.43248778410022826,0.011205255185778643,1.0579573514739193,-0.4295987842077426,-0.0034744532248808507,1.061401984338263,-0.44671203856201147,0.06349841334880754,1.0432227620152168,-0.4500855785214002,0.03467852081102208,1.0473413020152325,-0.4514266875447234,0.016553463941329234,1.0480140899930486,-0.45129015619018015,0.0010616125788734353,1.0494824950890798,-0.45567440488756955,0.06760387704743881,1.0371686544656082,-0.4617247860843937,0.047210133747984356,1.039051452981004,-0.4641954156996299,0.03334081066182306,1.0403150158930035,-0.4659077684751,0.02164066522334831,1.0416210814309508
-0.44326269761990267,0.11674903095132366,1.014312704686871,-0.4260986089276452,0.0944325056635976,1.021857145811425,-0.4156473570385081,0.070969924385219,1.0351915750889937,-0.4057379829528791,0.05590287489416543,1.0455527913243658,-0.3956403335742489,0.04531468762906547,1.0542862063777434,-0.4260523138167484,0.05801203726396917,1.0475014123768849,-0.4198389727276102,0.032658380152469885,1.0564588079687331,-0.4152076384686163,0.016025003255357953,1.0607029027775157,-0.41125346797590845,0.002757502253433221,1.0635623972962422,-0.4376793500903741,0.05790403334637907,1.0451269522001707,-0.43656492574907757,0.02785375957983241,1.051554954814984,-0.4337976378683493,0.008477114341749747,1.0556206201287834,-0.43087701636847003,-0.006181969596060991,1.0591258851871703,-0.44810845793612786,0.06072733088664063,1.0407590174815715,-0.45134801518438156,0.03191298287153811,1.0450214072782313,-0.45260563222608624,0.01378568282351229,1.0457884118091105,-0.452411084394528,-0.0016970322993158805,1.0473440456155803,-0.45705194422778095,0.06481582783203935,1.0347645364634503,-0.46300949388011753,0.044403445100132166,1.0367391356598907,-0.4653943564880082,0.030525595021821596,1.0380719643593153,-0.4670194224310319,0.018822064016094472,1.039456841674222
-0.44200690926472563,0.11611775685367134,1.01410655951812,-0.42473166258551187,0.0938675491616082,1.0215929433760067,-0.4141973517527958,0.07043567158448415,1.0349159985415304,-0.404282771611982,0.055357249352836355,1.0452556678131493,-0.39419883694011015,0.044760222330221026,1.0539942060687455,-0.424753882295033,0.05737550888305391,1.047263812419332,-0.41854416868615796,0.03203164573921563,1.0562513888472942,-0.4139137115273927,0.015405898154912147,1.0605262231750443,-0.40995785632758086,0.0021475739935105514,1.0634256724492028,-0.43631964289686426,0.057303529426798464,1.0449605222459997,-0.4351053086894604,0.02728550457815921,1.0515197668131835,-0.43228427670690855,0.007931901159378807,1.055657605693947,-0.429330634282772,-0.006706411136871215,1.059221517101191,-0.4467055861899468,0.06013254643045267,1.0406564819405126,-0.4498014034995777,0.03132526440413937,1.0450707505006096,-0.4509691721107239,0.013196237885151747,1.0459330831219324,-0.45071523117297707,-0.002276697562619872,1.0475750622942963,-0.4556401619695057,0.06420372819551787,1.03471108281829,-0.46151376761095253,0.043775229441709355,1.036768752392082,-0.463813129643213,0.02988966541535886,1.0381697415823723,-0.46534775332798184,0.018183536531253576,1.0396335855608747
-0.4414131325139103,0.11554150662709296,1.0141489956957306,-0.42394720688522475,0.09341269857170209,1.0215523145066527,-0.41327879133229095,0.07002655328672396,1.0348489873518802,-0.40334511999543776,0.05495292557932274,1.045177317251771,-0.3932745435180471,0.04436045539539345,1.0539367599192433,-0.4240840981195953,0.0567896333562215,1.0472495094430654,-0.4178870072265286,0.03145280096312625,1.0562655762658868,-0.41326157638929234,0.014834838797101964,1.0605759762223146,-0.40930712033955874,0.0015856255524270453,1.063518658973132,-0.43562094799089196,0.05674694280663159,1.0450209121601375,-0.4343002256351781,0.026764812282902367,1.0517222295224258,-0.4314224773193484,0.007436232209887171,1.0559372567267207,-0.42843581910596584,-0.0071809205357511695,1.059560014419142,-0.44598569316427705,0.05958605529060648,1.0407835388013211,-0.44893088271056986,0.030788909383550632,1.0453638876551714,-0.4499980599134296,0.01265896596463225,1.046330938868731,-0.4496770977892164,-0.0028029749198426133,1.0480623199281955,-0.45492570540510946,0.06365184097793253,1.0348939060097713,-0.4607173355158058,0.04320893678907709,1.0370390161763254,-0.4629380947246542,0.029317415339379198,1.0385061852686555,-0.46439031251714574,0.017610320675102993,1.040044483192785
-0.4435309413594956,0.11325491449887648,1.0127353926909977,-0.425870771697703,0.0912503438089563,1.0200476501881228,-0.4150612584812385,0.06791156412526078,1.033313552997664,-0.40510274018794556,0.052848825828322704,1.0436338391085738,-0.39504354315599893,0.04226463838475729,1.0524163388814793,-0.42612536337632734,0.05448947629456788,1.0457716028843722,-0.41994525575534963,0.029158392419795037,1.0548154367908893,-0.4153278447314423,0.012547354917075884,1.0591609831645228,-0.4113765540280406,-0.0006931895396672105,1.0621466221732316,-0.4376357505072854,0.054477738801848516,1.0436209184995222,-0.43621410176690917,0.024531781454701085,1.0504618735567302,-0.4332812913736986,0.005228831419379184,1.0547556644776426,-0.43026221693893757,-0.009366683108959247,1.058438299428506,-0.4479803027307386,0.05732912126267503,1.039452963050304,-0.45077755722498214,0.028543911474514114,1.0441981094363308,-0.45174444798100105,0.010414334245455011,1.0452716341759802,-0.4513555658796012,-0.0050356238718182525,1.0470936873746988,-0.45692317831677165,0.06139188830365949,1.0336244528520875,-0.46262811320382213,0.04093454933776961,1.0358622662959878,-0.46477037615502986,0.027037920220461566,1.0373962589362762,-0.4661423058582803,0.015331077733988018,1.0390084035900748
-0.4486946570222621,0.10924271701375421,1.0098784853717804,-0.4308770108811495,0.0873385739324786,1.0171097947483982,-0.419948634301566,0.06404103750786136,1.0303507830926133,-0.4099706693468558,0.04898287958712634,1.040658962971123,-0.3999226571321309,0.038401551179326615,1.0494576964418088,-0.43122772080353716,0.05046520153417586,1.0428607816743773,-0.4250612129049245,0.025140939685477502,1.051932959712821,-0.4204504552465008,0.008536732495700146,1.0563115487755304,-0.41650126318850084,-0.004694977187861604,1.0593388407936666,-0.442697856069909,0.05048761139632289,1.0407864342651423,-0.44117924313157963,0.020577325609515335,1.0477612985339264,-0.4381929796293391,0.0012998042604685407,1.052131801739897,-0.4351415583085518,-0.013273696929923242,1.0558744673604916,-0.453012615201372,0.05334993254631784,1.036686536648494,-0.4556648228627426,0.024577536956310986,1.0415900451895233,-0.4565354568356889,0.0064494908143507106,1.0427668387845277,-0.4560816457728403,-0.008987836247034869,1.0446787231147885,-0.4619511947643823,0.057405143334680345,1.0309167479763195,-0.4675668474197206,0.03693339736079792,1.0332467416835904,-0.46962675126227427,0.02303201250752731,1.0348489339683304,-0.4709146988958424,0.011326312557327571,1.0365368741531757
-0.45643509246567987,0.10433725906573682,1.0057737295668667,-0.4384692440900628,0.08252947657144805,1.0129291993810292,-0.42742890484517704,0.059272062740282336,1.0261478226715588,-0.4174349384258992,0.044214811884848,1.036441816497951,-0.40739891241522314,0.03363386177172606,1.0452546734493484,-0.4389096908767207,0.04554981307822713,1.0387072770469776,-0.4327543000530459,0.020233137320555178,1.0478081322043262,-0.42814868930735833,0.003636246807614773,1.0522197531905986,-0.4242006962049297,-0.0095861903930454,1.0552888346430656,-0.4503367142726479,0.04560600714214942,1.0367071288866179,-0.44871954564593897,0.0157323587265503,1.043815575175849,-0.44567936890774756,-0.0035194225831761336,1.0482617127292988,-0.4425953236546663,-0.01807059194262703,1.05206405281409,-0.4606198861492127,0.04847832747163572,1.0326733019539243,-0.4631256549069196,0.019720183798075636,1.0377348871663454,-0.4638996068821917,0.0015947155555730407,1.0390144585536212,-0.4633814086992622,-0.013829237411704554,1.041015822708308,-0.4695539568674961,0.05252460689854578,1.0269591680439825,-0.4750810963275679,0.03203926136847261,1.0293795309388662,-0.47705723934414207,0.018133782606391077,1.0310502325794755,-0.4782592986360059,0.006430210721740756,1.0328145514560398
-0.46285217027099657,0.09949738919276567,1.0014802584736304,-0.44472541969595675,0.07779702883615876,1.0085560699054703,-0.43356456035911356,0.05458298922374133,1.0217497037562906,-0.42355274836785256,0.03952893422225169,1.0320310230137935,-0.41352886511590814,0.028950416247981364,1.0408606035841583,-0.4452622952563663,0.04069985089500905,1.0343613752932719,-0.4391191403845987,0.015390423377146082,1.043490613988028,-0.4345191115383042,-0.0011989169199064006,1.0479363251670961,-0.43057272120967516,-0.014411871977386453,1.0510480092846148,-0.4566522607030134,0.040788223084934475,1.0324353921164406,-0.4549347951482531,0.01095275139014841,1.0396793588123026,-0.45183995921723885,-0.00827252486571022,1.044201818407168,-0.44872319814834205,-0.022800999679591843,1.0480637965263062,-0.46690800949159406,0.043671185631280786,1.0284673831026654,-0.4692652346957028,0.014929274930876753,1.0336899694452681,-0.4699397094575948,-0.003192455368803422,1.0350744832033638,-0.4693555338363491,-0.01860208124725527,1.0371660094649577,-0.4758405357612254,0.047710706583297756,1.0228091167988593,-0.48127946897388985,0.027212705756336754,1.025320446376311,-0.4831726003185452,0.013304056990241293,1.0270594886443036,-0.48428973102727996,0.0016037169694448523,1.0288994410556138
-0.4611223915004691,0.09536551144875909,1.0007247479168748,-0.4428309013409294,0.07377692343024587,1.007718036738712,-0.4315455101710505,0.0506078717852667,1.0208847896591666,-0.4215140834661019,0.035559021250543534,1.0311546023574458,-0.41150195603174955,0.02498435767778305,1.0400021198392233,-0.44346617929192406,0.03655706441115744,1.033550755649857,-0.4373365219957206,0.01125451923851134,1.0427081014128834,-0.432742867624992,-0.0053273387032701375,1.0471881852833826,-0.42879860614109466,-0.018530760007052657,1.050342741233999,-0.45482159412442447,0.0366774210973666,1.0316994693184491,-0.45300456303919334,0.006881049306751472,1.0390788147381773,-0.4498552087544617,-0.012317125634685695,1.0436781129290305,-0.4467058269444941,-0.026822508239888118,1.0475999651269878,-0.4650514835640959,0.03957174935793929,1.0277975770805083,-0.46725991800953703,0.010847846695313329,1.033181774570107,-0.4678338012166331,-0.007268918273667263,1.0346725424019518,-0.4671828544949132,-0.02266327499210863,1.0368548261974535,-0.4739827831454174,0.04360582637427911,1.022196209417863,-0.47933222586110974,0.023095820803164996,1.0248000417367529,-0.4811423228621258,0.009184859676820867,1.0266076462800213,-0.4821751449456009,-0.0025111469431735346,1.0285228669428872
-0.44994504856873613,0.09213182793601435,1.0064276156481857,-0.4314960329669011,0.07065140713812,1.0133397194598985,-0.42008974055821013,0.04752667275580305,1.0264801739302707,-0.41003930967792207,0.032482320002683376,1.0367379888228871,-0.40003875698685365,0.02191081013292745,1.04560234982501,-0.43222524309127963,0.03331257651085019,1.039199954774922,-0.4261087548107169,0.008017037228647703,1.0483854180589707,-0.42152144796380925,-0.008557338927058917,1.0528995620207093,-0.41757927262281297,-0.021751095467742856,1.0560968730706546,-0.44354408934880085,0.033465503760886584,1.0374230264603665,-0.44162867220913854,0.0037087832248059033,1.0449362729485105,-0.4384252064946335,-0.015461931941200678,1.0496121027979604,-0.43524324888641547,-0.0299438399999384,1.0535939540921018,-0.4537466116130501,0.03637124213157836,1.0335868667568038,-0.4558066439537418,0.007666832566243835,1.0391314576109303,-0.45628017623758493,-0.01044378161106696,1.040728431280682,-0.45556276741055535,-0.02582202998016435,1.0430015601038023,-0.4626751545277462,0.04039948062048747,1.0280421240801925,-0.46793379365826815,0.019878024657260074,1.0307390423742393,-0.46965976910635177,0.005965513485603119,1.0326156793790227,-0.47060761407801716,-0.005725079729093106,1.0346064035429197
-0.43618057010950373,0.08956448080458686,1.0159931472617356,-0.41757899416424615,0.0681904185007537,1.0228256187340459,-0.4060545628177528,0.04510972549031633,1.0359403998130843,-0.39598606422395044,0.030068877891408635,1.0461856287799725,-0.3859971793324725,0.01949978289491988,1.0550660105628205,-0.4183987604433307,0.03073496237085875,1.0487134324387481,-0.4122948078564322,0.00544663857436356,1.0579270590095846,-0.4077135367303601,-0.01112010886729766,1.0624752079560762,-0.4037732644496031,-0.024303983001803496,1.065715342703754,-0.42967992100508,0.030920529146833325,1.0470101403100074,-0.4276662698751815,0.0012042344186537907,1.0546565217697537,-0.42440874863858224,-0.017938622640591803,1.0594085188597742,-0.4211941717908304,-0.03239669162487405,1.0634503491266853,-0.4398542713868807,0.03383757302938463,1.043238979977097,-0.4417655779992837,0.0051542153490459555,1.0489434737052,-0.44213845933539575,-0.012949062221439038,1.0506467659057006,-0.44135471745770766,-0.02831036216170485,1.053010772205945,-0.4487794443326059,0.037859691239563925,1.0377500182593393,-0.45394668558111795,0.017327466195347335,1.0405400292367053,-0.4555876515821783,0.003414196018995501,1.0424860170012589,-0.4564498396672358,-0.008269903183589708,1.0445523712856613
-0.42540561603645016,0.08755911039533465,1.0239156760499157,-0.40665123088046357,0.06629345632171088,1.0306682183620481,-0.3950078676682998,0.0432576428777931,1.0437568310669854,-0.3849212216942753,0.02822048201160471,1.0539896138307303,-0.37494404762121236,0.01765400627986806,1.0628862625905475,-0.40756115348600713,0.028719519995519693,1.0565837003868912,-0.4014697685886329,0.0034384147553998268,1.0658254112715888,-0.396894547334332,-0.013120563210911686,1.070407815002301,-0.3929562309927668,-0.026294356810229798,1.0736910424724024,-0.41880566979072487,0.028937362626274526,1.0549536650412559,-0.41669359357359037,-0.0007375355485730525,1.0627331036481455,-0.4133819063119321,-0.019852021466455448,1.067561255770564,-0.41013467828974076,-0.03428588076610595,1.071663068889256,-0.42895253231468816,0.031865874327630064,1.0512470238548968,-0.4307144246723002,0.0032052881406970934,1.0571118242965485,-0.4309856721435402,-0.014889406601505006,1.0589221697334754,-0.43013521067266386,-0.030232854581816848,1.0613772934238965,-0.4378747078871854,0.03588236073428733,1.0458134755774162,-0.44295008022346605,0.015340132111695562,1.0486969192660964,-0.4445056664959005,0.0014269519588959584,1.0507124326452002,-0.44528211462916906,-0.010249569173816572,1.0528542414677136
-0.4174909354870162,0.0869613074698625,1.0269526584747382,-0.39858370581111063,0.0658058487419079,1.0336246196127863,-0.3868204753826464,0.04281573943054487,1.046686383436697,-0.3767153027242681,0.027782752716586714,1.056907013212462,-0.36674975252311554,0.017219259876826182,1.0658202168588382,-0.39958334624000397,0.02811159295017239,1.0595678605210945,-0.3935047981922987,0.002837639397028524,1.0688375421570289,-0.3889358188346903,-0.013713495030276537,1.0734543810717918,-0.3849996109270135,-0.026877050135534923,1.0767809168558278,-0.41079218049298566,0.028361513643538366,1.0580109296374185,-0.40858190666029875,-0.0012711040365059809,1.0659231209701523,-0.40521607981978197,-0.02035670816994478,1.070827488603445,-0.40193621309655153,-0.03476597667972084,1.0749893524001,-0.42091215127915194,0.03130175949492853,1.0543685249272945,-0.4225242384613982,0.0026656549004842878,1.060393808161443,-0.42269302873493947,-0.015419178058560176,1.0623119401413,-0.42177547653005276,-0.03074385264603955,1.0648584592777721,-0.4298314464801851,0.03531316718634045,1.0489903472133588,-0.43481417390785165,0.014761679978607514,1.051967864563849,-0.43628401076098056,0.0008494532820393363,1.054053111015727,-0.4369747586108143,-0.010818402181112415,1.056270176372789
-0.4128260914575133,0.08821561401418704,1.0251745429020254,-0.3937683190118132,0.06717030814163404,1.031766071068836,-0.38188586865100227,0.04422620573253705,1.0448007911853914,-0.3717621995763801,0.029197400338062382,1.0550092587439175,-0.36180818908401485,0.01863685616786931,1.0639388361682092,-0.3948559272491746,0.029355835108013886,1.057737123906226,-0.38879022339039243,0.004089048149771957,1.0670347142236516,-0.3842275584515767,-0.012454175579120368,1.0716860217901063,-0.3802935207767265,-0.025607329761844377,1.0750559830127988,-0.4060290619006111,0.029637856577577004,1.0562530255785105,-0.40372104441629153,4.828697818561045e-05,1.0642973116803205,-0.4003012044656641,-0.019007979986917133,1.0692778017574107,-0.39698871652759227,-0.033392277121363986,1.0734997769561725,-0.4161220563236686,0.03258999990421578,1.052674495667519,-0.41758418925945534,0.0039800107459303236,1.0588599655057527,-0.41765005366860297,-0.014093685363034382,1.0608863106011237,-0.4166652890493889,-0.02939868666968885,1.0635243944931365,-0.42503810721063445,0.036596546676587294,1.0473514879058143,-0.4299273146809497,0.01603652346135581,1.0504236051467182,-0.4313108152320515,0.002126110181510786,1.0525788437426982,-0.4319156876169963,-0.009531985908611006,1.0548710669975216
-0.4151152215958688,0.08926983508457384,1.020145480629259,-0.39590946686314743,0.0683344427743809,1.026657021721821,-0.3839087570881277,0.045436569726789805,1.0396646642924539,-0.3737668178552641,0.030411742849312542,1.049860846073379,-0.3638243215685983,0.01985398171667254,1.0588065276284584,-0.3970831100811366,0.030400177342024617,1.0526559159971338,-0.391030111902044,0.0051406153380763805,1.0619813764479056,-0.38647373599820856,-0.011394600659228326,1.0666671949795252,-0.38254187241225157,-0.024537170366937488,1.0700807072826426,-0.4082204129351706,0.030714281186700637,1.0512442600879122,-0.4058149629539059,0.0011685385416338803,1.0594200178272315,-0.4023411953617844,-0.01785794531346164,1.0644764739151338,-0.3989960878037654,-0.03221689476849821,1.0687585856539696,-0.41828628381594973,0.03367841939160027,1.0477291460358384,-0.4195982479624841,0.005096177072035281,1.0540745005210268,-0.4195607198375139,-0.012965097394939236,1.0562094150096148,-0.41850866584178037,-0.02824953002593552,1.0589391795620708,-0.42719877272582135,0.03768023856514818,1.0424609383729824,-0.4319937116692547,0.017112424539863093,1.0456280183199578,-0.43329027111876267,0.0032046944135399394,1.047853484815739,-0.4338090375364204,-0.008442547273883116,1.050220762783617
-0.42378000321481557,0.08778914690515123,1.0138126867180597,-0.40442783547388506,0.06696419394042098,1.02024438720696,-0.39230917259433784,0.04411299592268997,1.0332247242449388,-0.3821490356579283,0.029092128197510142,1.0434086148191246,-0.37221803592353725,0.01853714234365539,1.0523703272073677,-0.4056861232769199,0.028909764535136828,1.0462711508950975,-0.3996457872502576,0.003657455547048556,1.0556244232455336,-0.3950957141908657,-0.012869646974982819,1.0603448620118245,-0.39116606136697174,-0.02600144499205562,1.0638020958116374,-0.4167878810283195,0.02925582605952262,1.04493158677388,-0.41428519734534475,-0.00024526693675137184,1.05323834300487,-0.41075754188477737,-0.019241499796005118,1.0583706603615526,-0.4073798147107506,-0.03357472486507537,1.0627129262709716,-0.42682677887101356,0.03223208662454062,1.0414794527504703,-0.42798827295836733,0.0036792617997837215,1.047984564239954,-0.4278467455172568,-0.0143682751458976,1.0502285080411247,-0.42672723255523276,-0.029631226074265455,1.0530500914014638,-0.43573561852464754,0.03622944270286764,1.0362657153867172,-0.44043560791516684,0.015654615528940014,1.0395281370535956,-0.4416447306902582,0.0017504563166389833,1.0418240254459896,-0.44207727769886196,-0.009884840301902984,1.0442661839548562
-0.4274446562882637,0.08559781219821805,1.0101380589722375,-0.4079473818385378,0.0648839955826372,1.0164899030889811,-0.39571084030830195,0.0420799848607131,1.029442606931283,-0.38553246704845817,0.027063178742257263,1.0396142699612372,-0.375612921354184,0.016511042850467658,1.0485920097864687,-0.40928908292086036,0.026708797325729748,1.0425445573832364,-0.4032614451597898,0.0014637451473665727,1.0519255698946528,-0.3987177389911626,-0.01505514938394309,1.0566807441798383,-0.39479036534408884,-0.028175995213329526,1.0601818721383462,-0.42035569470974926,0.027086693506133658,1.0412767965142684,-0.41775603323641086,-0.0023689382299932962,1.04971407284746,-0.4141745462234807,-0.02133444669837173,1.0549221758277445,-0.41076420945178815,-0.03564156789998872,1.0593246229877646,-0.4303678446915518,0.030075233607870788,1.037887256579598,-0.4313786164775492,0.0015535046564433483,1.044551989694792,-0.4311324822889801,-0.016478954198492875,1.0469054444343997,-0.42994532017796083,-0.031719498661770866,1.0498189927106867,-0.43927296803899823,0.03406844447934898,1.0327277388035285,-0.44387728377251745,0.013487396662743782,1.036085946068898,-0.44499851397144763,-0.00041228970044439317,1.0384524385456657,-0.4453448004789985,-0.012034553527311573,1.0409692682363516
-0.41828870428981346,0.08569107770845456,1.0125818009596859,-0.39864802607990624,0.06508873890797856,1.0188539001968262,-0.3862939466795262,0.04233232984748658,1.0317787197040325,-0.3760973504550762,0.027319623885858152,1.0419381764885338,-0.36618920916456943,0.01677035436506394,1.050931864262419,-0.40007169570005746,0.026792525302151052,1.0449364479009842,-0.394056761936156,0.0015547433875710837,1.0543451358038902,-0.3895194769548558,-0.014955853478089393,1.0591351317228814,-0.3855944415788976,-0.028065567136137254,1.062680306066348,-0.41110338817345365,0.027202180944182405,1.0437401954975727,-0.4084070735742997,-0.0022072125519206065,1.0523074339351726,-0.404771839331034,-0.021141534901921385,1.0575912210697964,-0.40132890848811137,-0.03542217200799466,1.062053875663912,-0.42108889438508085,0.03020314578153946,1.040412864135913,-0.4219487712099354,0.0017141729161198119,1.0472369674761537,-0.42159750911902416,-0.016301855889980565,1.0497003441437347,-0.4203425606788999,-0.03151907000611239,1.052705974182458,-0.4299901384397451,0.03419247532731669,1.0353073091582607,-0.4344980238874442,0.013606006279666405,1.038761736691306,-0.43553087905543353,-0.000288295041088113,1.0411990150518193,-0.4357908541698055,-0.011896438427828684,1.0437903047985118
-0.40561787698253693,0.08776389343088727,1.0177998102207342,-0.38583567154956855,0.06727320755765058,1.0239923843290863,-0.373364547653093,0.04456476311729875,1.0368891285039317,-0.3631497993428543,0.029556131454413298,1.0470363630817483,-0.35325302303893386,0.01900969886236885,1.0560458774638202,-0.387339764239356,0.02885592504043387,1.0501028117975273,-0.38133749990100696,0.0036254389631166506,1.0595391176065394,-0.37680666663921003,-0.012876765407293232,1.0643640140444812,-0.3728840136405394,-0.025975161714827538,1.0679533821848222,-0.3983366856377027,0.02929727128658624,1.048977746493165,-0.3955440369876,-6.51197524119268e-05,1.0576743675992593,-0.39185514179808123,-0.018967801133716267,1.0630337132886885,-0.38837963208451376,-0.0332215747089139,1.0675565913623029,-0.40829560150613536,0.032310787511272435,1.0457122190536967,-0.4090044339309203,0.003856223334341831,1.0526953905089407,-0.40854755987626584,-0.014142010936588949,1.0552690518759447,-0.4072247198104248,-0.029334971212181437,1.0583668519336829,-0.4171927844346294,0.036296463563598155,1.0406603332154163,-0.42160350261994456,0.015705385622126075,1.0442113729136533,-0.4225474957214733,0.0018173920226813578,1.0467196064758717,-0.4227211065400546,-0.009775545137925515,1.0493851326476484
-0.4016776646963591,0.08897197035078441,1.0206366160814992,-0.38175565699485065,0.06859321425171816,1.0267498592822124,-0.36916789372115033,0.045933128960747346,1.0396183145439912,-0.3589350495918431,0.030928564531258945,1.0497533243771173,-0.34904960379934025,0.020384958339441955,1.0587785723506915,-0.3833387064877029,0.03005470906479979,1.0528881430312975,-0.3773490842358697,0.0048315417704253225,1.0623520074178288,-0.3728247342438313,-0.01166217138546801,1.0672118950962115,-0.3689045103589588,-0.024749061827447866,1.07084561210173,-0.394301068313328,0.0305276561528766,1.0518339449144363,-0.3914123823608547,0.001213033109711617,1.0606593900577732,-0.3876699053283857,-0.017657550757788257,1.0660941694923283,-0.3841618326762466,-0.03188408148167824,1.0706772803136388,-0.4042334951691433,0.03355384889431191,1.0486298166210015,-0.4047911346322189,0.005135351333124635,1.0557717620193392,-0.40422815531881967,-0.012843704901475295,1.058456067294622,-0.40283731375013976,-0.02801148240936156,1.0616461140302262,-0.41312648079219555,0.037536113483488065,1.0436313017629766,-0.4174393177985661,0.016941256597081483,1.0472793307411254,-0.4182939904177619,0.0030605047876793093,1.0498586695549235,-0.41838121918151444,-0.00851614554315102,1.0525981805987041
-0.4081023739417418,0.08786661817180472,1.019418017710721,-0.3880421859241508,0.06760012619229765,1.0254520870655373,-0.3753381142337054,0.04498881764281572,1.0382920122451222,-0.3650872025144886,0.029988345021031065,1.0484148135895548,-0.3552130490779518,0.019447577978133554,1.0574557258824726,-0.38970278325405044,0.02894017437933158,1.0516181938082412,-0.383725794822402,0.003724342788538851,1.0611095540205095,-0.3792079705958104,-0.012760781199515105,1.066004528598784,-0.3752902302905071,-0.025835976782079058,1.0696827520017336,-0.40063083954643797,0.029444626017620337,1.0506345577029836,-0.397646421648105,0.00017852954560242107,1.0595882697695833,-0.3938504448097321,-0.01865949956534177,1.0650983620010186,-0.3903098285493851,-0.03285840746513733,1.0697417127223163,-0.4105369097835994,0.0324836244411367,1.0474914352489946,-0.4109432307658045,0.004102852330473326,1.054791848055188,-0.4102736595913454,-0.01385562400807027,1.0575871486911546,-0.4088147061602683,-0.028997284343816116,1.0608695091430393,-0.4194255823815314,0.03646273339566758,1.0425460075025277,-0.42363982463048533,0.01586494339212216,1.0462914070643206,-0.4244047423884966,0.001992378526823199,1.0489419861855962,-0.42440560832558755,-0.009566910311922937,1.0517552055675725
-0.41451174094034016,0.08687052743256693,1.017124454392963,-0.39431504127290007,0.06671656376457515,1.0230795282336262,-0.3814950279170899,0.04415443304305568,1.0358906915420503,-0.3712260789841345,0.029158073081855168,1.0460012974950774,-0.361363177066302,0.018620153023330685,1.0550577966878394,-0.3960517540959154,0.02793500768100629,1.0492734116626856,-0.3900873913124465,0.0027265285723661117,1.0587922051693615,-0.3855761368055689,-0.013749909286708967,1.0637223576027104,-0.3816609351619366,-0.026813220173462597,1.0674452410000015,-0.4069457349723957,0.028470875549585217,1.0483600362862446,-0.40386591174188674,-0.0007459508687452723,1.0574414379172092,-0.40001652583952413,-0.01955097161427928,1.063026715016503,-0.3964433887324182,-0.03372187643304429,1.0677303096846489,-0.41682556513695995,0.031522806454003655,1.0452775311640903,-0.4170804792516603,0.003181411402712671,1.0527360628439593,-0.4163038608069025,-0.014755069316864274,1.0556426806022203,-0.4147767021911813,-0.029869676143626445,1.0590174042958092,-0.42570979616558413,0.035499007125673554,1.0403849099299909,-0.4298247262394736,0.01489914319241828,1.0442280551339702,-0.4304994641651025,0.001035720713715313,1.0469499975847398,-0.4304140077063857,-0.010505137481332603,1.0498366308856621
-0.41206140443599315,0.08811946154889885,1.0177883331362276,-0.39172990879452385,0.06807822104269917,1.0236646242614897,-0.3787943669480966,0.04556565023980555,1.0364468112198013,-0.3685074239591013,0.03057340890617115,1.0465452259838202,-0.358655734188471,0.020038332274589996,1.0556172235620336,-0.39354128103433744,0.029174975783226545,1.0498862253290384,-0.38758952737647656,0.003973868293461913,1.059432391150549,-0.3830848824569463,-0.012493785539897842,1.0643978091731756,-0.3791722720916302,-0.025545019757635908,1.068165503633594,-0.4044013920373077,0.029742175625804973,1.049042805790196,-0.4012264985682015,0.0005753501709293701,1.0582513049631106,-0.3973237997058502,-0.01819621263931625,1.0639116290343962,-0.3937181670661936,-0.03233873445974636,1.0686754662269737,-0.41425508351612494,0.032807160359415694,1.0460205282480506,-0.41435853199351586,0.0045067865077944025,1.0536367929329091,-0.4134744397595382,-0.0134062702935802,1.0566550176690215,-0.4118790009507473,-0.02849288654147019,1.060122134362984,-0.4231347383035441,0.03678068884425764,1.0411804263623194,-0.42714964539184236,0.016179623652393574,1.0451216752346189,-0.42773378911003923,0.0023263086268119904,1.047915089581807,-0.4275620692694013,-0.009195056136518762,1.0508748241619927
-0.4064077695483225,0.08983872782194575,1.0199746367272682,-0.3859431738485101,0.06991039418592655,1.0257723668667267,-0.37289251560467584,0.04744776398296448,1.0385253647190282,-0.36258762278759266,0.032459646510403395,1.0486115927388617,-0.35274710760288625,0.021927409659545996,1.0576990026474182,-0.3878277619916723,0.030885386524784106,1.0520216166989997,-0.38188859859935403,0.005691670398599066,1.061595094549753,-0.37739060223553983,-0.01076710006776057,1.0665958673113018,-0.3734806360083868,-0.023806063439473876,1.0704085244317025,-0.3986542136888299,0.031483831189794725,1.0512478484772148,-0.39538458395475995,0.00236772947942146,1.0605828500983296,-0.39142867016502475,-0.016369927851161405,1.0663180781836807,-0.38779056966249514,-0.030483687035076604,1.0711421512970185,-0.40848187401810626,0.03456198803294831,1.048285409598432,-0.40843381922261257,0.006304275021079414,1.0560589992167686,-0.40744184452861315,-0.011583915748817834,1.0591890983831465,-0.4057780609566214,-0.026641602550223957,1.06274862158009,-0.41735682819096787,0.03853307876725155,1.0434975366585202,-0.42127101146504875,0.017931699473659746,1.047537233322748,-0.42176416419880064,0.00408946617100818,1.0504022119217513,-0.4215062646251822,-0.007411350257708477,1.0534347144825782
-0.4084165934653403,0.08899728556513421,1.0195082353182563,-0.38782056277154464,0.06918204074122118,1.0252276256409982,-0.3746551863817025,0.046769734567811014,1.0379512173884688,-0.36433238243568095,0.03178575271306344,1.048025267392292,-0.3545030040197346,0.021256357017494357,1.0571280096863152,-0.38977693944758646,0.030035197156123433,1.0515044457932456,-0.38385035001331025,0.0048488913340921785,1.0611051753969243,-0.37935904236404616,-0.011600895416612245,1.0661413938415367,-0.37545177451740824,-0.02462739198918693,1.0699991653541372,-0.40056995197493084,0.03066479664518465,1.0508000284323824,-0.3972059238043062,0.0016001326973917943,1.0602609341364913,-0.39319689515647477,-0.01710317304482995,1.0660709204492986,-0.389526356516919,-0.03118778978558818,1.0709552189999985,-0.41037169711386157,0.03375624185267552,1.047897042811642,-0.4101721238988173,0.005542824416159928,1.0558275280782308,-0.4090718750800715,-0.01231904449666043,1.059069748780651,-0.4073396903003024,-0.027346860978930767,1.062721677125675,-0.4192418349527035,0.03772512935127835,1.043161109883126,-0.42305459899434544,0.01712433761293164,1.047299590130334,-0.4234563809813183,0.0032941693519977777,1.050236210961458,-0.423112410510557,-0.00818505245601165,1.05334112859262
-0.4197725818246189,0.08591203507471118,1.01499088372778,-0.39904677746213857,0.06621003532466777,1.0206321666326466,-0.3857670857472994,0.0438484323260457,1.0333261372385698,-0.37542640763548485,0.028868599185886024,1.043388018389316,-0.36560812699974365,0.018342047648989522,1.0525060142835918,-0.4010735149727381,0.0269413073047797,1.0469364659163534,-0.3951594865299579,0.001762429353952974,1.056564385988813,-0.39067490806703564,-0.014678272726454205,1.0616361407028179,-0.38677039303275446,-0.027692104859211475,1.0655391769044933,-0.41183330551545966,0.027601971325861778,1.0463011012272523,-0.40837522988307423,-0.001410552954833659,1.0558873027928195,-0.4043131904618558,-0.020079063807539176,1.0617718958649063,-0.4006102454196654,-0.03413415830735531,1.0667164051010836,-0.42160924996266136,0.030706817907241904,1.0434571862494983,-0.42125817192233705,0.0025393227249329645,1.051544108336611,-0.42004928041602574,-0.015294756776227655,1.0548986713897348,-0.41824864994222044,-0.030291761472640157,1.0586429861475821,-0.43047445537010537,0.03467373210398869,1.0387729051422032,-0.43418510952171596,0.014074443509673337,1.043010494529549,-0.43449515541008243,0.0002573322877535075,1.0460188219427131,-0.43406524572471505,-0.011199257777457675,1.0491957834216528
-0.42892900290863617,0.08474836390670266,1.0103917676458374,-0.4080750909776501,0.06515973188366304,1.0159551915983942,-0.39468150082858305,0.042849203251973535,1.028619331740803,-0.3843229872968687,0.027873529008146422,1.0386690509093666,-0.374515765508721,0.017349822649947805,1.047802219927491,-0.4101707635968985,0.02576910307510582,1.0422868661077551,-0.4042692849320788,0.0005976694159999171,1.051941913975074,-0.39979147743741567,-0.01583384711428258,1.0570492938632001,-0.39588977057687713,-0.02883481561156437,1.0609977439048262,-0.42089754298489074,0.026460742678973637,1.041720256688215,-0.41734578250030857,-0.0024989528636681323,1.0514311343113025,-0.41323084263941995,-0.021132229572813035,1.0573901750363586,-0.4094955265243791,-0.03515742298256877,1.0623948746587681,-0.43064779834810163,0.02957910128899255,1.0389350319313067,-0.43014526064573116,0.0014591449549146013,1.0471778992180019,-0.4288273853206491,-0.016345667627384285,1.0506449955740156,-0.4269582800900635,-0.03131091975823065,1.0544816591337305,-0.43950795611286164,0.03354426800085526,1.0343021135828332,-0.4431158192360138,0.012947411764954342,1.0386391224049052,-0.4433337821729809,-0.0008556429338861977,1.041719203237532,-0.442818090058953,-0.012288574772605313,1.0449678173594719
-0.4256039364426706,0.08815198582079425,1.0104962025673214,-0.4046235760870714,0.06867681965463114,1.015982022067159,-0.3911165136219226,0.04641772999683828,1.0286161259776903,-0.3807402050252004,0.031446223383000654,1.0386536897572305,-0.3709440049544494,0.020925359968422784,1.0478019501500457,-0.4067867747281143,0.02916429414578834,1.0423409621373991,-0.4008978298602146,0.004000322776841009,1.0520230768595014,-0.3964268371357054,-0.012421907359810563,1.0571661699134993,-0.39252799620258566,-0.025409811569075198,1.0611601828896047,-0.4174807526325847,0.029886822624676512,1.0418428133105844,-0.41383566691636076,0.0009806357111142305,1.0516777419281447,-0.4096679422621742,-0.017616970593012253,1.0577110667416092,-0.40590029497379865,-0.03161188511813583,1.0627759316278393,-0.4272054335433849,0.03301880369398019,1.0391159015039402,-0.4265515063765893,0.004947993904131729,1.0475141969548931,-0.4251243318236916,-0.012826064313893248,1.0510939917622741,-0.42318673661532713,-0.027758623398003494,1.055022950527816,-0.4360604370391994,0.036982448966789344,1.0345340565622323,-0.4395648374053372,0.016388967876681176,1.0389707809514266,-0.4396903924352384,0.0026009756275771623,1.0421226423807575,-0.4390891009304162,-0.00880728326863361,1.0454424977965537
-0.4167263797913983,0.0936183002118659,1.012716348599857,-0.39562121637986813,0.07425667980632533,1.0181248202952273,-0.3820011102018236,0.05204938986829208,1.0307286836616762,-0.3716070472657282,0.03708206070817814,1.040754100885125,-0.3618218326977979,0.026564037229689426,1.0499173715345527,-0.39785054016017096,0.03462227997132045,1.0445109130756713,-0.39197410499433866,0.009465792314020977,1.0542200382008422,-0.3875099679429953,-0.006947048490664407,1.059398934016817,-0.38361405003708143,-0.01992168560516355,1.0634386581957114,-0.4085119263497743,0.03537561009698738,1.0440809331724277,-0.4047738680731341,0.006523604936942054,1.054039288018389,-0.40055347383112877,-0.012037895398862977,1.0601467322520375,-0.3967535363093939,-0.02600215262612042,1.0652717346806013,-0.4182111500337564,0.03852132099804571,1.0414119592477247,-0.4174059194870408,0.010501258451344104,1.0499651486016668,-0.41586914926854673,-0.007240547237187642,1.053657786115838,-0.41386305706666304,-0.022139472147358424,1.0576789729520695,-0.427060898489834,0.0424836680471419,1.036880898004083,-0.4304611665125115,0.021894518442268356,1.0414176264026753,-0.43049400202930205,0.00812260194039811,1.0446412830982528,-0.4298073125962535,-0.0032599800930953136,1.0480319535882692
-0.4163552148377956,0.09508833085324717,1.011738326924694,-0.3951268844049443,0.07584031749431426,1.0170697246966935,-0.3813941617138966,0.05368518685478041,1.0296431452451826,-0.3709823833667898,0.03872204639885432,1.0396564252451566,-0.36120811531188046,0.0282068653569027,1.0488346289188009,-0.3974209155965951,0.036084091875027084,1.043482840640597,-0.39155697248512145,0.010935106929957833,1.0532189178601137,-0.38709972612830246,-0.005468238494438557,1.058433708226792,-0.38320678376261236,-0.018429402929879317,1.0625192892428756,-0.4080499172873979,0.03686813035708016,1.0431207367964326,-0.40421925954116134,0.008070967020864267,1.053201885426,-0.3999463092739357,-0.010453993871429933,1.0593832782539923,-0.3961141199955594,-0.02438721429649398,1.064568386632046,-0.41772379632689777,0.040027669964457856,1.0405093251488116,-0.41676737291096316,0.012059944938409659,1.0492168483670197,-0.4151207289471394,-0.005648101146038743,1.0530224457094335,-0.41304614072988566,-0.020512451837173002,1.0571357746815746,-0.4265681819790159,0.04398893074804788,1.036028755951789,-0.4298636515974869,0.023405082377729203,1.0406657673710078,-0.42980346211704196,0.009650263387478032,1.0439612273644623,-0.42903159041151545,-0.0017056483666590423,1.0474222741426775
-0.43058698802185685,0.08984882433127327,1.0050105003398728,-0.4092371217880467,0.07071445751457946,1.0102651222823043,-0.39539221244741646,0.048611842780559855,1.0228079009904862,-0.3849627545315662,0.03365290192363914,1.032809049576103,-0.3751993914781288,0.023140570620381953,1.0420021123674947,-0.4115944433572798,0.030836475900443895,1.0367051061278585,-0.40574299573341094,0.005695003469817751,1.0464680665872426,-0.40129268056438056,-0.010698742038745206,1.0517188406123377,-0.3974027680672758,-0.023646226930528334,1.0558504228475132,-0.4221912664024174,0.031651127026139265,1.0364105839295896,-0.41826842059958763,0.002909444981343101,1.0466138729442156,-0.41394303848274583,-0.015578550673026475,1.052869029502487,-0.4100786402458569,-0.029480357492752407,1.0581142033208306,-0.4318399105517661,0.03482459100585483,1.0338563607655682,-0.4307324519346281,0.006910775764853119,1.0427176137007559,-0.4289756893285646,-0.010761999645336001,1.0466362484186245,-0.426832625379983,-0.025590841088756464,1.0508416082523881,-0.4406788221296891,0.03878497209133122,1.0294259915292097,-0.4438688480832068,0.018207407508705045,1.034163541413299,-0.44371535295444403,0.004470712522205936,1.0375307917588965,-0.44285854521752926,-0.00685755085058962,1.0410617536614206
-0.45178043961997566,0.08277513105605575,0.9939924129155473,-0.4303106596652051,0.06375442453397231,0.9991705501800243,-0.4163540092514017,0.041704671098565765,1.011682491401028,-0.40590690930206424,0.026749938374819274,1.0216715128156006,-0.39615441525120026,0.016240453988990475,1.0308793556010212,-0.43272991584972953,0.02375476216585211,1.0256372490876142,-0.4268909605932769,-0.0013791863429115127,1.035427024676374,-0.4224476331807625,-0.017763232929264103,1.0407138652950487,-0.4185608176509226,-0.030696832077819924,1.044891596033808,-0.4432947678835178,0.024599942516859014,1.0254100222482498,-0.4392801300305331,-0.004085628260815651,1.0357347897875857,-0.434902458046054,-0.022536239663057234,1.0420635198514252,-0.43100590806074707,-0.036406261218123626,1.0473687111999899,-0.4529182983405169,0.027787437340846252,1.0229126229602399,-0.4516599984988065,-7.091114770654827e-05,1.0319269698848663,-0.4497929145532176,-0.017706901367235035,1.035958687896081,-0.4475814195518536,-0.03249930243439199,1.0402559513858571,-0.4617516485135947,0.03174715988051564,1.0185321660146982,-0.46483560881525565,0.011176873903820127,1.0233704851789582,-0.4645885745917771,-0.002540671543128927,1.0268094742455165,-0.46364712074686304,-0.013840328147112418,1.0304098614175417
-0.46335063525159204,0.07996975301417941,0.9856482168791664,-0.4417625474424547,0.06106269656135545,0.9907501297037805,-0.4276946172020942,0.03906613782593192,1.0032310404479774,-0.4172299204725839,0.024115620906609257,1.0132079459409322,-0.4074882672431125,0.013608965721895475,1.0224304813957512,-0.4442424235090326,0.020941444331491983,1.017243423387057,-0.4384159080204132,-0.004184948183743122,1.0270599700628251,-0.433979618599547,-0.020559193320651852,1.0323829633125459,-0.4300959688632492,-0.033478698464545945,1.0366069907256614,-0.454775509801949,0.02181708019297649,1.0170832169562356,-0.4506694024124824,-0.006811738238048487,1.0275288260826816,-0.4462395755915824,-0.025224540575489042,1.033930953991459,-0.44231093377559444,-0.03906240284079571,1.039296119075495,-0.4643740580201378,0.02501871595932987,1.014642282893579,-0.46296509313620166,-0.0027826079787746233,1.0238091010287467,-0.46098749951816553,-0.020380286685279005,1.027953944961837,-0.45870761991586567,-0.03513531223677198,1.032342986195074,-0.4732017834799631,0.02897800853657974,1.0103114527774233,-0.47617904276823214,0.00841600929621656,1.0152507769225085,-0.4758382495878255,-0.005281356560510011,1.018761439736246,-0.4748124498553428,-0.016551459791653223,1.022430754463378
-0.4567991393739684,0.0828887545828,0.9852171219734177,-0.4350943396053075,0.06409532399120842,0.9902431011851364,-0.420915577980692,0.0421522992020871,1.0026927908338599,-0.4104333290452293,0.027206009865896517,1.0126575973721121,-0.4007024792478775,0.016702182904879244,1.0218947480379574,-0.4376334210884562,0.023852626838697176,1.0167628494146377,-0.43181929019403853,-0.0012661745589031305,1.0266061298889921,-0.427390051219674,-0.017630500084495116,1.031965375821609,-0.42350960948743566,-0.03053569573773682,1.0362358386932842,-0.44813493751385586,0.024758620099075312,1.0166693783885563,-0.4439377085402364,-0.0038128125141350475,1.0272352015957047,-0.43945583054938026,-0.022187373365029184,1.0337105533663062,-0.4354951333385558,-0.03599269242634395,1.0391356522769577,-0.45770861396412643,0.027974477053689314,1.0142845386291923,-0.45614914874034856,0.0002317327422812522,1.0236032056887288,-0.4540608431100216,-0.017326095173567136,1.0278612054629108,-0.4517126083429179,-0.03204280759393276,1.0323418842048055,-0.4665306150486401,0.03193352930800646,1.0100030399440625,-0.46940050911049397,0.011380839241822743,1.0150436200453634,-0.4689656917054607,-0.0022952987895812713,1.018625924773727,-0.46785581658299324,-0.013534903140660803,1.0223636826233284
-0.43766458203088937,0.0905888974148953,0.9900190749596517,-0.4158446703622581,0.07190905693562677,0.9949695141197131,-0.40155550122088884,0.050019919645556056,1.007387795176243,-0.3910557271140964,0.03507787294712992,1.017340506423904,-0.3813356232266262,0.024576911825940427,1.0265922179940508,-0.4184414430700441,0.03154510092305797,1.0215154728574416,-0.41263975080231424,0.006433880307150121,1.0313853988052935,-0.40821757668195213,-0.009920407977197806,1.036780994743416,-0.4043403738589115,-0.02281107581252991,1.041098023473022,-0.4289115842960238,0.032481322938752284,1.021488428015049,-0.4246237686539797,0.003967848459108973,1.0321737695066204,-0.4200899583676452,-0.014368059090261122,1.038722124717637,-0.41609723596559495,-0.028140455983953087,1.044207095692371,-0.43846047154453716,0.03571145623900783,1.0191593004475203,-0.436750781024768,0.008028802406276705,1.028629093717841,-0.4345516002817738,-0.009487645257345181,1.0330001998607266,-0.43213506667121904,-0.02416512506149545,1.0375723180657892,-0.44727659234960715,0.03967041958640221,1.0149268288632323,-0.4500385066958936,0.019128071348171943,1.0200688680155099,-0.4495094106984392,0.00547421675443111,1.0237227750963003,-0.4483157606630862,-0.0057339617817147815,1.0275284676736791
-0.4172578397354082,0.09937217872965741,0.9951768365059432,-0.3953244058317906,0.0808058660932233,1.0000521155458635,-0.38092528336909104,0.05897094863679028,1.0124388036596463,-0.37040800608754443,0.04403315174155139,1.0223794062324578,-0.3606986047662995,0.03353506992610917,1.0316456123173896,-0.3979775727730509,0.040320781725156365,1.0266240283343153,-0.392188415873158,0.015217108930332526,1.0365204795571101,-0.3877734068845683,-0.0011270575349462035,1.0419524905062683,-0.3838995313331798,-0.014002989058939389,1.046316231060643,-0.4084165496285134,0.04128714745587854,1.026663120722125,-0.4040387030558278,0.012832167420108155,1.0374672256467756,-0.3994531639247462,-0.00546470910958477,1.044088331103998,-0.39542850383389333,-0.019203831505499244,1.049633083750786,-0.4179407686437159,0.04453166314643935,1.0243893542044875,-0.41608126191510447,0.01691055934832493,1.0340094482361935,-0.4137711637000242,-0.0005630021940879314,1.0384935308475338,-0.41128647061157025,-0.015200352779515324,1.043156853811765,-0.4267509241716041,0.0484907536243961,1.0202056250983653,-0.4294043547565071,0.027959785036852453,1.0254492348882809,-0.42878088559877814,0.01432923844360233,1.029174581929187,-0.4275038960171214,0.003153361644804486,1.033047621805688
-0.40346310201088575,0.10471150605943698,0.9987929219047567,-0.38141768689337086,0.0862586260367505,1.003593205708871,-0.36690913891913174,0.06447820895592747,1.0159481180079442,-0.3563744171625983,0.04954465885657461,1.0258766222232563,-0.3466757251999752,0.0390493757981918,1.035157202957656,-0.38412627686282724,0.045652480307648985,1.030191022590251,-0.3783495234940621,0.020556415516912983,1.0401139820652239,-0.37394180522373655,0.004222447621866328,1.0455824678902825,-0.3700713917130983,-0.008638543259454706,1.0499930878956047,-0.3945343031172337,0.04664898753449676,1.0302960305677127,-0.39006658752990875,0.018253133320734916,1.0412182598994233,-0.3854295273399387,-4.309006071697916e-06,1.0479119412347644,-0.38137305714806974,-0.01370980467345849,1.0535164120451628,-0.40403405006256976,0.049908057848218924,1.028077317307383,-0.40202500598275376,0.022350005723258525,1.0378470079085302,-0.39960397831229794,0.004920859035791125,1.0424440041420249,-0.39705126906850263,-0.0096754433265684,1.0471983648599834,-0.4128383124721724,0.05386758894885363,1.0239420740359506,-0.4153827098657244,0.033349052597864935,1.0292874006449937,-0.4146648573834249,0.019742819072523697,1.0330839545908934,-0.4133049993939258,0.008600097967497904,1.0370237407681553
-0.39821706489264674,0.10517848119375756,1.0006453142344944,-0.37606118867368854,0.0868389269349106,1.005370748816866,-0.36144371773455636,0.06511330434896297,1.0176937053229071,-0.3508916340141384,0.050184011681351545,1.0276101677270622,-0.3412036437626654,0.039691468335762335,1.0369050130758257,-0.37882388361780467,0.04611194636696857,1.0319944934870717,-0.373059229621811,0.02102363111009351,1.041944049963842,-0.36865874462052634,0.004700011822843988,1.0474491394167251,-0.36479181644241343,-0.008145808823141785,1.051906774935763,-0.38920113469024886,0.04713852372874635,1.0321651762680997,-0.38464354851331684,0.01880250716391867,1.0432050442994925,-0.3799549993265504,0.0005849773500395108,1.0499712109649586,-0.375866740751322,-0.013086482888001925,1.0556353942028673,-0.3986765469384063,0.050412223921031306,1.030001159856822,-0.39651797805858063,0.02291881113171953,1.0399199391701437,-0.39398583012955735,0.005535676125127302,1.0446299017828684,-0.3913651014597844,-0.009018612047926842,1.0494751871189836,-0.40747489172375245,0.05437239020631714,1.0259141110440066,-0.4099094766613012,0.033867369474921666,1.0313614709208099,-0.40909696394371065,0.020286528226620696,1.0352291962043312,-0.407654483179364,0.009177877711544366,1.0392352535525125
-0.3991534906753832,0.10255028467070725,1.0010566895154012,-0.37688875272752737,0.08432394851052492,1.0057079202906474,-0.3621627134504558,0.06265351541436465,1.017998749680407,-0.3515932776189782,0.047728517713803056,1.0279031904447027,-0.34191586491347126,0.037238870509461196,1.0372123126312933,-0.379703416494886,0.04347662335977296,1.0323571561238651,-0.3739510079289239,0.01839601875898834,1.0423332044775802,-0.36955758065153743,0.002082942227835777,1.0478750593667774,-0.36569402082461727,-0.01074745673311005,1.0523797817767457,-0.3900500463895878,0.044532990837766004,1.0325931173570242,-0.38540342203294137,0.0162572986543452,1.043749919152771,-0.38066335821791164,-0.0019198848493046467,1.0505883175211943,-0.37654321711847377,-0.015556887256859595,1.0563121499460604,-0.3995010769575383,0.04782120991249039,1.0304833320609026,-0.3971932744036104,0.020393902254998753,1.0405504166196122,-0.39454976951461557,0.003058345065852546,1.0453732003021792,-0.3918609980598768,-0.011453015602621509,1.0503091128405952,-0.4082931063402516,0.05178194174405351,1.0264441098892674,-0.4106171619031541,0.03129152779623738,1.0319937504747636,-0.40970949915457394,0.017737232846359235,1.0359327810081738,-0.40818454952603456,0.006663585066675448,1.0400046621435284
-0.4022267136489521,0.09947429694720966,1.0011980942663634,-0.37985474647307443,0.08136104849271662,1.0057759920964287,-0.3650205068529321,0.05974619120174832,1.0180345266596,-0.3544336508340165,0.04482550479959877,1.0279268506501693,-0.3447666850403783,0.03433893489134818,1.0372502832226256,-0.38271977274325814,0.04039364837309324,1.0324499466398933,-0.3769802909459423,0.01532047318210833,1.0424520817492973,-0.3725941159542562,-0.0009820132671750298,1.0480307222000775,-0.36873401131866057,-0.013796782472624485,1.0525826490928802,-0.39303600817315243,0.04147960862070557,1.032750787041166,-0.38830183251356315,0.01326443516906688,1.0440233945740762,-0.3835106078490479,-0.004872164455864217,1.050933518856624,-0.37935869316694526,-0.01847441334695604,1.0567167778468662,-0.40246267923593776,0.044782380932819214,1.030694846198252,-0.4000066850906795,0.017422351437143303,1.0409088673570819,-0.3972520479597064,0.00013576340130933354,1.0458439207469814,-0.3944955657671603,-0.014331900991374616,1.0508699336713667,-0.4112480935169373,0.0487437743937726,1.026703135297343,-0.41346147281922235,0.028269014372843987,1.0323548574057009,-0.4124587472852561,0.014742270201259785,1.0363649020958052,-0.4108520012186076,0.0037043670747391438,1.0405018604162855
-0.4047355932373078,0.09737093539324247,1.0020908540704911,-0.38225780278950533,0.07937062585603238,1.0065952548724364,-0.3673160485195954,0.05781149962502009,1.0188213108982405,-0.3567118368127393,0.04289507400816672,1.0287014636249947,-0.34705544590991827,0.03241129293139687,1.0380389804306243,-0.3851736295412075,0.03828276718708679,1.0332940592040492,-0.3794469350519067,0.013217059710333792,1.0433222071448394,-0.37506859713002,-0.0030749348872007656,1.0489375338353817,-0.3712124196282804,-0.015873921974137964,1.0535369447376164,-0.3954597602738484,0.039398616361162375,1.033659739249557,-0.39063789896829654,0.011244541224062248,1.045047356181886,-0.38579612956141257,-0.006851210451210723,1.0520289704406793,-0.38161288014672906,-0.020418483387666306,1.057871502800295,-0.40486252408782475,0.04271643231490522,1.0316575399421604,-0.40225906614705786,0.015424992785221112,1.0420174957638364,-0.3993938542943891,-0.0018112271238623478,1.0470644936725118,-0.39657019026374707,-0.016234369759447524,1.0521803700323227,-0.41364189369157267,0.04667921506063187,1.027713219948723,-0.41574452709400644,0.026221156684326327,1.033466791786038,-0.4146475383061774,0.012722742012542013,1.037547005229539,-0.41296008283753494,0.0017211711306373877,1.0417481115921907
-0.406555841005695,0.09597296290156267,1.003404729910336,-0.38397345027147806,0.07808544270019355,1.0078346377206662,-0.3689249581329428,0.05658212834074313,1.0200280271743123,-0.35830367280088576,0.041669936979509395,1.029896224766168,-0.348658086584667,0.031188442835261142,1.0392474662922284,-0.38694005793037767,0.036877055366291205,1.0345594538400729,-0.3812245433573498,0.011819500755127298,1.044614319442375,-0.37685393202047857,-0.004461818983594274,1.050266505645374,-0.3730018291565326,-0.017244788858706665,1.0549136274128394,-0.3971962305476266,0.03802307387513584,1.0349900653758703,-0.39228456746176,0.0099314394324564,1.0464929238355196,-0.38739212635325543,-0.008122757478115727,1.0535464258916099,-0.3831776487341492,-0.021654573681955787,1.0594484411062997,-0.40657553079790243,0.041356250369464935,1.0330414310781957,-0.4038236377855218,0.014135385677497274,1.043547665405909,-0.4008475775735662,-0.0030486610888171956,1.048707171773098,-0.39795657213089086,-0.017426120337765746,1.053913232284511,-0.415349507327398,0.045320987612981894,1.0291443329229462,-0.41734010907359376,0.024880828593931297,1.0350004589977901,-0.41614867822017026,0.01141179937424642,1.0391506962437045,-0.41438065104214955,0.0004474829116109362,1.0434155768872273
-0.4084802489049657,0.09447033641601396,1.0042318849433665,-0.38579494184954255,0.07669536495130028,1.0085883820069534,-0.3706398856794915,0.05524839189957015,1.0207489745029692,-0.3600015926661746,0.040340563950857625,1.030605437591995,-0.3503664974574499,0.029861824073745276,1.0399705709031533,-0.38880761361676375,0.035368071798866536,1.0353386654607306,-0.38310300182243184,0.010318861433847488,1.045420477627762,-0.3787388982715247,-0.005951179213180903,1.0511100472342303,-0.3748900457340597,-0.01871774577248117,1.0558047110620148,-0.39903379373870745,0.036543433477673255,1.0358335267256575,-0.3940331641173167,0.008514919523948563,1.047451453460168,-0.3890891084405761,-0.009496944834206822,1.0545768273556115,-0.38484267899515195,-0.022992585562426424,1.0605384691823856,-0.40838912393879406,0.039891210452261336,1.03393761565123,-0.4054880603074535,0.012742736638504875,1.044590012042161,-0.4023999530753332,-0.004387227100451183,1.049862282865071,-0.3994408208920201,-0.01871788436022012,1.055158329711348,-0.41715646068564893,0.04385700655955523,1.0300871072637654,-0.4190332240142097,0.02343602403681117,1.0360468086702834,-0.41774535627224446,0.009998053332516315,1.0402683089754248,-0.4158957474712088,-0.0009276856887229699,1.0445971121150277
-0.41044253546733506,0.09271140571943248,1.0043614082281227,-0.38765653159817615,0.07504862887468314,1.0086481523588728,-0.3723947072336851,0.05365882190032541,1.0207758588658897,-0.3617389180828084,0.038755485966305125,1.0306202081394948,-0.3521135905884796,0.0282807671391598,1.0399998726936408,-0.3907100152836144,0.033604009174400803,1.035420470948701,-0.38501974339402484,0.008561727110920136,1.045527566826446,-0.38066210985005006,-0.007696915164971027,1.0512545560884294,-0.3768160824600687,-0.0204468222748514,1.0559965702205296,-0.400906422689165,0.03480754503446381,1.0359783472550128,-0.3958230573488922,0.006840834313792019,1.0477087607582316,-0.3908278277400229,-0.011128914024711752,1.0549044346771002,-0.3865491910483914,-0.024588174609525767,1.0609250017219876,-0.410236979698404,0.03816917564709461,1.0341342585649105,-0.40718992939401744,0.01109322395507958,1.0449295202056967,-0.40399019511155954,-0.005981684856843942,1.0503126506324365,-0.40096350992798574,-0.020265242364095302,1.0556970238280672,-0.41899562197354895,0.0421349954096384,1.0303296535029156,-0.4207593400585394,0.021734136186000518,1.0363919179391217,-0.4193746677328226,0.00832844095829358,1.0406847891005728,-0.41744422935437586,-0.002558102550705467,1.0450765928976733
-0.41182834817496905,0.09119000423379277,1.0040885712092926,-0.38894287200652705,0.07363935776581673,1.0083053973303289,-0.373575169292347,0.052306684972852305,1.0203999901407583,-0.36290167784629707,0.037407625285853126,1.030231626718931,-0.3532864719244762,0.026936314672479797,1.0396254672619876,-0.3920422697127941,0.03207507231656405,1.035099181969538,-0.38636806986127104,0.007038860790663171,1.0452303240908212,-0.38201974838143443,-0.009209364288875805,1.0509938392368476,-0.3781784353950731,-0.021942717705146792,1.0557839103575362,-0.40220958368192977,0.033307964106059365,1.0357204248200318,-0.39704497151511914,0.005402560376558929,1.0475608359840471,-0.39200127756397934,-0.012525782123290682,1.0548256542114007,-0.3876921706572766,-0.02594915230007119,1.0609043371061249,-0.411516559909116,0.03668508846579671,1.0339287568121953,-0.40832747587907775,0.009681590088679673,1.0448635713019438,-0.405019187947107,-0.007337871154651053,1.050355572171488,-0.4019273906484837,-0.021574225510085608,1.0558272553772274,-0.4202684065316081,0.04065307257874193,1.030170409432249,-0.4219219043215993,0.020273003083338924,1.0363328376112657,-0.42044461874064015,0.006899198904214376,1.0406937680036603,-0.41843719176330546,-0.003948727173997496,1.0451461942221232
-0.412446356119001,0.09034259798540262,1.0034731130953078,-0.3894610080929906,0.07290446329013721,1.0076128072758268,-0.3739894570231329,0.051627966047498725,1.0196739085120314,-0.3632993751513718,0.03673285107584151,1.029493489794708,-0.3536959225359006,0.026261929348372466,1.038899778492635,-0.39261617183223785,0.031216844578663958,1.034434881963574,-0.3869509381273593,0.0061896100407852536,1.0445931854962232,-0.3826131069791168,-0.010048462282293861,1.0503931038513066,-0.3787782919822671,-0.022765186595654865,1.0552323055108794,-0.4027546471123032,0.03248184298969446,1.0351216386601496,-0.39749672805409325,0.00464204393384736,1.0470748804120884,-0.3924049796308786,-0.013243519193772636,1.054411271005819,-0.38806677026516806,-0.026630547710809874,1.0605491095467208,-0.4120405535813647,0.03587687925546564,1.0333836553696731,-0.4087049868697731,0.008949558748412335,1.0444616856323945,-0.4052885917166327,-0.008012078736949372,1.0500652560636377,-0.4021317556923195,-0.02219930810669627,1.0556266607512177,-0.4207906282750362,0.03985054068436363,1.0296724184859825,-0.4223315953263001,0.019492700559284874,1.0359366482574033,-0.420763845486062,0.00615093882091265,1.0403636426047602,-0.41868044203779703,-0.004657762309558437,1.0448761554792512
-0.4126436808675242,0.09023304482481297,1.0024225265505742,-0.3895599017699752,0.07290693617949529,1.0064841684872134,-0.3739847536385473,0.05168711569422169,1.018511735560817,-0.36327903312370324,0.03679633580180201,1.028320848643277,-0.35368698941460375,0.026326138883310576,1.0377395770606312,-0.39275918683212213,0.03110097623578394,1.0333373679305944,-0.3870966219560207,0.006085655670001172,1.0435264585780164,-0.3827634476244179,-0.01013983007911571,1.0493649547185466,-0.3789316902328278,-0.0228390064457523,1.0542524193910692,-0.40286796022850224,0.03239612328469471,1.034088772859891,-0.3975106929227058,0.0046259164021199605,1.0461592082035798,-0.39236553079176134,-0.013213712980909582,1.0535697970778604,-0.3879950738658024,-0.0265621097174537,1.059768592589332,-0.41213135024651,0.03580645003489312,1.0324025703884905,-0.40864056706745994,0.008960641750096279,1.043629607389036,-0.4051098761646636,-0.007938805828928572,1.0493490301639177,-0.4018831939389716,-0.022073964273927608,1.0550021824281348,-0.4208769514900412,0.03978272446947586,1.0287370997403387,-0.42229693584348504,0.019449536583571785,1.0351090636034659,-0.4206302876500525,0.006143857146134704,1.0396079416084891,-0.418464358409977,-0.004621973880560612,1.0441836377664704
-0.41276895066533176,0.0906221600778696,1.0012140068235196,-0.3895925635326823,0.0734058435554878,1.0052146765566996,-0.37391120348300316,0.052245623105074156,1.0172091923007978,-0.3631878355858266,0.0373600685634802,1.0270069534706756,-0.35360333323554094,0.026897403767691973,1.0364417153170329,-0.3928064712076959,0.03149289118006304,1.0320839117428375,-0.3871602127405374,0.006484040278526955,1.0422979028390296,-0.3828272191158561,-0.009727120243140031,1.0481761904770293,-0.3789935473270555,-0.02240797217121206,1.0531095170441813,-0.4028852813176997,0.032811119612766906,1.0328940011912788,-0.3974547156664911,0.0051034013995075785,1.045074781987084,-0.39225397533128786,-0.012691306069118079,1.0525542594697024,-0.38784746805325854,-0.0260003529965949,1.0588118643199451,-0.41212048190418005,0.036230670551091665,1.0312550635116415,-0.4084831541242623,0.009463327360648005,1.0426220567211615,-0.4048357009420046,-0.007373573952683447,1.0484516144276697,-0.40153805413981414,-0.02145763030229535,1.0541907080218016,-0.42084938164943014,0.040201234654103246,1.0276320924048299,-0.4221495398916858,0.01989353245323375,1.0341100263738046,-0.4203767449957677,0.006627982236420911,1.0386861710938515,-0.4181256239635133,-0.0040931726750548115,1.0433252069808454
-0.41270554400404597,0.09106162597979513,1.0004477533299736,-0.3894393197640778,0.07395477493464417,1.0043962075046848,-0.37365166253471926,0.052854852022146584,1.0163574583902792,-0.3629079653190002,0.03797398583425498,1.026140058691117,-0.3533303829783154,0.027520383259348764,1.0355918776029696,-0.39268038466887656,0.03192844062138301,1.0312695222471226,-0.38706899558423197,0.0069177450161783454,1.0414982020295207,-0.3827478393561132,-0.009283607149180216,1.0474121365601072,-0.37891846895651127,-0.02194722659616137,1.0523928414167312,-0.4027315553680567,0.033271452433406304,1.0321375112138662,-0.3972510817801967,0.005616172478120528,1.0444147263916035,-0.3920064041843711,-0.012140013146419638,1.051954827606036,-0.38756978775744166,-0.02541359934717327,1.0582662457527245,-0.41194022096700456,0.03670417633742526,1.0305476151343231,-0.4081800160756905,0.010005821997846037,1.0420362218476036,-0.4044292585253787,-0.006774183642633873,1.0479634583123798,-0.401071582446539,-0.020811793516528704,1.0537810036152688,-0.42065419039868057,0.040673503961897506,1.0269682079124605,-0.4218524980016846,0.02038918073117387,1.033538375231533,-0.4199898578632642,0.007158755355950055,1.0381800495955926,-0.41766851838700586,-0.0035234662612491953,1.0428739697968255
-0.4120172608776539,0.09114427713206237,1.0004024787734878,-0.38865264888647116,0.074152147663068,1.0042643793477741,-0.3727650809854112,0.053107431656056844,1.016190548255963,-0.36200463790904924,0.03822912330392423,1.025958622907099,-0.3524422914120965,0.027770005971182524,1.0354197626440067,-0.3919875000712607,0.03198481527521512,1.0311707873240126,-0.3863868754872894,0.006981612204683926,1.0414236558343128,-0.38209169486313876,-0.009214987538368004,1.0473694446747557,-0.3782800860575523,-0.021862688604220776,1.0524039309530273,-0.40201280875906936,0.03336868503507058,1.032109217145974,-0.3964337580230634,0.005779939853318613,1.0444912785597433,-0.39115433484870565,-0.01193645105285799,1.0521004231599442,-0.386698236965329,-0.025176333005289306,1.0584686546656557,-0.41120835500505226,0.036829566696888014,1.0305782576904798,-0.40731517931855626,0.01020797985872006,1.0421999463272822,-0.40347169036343977,-0.006513464770355394,1.048232341023735,-0.4000607524176501,-0.020501468339724604,1.0541377259770242,-0.41993499041715754,0.04081804641152324,1.0270493996399135,-0.4210333518199755,0.020558006750488314,1.033711321570002,-0.41910222142878306,0.00735476538626839,1.0384021506744308,-0.41672277849771044,-0.0032924530522339115,1.0431462368202675
-0.4106579539659151,0.09089801131438047,1.0007558185308825,-0.3871899017008898,0.07402264671188145,1.0045007385372409,-0.37120626749953683,0.05303055994788898,1.0163912440548186,-0.360436387152228,0.03815527989716048,1.0261535285071373,-0.35089344318197474,0.02768221961620726,1.0356188335609253,-0.3906100342855712,0.031719847503482224,1.031476298681335,-0.38497062019809436,0.006745914257324253,1.0417791205847131,-0.38068021295920623,-0.009437209908017778,1.0477649139940668,-0.3768772304301931,-0.022066317627587338,1.0528523217932935,-0.4006054530377172,0.033146083475844815,1.0324904592030797,-0.3948608994944075,0.005652895004455441,1.0450086381815746,-0.38952455772313904,-0.012007727341923255,1.0527071946813331,-0.38503967015753926,-0.02520465613561534,1.0591440035886284,-0.4097891291698382,0.0366317083809953,1.0310169031286054,-0.40570879877600813,0.010115084548525353,1.0428130429159808,-0.4017471344439609,-0.006529769972631428,1.0489793170985682,-0.39826163655805913,-0.020453917085049147,1.0549911175487139,-0.41853373139456657,0.040636927260370534,1.027537788041531,-0.41949125181108815,0.020410272601251413,1.0343217695121116,-0.41746308691357215,0.007246146967111978,1.0390810833527473,-0.4149983232123749,-0.003352369276988936,1.0438902158960783
-0.409395006016596,0.09080653653001358,1.0011367067216856,-0.3858467196672762,0.07403293981123032,1.0048348814824726,-0.36975738141530934,0.0531039289223048,1.0166939745455288,-0.35897277340594286,0.038236763880688716,1.0264523612318919,-0.34943167438292216,0.027779841203284007,1.0359373477147937,-0.3891949376324127,0.031663075985884324,1.03182433237687,-0.3835537094459805,0.006705021353692903,1.042164570562302,-0.3792291397881502,-0.009449844761398667,1.0482018897392118,-0.37540140123039883,-0.022055949536477975,1.0533276380706584,-0.3991553812176619,0.033095767427246445,1.03288639295819,-0.39333251334546177,0.005676948568283224,1.0455308658533005,-0.38791166308145997,-0.01192436318124823,1.0533058323774886,-0.3833712503453724,-0.0250703459032788,1.059807635621892,-0.40829751367504796,0.03657142498988784,1.0314462418287293,-0.40403671521203716,0.01015465428098215,1.043401540706195,-0.39992559921900894,-0.00640691390130334,1.0496929704515319,-0.3963439333715416,-0.02026726301709489,1.0557949951252537,-0.4169994664111179,0.04054706149956952,1.0279999843145546,-0.4177973188839473,0.020358483374244826,1.0349167431906297,-0.4156161349151476,0.007259143786506217,1.0397858769591706,-0.4130325933192335,-0.003275371251509171,1.0446726620203888
-0.4091934346607716,0.09133559717153357,1.0016405851567312,-0.3855894978618804,0.0746511734593814,1.0053870510143872,-0.36938498289589383,0.05379521885981181,1.0172179953093705,-0.35856753351758497,0.0389375302576867,1.0269544400075619,-0.34901276510056023,0.028526801799194326,1.0364764095774408,-0.3888251504631624,0.03222965850912765,1.0322892893690585,-0.3833055632404313,0.0072343952452979515,1.0426052693743135,-0.37898075817133525,-0.008905925132984955,1.048681200905079,-0.3751372754440731,-0.02149243494231043,1.053843193482475,-0.39875586076943553,0.03365300019631985,1.033377006190463,-0.3930339581104763,0.00623751951484704,1.0460746973836725,-0.38756756488152444,-0.011337943744139193,1.0538762058044626,-0.38298240302264125,-0.024449645366009427,1.060415718498676,-0.40784185279764656,0.0371144645276499,1.0319648614530652,-0.40352242319207154,0.01073508747080824,1.0439815308524572,-0.3993071066390611,-0.005778102399344634,1.0503309064339872,-0.39566931016731305,-0.01960503110775004,1.0564753992768554,-0.4164669774724835,0.04105029666390809,1.0285471356432434,-0.41718864978497944,0.020882858381740057,1.0355335818678144,-0.414898152329123,0.007832868123876879,1.0404843495326297,-0.41224513306114097,-0.002661733901962584,1.0454195475612296
-0.4101527105583096,0.09246905794697194,1.00246939847252,-0.38644416695179273,0.07591398683555392,1.0061281433377762,-0.37013839524833947,0.05511351780944544,1.01791757453279,-0.3592927279559313,0.040252386676930534,1.0276173043978694,-0.34975926244498856,0.02982641203027469,1.0371439438393564,-0.3899223549921932,0.03327418351538246,1.033037709039351,-0.3844861568197472,0.008251572676673966,1.0433316474717858,-0.3802660538630409,-0.007915106044943682,1.0494111256494452,-0.37648851269132155,-0.02049343551567691,1.0546412849630564,-0.3998466184275023,0.03476431223614368,1.034208524957228,-0.3940969095620833,0.007372854207750062,1.0469454393290292,-0.3886680432118434,-0.010198782813499124,1.0547816935289553,-0.3841074584809432,-0.02330225431166591,1.0613548021222998,-0.408948087171068,0.038291170555858574,1.0328770477066436,-0.4046096998690851,0.01193809234866973,1.0449444838097524,-0.40038467465693883,-0.004554351008819081,1.0513411530728831,-0.3967594064315976,-0.018358293107745078,1.0575444526623823,-0.4176301260829492,0.04229285063420891,1.0295233225508813,-0.41835299225440786,0.022131086172311413,1.0365260025322618,-0.4161015159350371,0.00906306042649166,1.0414470067271893,-0.4134788678771608,-0.001437124088228125,1.0463865618508712
-0.41127729064690194,0.0936687316110183,1.0034335934477305,-0.38733170169678455,0.07735204447001849,1.006584200374976,-0.3709468403969211,0.0565644699859191,1.018286399215598,-0.36012265365146634,0.041668549901608475,1.027956715816014,-0.35067936032157593,0.031079216005207425,1.037392551218633,-0.3914734772882739,0.03426447962314569,1.0338747806524264,-0.385812355772884,0.009336022137825629,1.0442753663473232,-0.3816870842079337,-0.006862643283058416,1.0503347555792104,-0.3780119181884139,-0.01944231315428347,1.0556341722154132,-0.4014702732350609,0.03590404801122884,1.0352217846619596,-0.39523312453301085,0.008689292216775012,1.0481072476256905,-0.389843247967906,-0.008833106476857252,1.0560794914739113,-0.38536354609241863,-0.021927256562154416,1.0627263824479949,-0.4107386013460628,0.039569205658615485,1.0339994377380033,-0.40619915466483913,0.0133529914526303,1.0462889815054932,-0.4019580589878074,-0.003070389915166354,1.0528505785299458,-0.39831929559727747,-0.016796078145154693,1.0592174613287844,-0.41969367448273376,0.04376220611189629,1.030709618212946,-0.4203022756319496,0.02362903023812614,1.0378048026726705,-0.4181222953981511,0.010515518592156069,1.0426361816981502,-0.41551749750245326,1.7278626234105282e-05,1.0475892966815745
-0.4114266406239975,0.09437268271881255,1.0043032377319974,-0.38717034031832875,0.07838124962677742,1.0066394304850548,-0.37070180876365066,0.05756792293594262,1.018177250510794,-0.359954611653651,0.04257879122186778,1.0277892306266632,-0.35060837100155123,0.03174031412294266,1.0370369314694807,-0.39177391747686224,0.03484383023602884,1.0345985880550819,-0.3857831787244586,0.010057863562165367,1.0451539363415616,-0.38153560324292046,-0.00612638586675592,1.0511671715537365,-0.3778347941344334,-0.018730825892070452,1.056389322414722,-0.4020683618504967,0.036515163639310635,1.0360578510493539,-0.3954297620675197,0.009455789045542552,1.0490693595010485,-0.3900317371816412,-0.00800182859809346,1.0571770602158759,-0.38563860687982976,-0.021098171670716176,1.0638771989641675,-0.4116522540177878,0.04022226506173934,1.0347827570486765,-0.40693927216750364,0.014151978596131942,1.0473150080499485,-0.40260068816045463,-0.0021682673374310356,1.054067427252496,-0.3988577584130646,-0.015789206592073522,1.0605968072920318,-0.42088211598300934,0.04454120676440334,1.0313752956737106,-0.421228699014848,0.024460605599936805,1.038635195515731,-0.4189214474377308,0.01136344845234482,1.0434518115070428,-0.4162063189043224,0.0009145205386059813,1.0484497455801471
-0.41043809614359544,0.09463751678539858,1.005317336384976,-0.3860416365291116,0.0787984192274456,1.0071848428143537,-0.369508905365153,0.05791978773627801,1.0185109161749448,-0.35885487741142275,0.04274806883269548,1.0279383819469718,-0.34951389467248695,0.03174672732036078,1.0369971510371419,-0.390418013792462,0.03516253300344235,1.0354776524145413,-0.38473702122064524,0.01026630925049803,1.045944401597005,-0.3802615467583552,-0.005904988967169253,1.051825733678983,-0.37641839786580245,-0.01859857716504616,1.0567187676331358,-0.40132216530486275,0.0365636129027755,1.0367457766158816,-0.39558677621689203,0.009170793806541618,1.0494862195690726,-0.3903716837948235,-0.008410788092613863,1.0574444031742516,-0.3861457998304676,-0.021627497641467125,1.0640144981805613,-0.4112645392290917,0.040094529900819006,1.0350780370680874,-0.40720006190634844,0.013799973836127466,1.0473664745168652,-0.4029185332563649,-0.0025828676379566445,1.0540027325934873,-0.3991724339227091,-0.016250620683415908,1.0604316966969778,-0.42045349727414083,0.04429267095657383,1.031212636536265,-0.42083562554836657,0.02419448478481836,1.03842191522612,-0.41832688297144,0.011145053009185276,1.0432672496637418,-0.41556701715979444,0.000695083047807828,1.0482384297053975
-0.40920810396537777,0.09502337406255347,1.0067925962285869,-0.38504243482712286,0.07886074350063275,1.0088762569146201,-0.3686140197343695,0.0578187640593391,1.0200508114554314,-0.3580818011137164,0.042379038828956196,1.029175159801915,-0.34870373939268245,0.03133313947748712,1.0381409189389224,-0.3891889991130056,0.03550454482013193,1.0368669451448076,-0.38485957815113886,0.010166640661492823,1.0469116053774328,-0.38049829659545553,-0.006118153241176655,1.0525609890168646,-0.37672306102604863,-0.018989828919483177,1.0570226386727744,-0.4007622213341248,0.036545197689619856,1.0376534989575656,-0.39755462631136246,0.008391181590692933,1.0495968160991407,-0.39305870445106345,-0.009602281414092547,1.0570576386451251,-0.38926632038027914,-0.023105337861462037,1.0633019115899682,-0.41093786113042563,0.039871991550186316,1.0353697318222617,-0.40870878913003583,0.012980595938998356,1.0468071016938048,-0.4049957842283031,-0.003733494282565937,1.0529407536459658,-0.4016320597313187,-0.017673608008452125,1.0589848333766605,-0.4197827796053421,0.043877148176996096,1.0308283642427842,-0.4209236391855627,0.023657957513705703,1.0376062383180553,-0.418592531800196,0.010543693731510415,1.0423644678843416,-0.4161656391828505,-6.169499003835961e-05,1.0471777084546077
-0.4087479654955821,0.0958219519800877,1.008463014262478,-0.38521132815928955,0.0788278542614481,1.0110666999317603,-0.36919534679280863,0.0574634155995709,1.022228128692659,-0.35889327452188163,0.041715960481273316,1.0310854105123108,-0.349589749606072,0.03060758347610921,1.0400516335455163,-0.3900568993977492,0.035884208900672974,1.0385600748977941,-0.3875873662483312,0.010129133768708345,1.0481635109066971,-0.3839362857126835,-0.006408567618870884,1.0535769080381958,-0.380698700490201,-0.019521284901430295,1.0577498498564977,-0.4019635809728818,0.036871831782018374,1.038832090933553,-0.40162738719041446,0.008193610628344183,1.0499238319093651,-0.398386100765327,-0.010281041288836308,1.0568392636522668,-0.3953389674782267,-0.024109951669305588,1.0627706944569277,-0.4121299116445718,0.0402234068560491,1.0360072323844418,-0.412195859431544,0.01289222380974065,1.0465869976775568,-0.4095593551828674,-0.004202319000491197,1.0522078832893615,-0.40695126044824864,-0.01844946676920109,1.057899011058534,-0.42063356831536003,0.04422544347816071,1.0308686181882882,-0.4230290069777209,0.023942413764314774,1.037106998417371,-0.42142176766311884,0.010649604518555865,1.0416651481448431,-0.4196925369398217,-0.00016937879250516867,1.046300956997581
-0.4092808896650992,0.09688287220912986,1.0097821201608403,-0.38671170775719327,0.0786931770080044,1.012834799301082,-0.37140780251169236,0.056870674224954856,1.0241085407817847,-0.3614746331168568,0.04082172140531493,1.0328452298673254,-0.35240553920640416,0.029555537498740563,1.041854636443553,-0.39306707607913377,0.03629113738232624,1.0400058852454763,-0.39218340168109067,0.010386304254642119,1.0494825519796922,-0.3896384767993688,-0.00640445473872508,1.0547479669242996,-0.3873240996961615,-0.019740593580487263,1.058825933996444,-0.4048475822514414,0.03758306358174565,1.0399036049300867,-0.4064711525987297,0.008815189889983605,1.0506438831040985,-0.40465941617279105,-0.009967013956867301,1.057246028749223,-0.4025091636342517,-0.024021358850841876,1.0630389087404364,-0.4147858630551893,0.04116508074639099,1.0367365764548169,-0.4167174079123107,0.013788320938926596,1.0470181865616122,-0.4152961019077442,-0.0035060330459741745,1.0524637455863095,-0.4135354086114707,-0.01791386642448886,1.0580750386125792,-0.42312021247032683,0.04534988799639281,1.031190132999068,-0.4267411365539335,0.02515624832827249,1.037119941965247,-0.4261504743968972,0.011723124743035634,1.0415086813920744,-0.42521012927417234,0.0007828250697914478,1.0460865582589545
-0.41054430979889484,0.09819800912841889,1.0106026792873755,-0.3891616213595282,0.07868315222003053,1.0139942612759707,-0.3747228124685724,0.05635882903386065,1.0254255246594768,-0.3652427074124693,0.04002340836635826,1.034134607088293,-0.3564845081201105,0.028551486474536127,1.0431918541475487,-0.39706208210007854,0.03701394242127294,1.040974731797309,-0.3974015329108187,0.011130934157303644,1.0505456841303165,-0.3959849756221084,-0.005817254927478916,1.0557305734213334,-0.39469099141739433,-0.019301736323437232,1.0597719992073782,-0.40848194088045714,0.03870176347138538,1.0405921566041696,-0.41135978627950354,0.010035284629836074,1.0513406964751995,-0.4108635687276351,-0.00887589992390601,1.0578031081192139,-0.40958372999166753,-0.023045386287005754,1.063573144859715,-0.41809485347312825,0.042535812448973705,1.0371738832995576,-0.42138692817759127,0.015324185823838474,1.0475478396342108,-0.4210406528926448,-0.0020040824420604966,1.0530596556631804,-0.42002785319163943,-0.016447501983628977,1.0587635299329314,-0.42632338694240385,0.04693406724612577,1.0313030976031314,-0.430925021742384,0.02691459783877092,1.037142841643421,-0.4312962085975189,0.013452023614284624,1.0414648828701287,-0.43103323118899994,0.002497391243398893,1.046097186292821
-0.41272106888162935,0.10007184648243889,1.0110890490390327,-0.3926239944997357,0.07929677142193717,1.0148381410563634,-0.3790854835118564,0.056479991512774,1.026398057373581,-0.37009883351286005,0.0398382055150822,1.0350500835879135,-0.36165159323461743,0.02816763126777374,1.0441487977524992,-0.40175565522919027,0.03843489298262584,1.0415581764125919,-0.4033325753652543,0.012605620812990201,1.051150386495658,-0.40293921288758283,-0.004427954580707714,1.0562330432846032,-0.402586245582374,-0.01799901520228523,1.0601751853052594,-0.41281967406530584,0.040436642922110036,1.0408725702530903,-0.41699618619859924,0.01190041188024064,1.0515412335713523,-0.41770911913182096,-0.007066268829051344,1.0578180677133118,-0.41723468097340427,-0.02130819046656165,1.0635319308089537,-0.4220710424146747,0.044453097217817934,1.0371745326800412,-0.42662058292467786,0.017428739613794444,1.0475627532551215,-0.4272300911588503,0.00011407575661965055,1.053094463553994,-0.4268985456721425,-0.014342552741450862,1.0588449664043773,-0.43007543250261504,0.048991742579852754,1.0309668602835043,-0.43550211966195357,0.02915349338534866,1.0367159249041125,-0.4366695714443579,0.015724226798946174,1.040999682610109,-0.4369925536961324,0.004790470019139046,1.0456772896525608
-0.4162961833711455,0.10227092489917779,1.0111464001583415,-0.3975800330173211,0.08032111778801371,1.015325337481512,-0.3849790163664105,0.05702049566259863,1.0269796833827323,-0.3765198062964822,0.040044576795708005,1.0355135231180743,-0.36837990445009094,0.028187071043109663,1.0446506083364222,-0.40777026614170087,0.04026761400436529,1.0416524688937796,-0.4107056600343969,0.01451535157219717,1.0511315466192641,-0.4113167354056752,-0.0025576783935062977,1.0560579103336738,-0.411861828092143,-0.016167055694275456,1.059842943949452,-0.41850329446526535,0.04252700461869532,1.0406289036597385,-0.4241617211113212,0.014149558469031463,1.0510348092227857,-0.42607808765102256,-0.004829245918852965,1.05701598140164,-0.42640184052558205,-0.019128750393569975,1.0625949607728735,-0.4273724946796912,0.04668841693794474,1.036626193488555,-0.43324772980968007,0.019853520701685383,1.0468388966388165,-0.43481213027955007,0.0025646245653077986,1.052262513988939,-0.43518367909245914,-0.011911449380997845,1.057961421564428,-0.4350525152442159,0.051324578112216135,1.0300712012138111,-0.44127433752439293,0.031669778539180696,1.035642070975186,-0.44319357570188583,0.018298390592668544,1.0398350691863127,-0.4441145460325788,0.007389810006865064,1.0444918970499502
-0.42042077504300857,0.10388089093090583,1.0106529324877844,-0.4031849416664057,0.08083242912787912,1.0152623022672296,-0.391514623369827,0.05709760911571571,1.0270092329429397,-0.38354571731120396,0.03982664144692027,1.0354221212117327,-0.3756912612597916,0.027805819989854687,1.044595568909459,-0.41426448999955284,0.04160253083001057,1.0411689622724785,-0.4184653136528477,0.015986822556761586,1.05054110410346,-0.42008028441064893,-0.001068749307190045,1.0552982211517228,-0.42154000412606396,-0.014653879210271724,1.058924820094662,-0.4247093360045072,0.04410122586948876,1.0398321246047129,-0.43174727399537,0.015935972107000526,1.0499694823474552,-0.4348606679909308,-0.002982358163508513,1.0556303528587383,-0.4360067860688031,-0.017301490616451816,1.0610483334897047,-0.43328953796007685,0.048416910517009346,1.035541916983861,-0.44046786214869993,0.021821443526005166,1.0455460234833072,-0.4430138353590955,0.0046059454548181625,1.0508293510501003,-0.4441100753209718,-0.009861590928773449,1.0564561584849328,-0.440764928727402,0.053203138534444305,1.0286351224035857,-0.4478392306783691,0.033779345136151176,1.0339949088328633,-0.4506053110947853,0.02051157589533377,1.038041366950641,-0.4521859585192359,0.009656304099481823,1.0426452772947175
-0.4220340578160928,0.10517388971047811,1.0106436119994477,-0.4063570066895495,0.08110923457788531,1.015610932681705,-0.3955859922596573,0.05700278974449906,1.0274596860380356,-0.38804076285508593,0.03949711959326203,1.035777588586119,-0.38044807017223264,0.02733396897257647,1.044983758030106,-0.41810933685140544,0.04270903745717164,1.0411470684353228,-0.4234337370012906,0.017283619463272212,1.0504662612697753,-0.4260241257109902,0.0003048390617016797,1.0550642746640302,-0.42841353012068983,-0.013186781361621859,1.0585435965726742,-0.42833400241459685,0.04543267111563043,1.0395351827672465,-0.4365657023064882,0.01752202785733211,1.049475767381381,-0.44081821544679234,-0.0012560367008730665,1.0548555741419057,-0.4427866645896862,-0.015537714274416487,1.0601342622959904,-0.43674447351565276,0.049921674742767236,1.0349770487218417,-0.4451266087308326,0.023621723462086006,1.0448249785219093,-0.44861767786546336,0.006542139033749738,1.050008523221986,-0.450405733256615,-0.007870830193828367,1.0555979318612168,-0.44417547415632824,0.054934282597606784,1.027708719407604,-0.452140373743165,0.035805270353736186,1.0328757372889315,-0.45582585143742715,0.02271315432661282,1.0367580660867055,-0.45809906854641874,0.011960329712487824,1.041312251995492
-0.4186439345184648,0.10811310764552362,1.0127348020559859,-0.4048124755712777,0.08301068334772686,1.0180367706715965,-0.3952114275813177,0.05845257160351311,1.0299635227653725,-0.3882815922119205,0.04063338891112352,1.038150132988122,-0.3810715762760364,0.0282611320420953,1.0473852670532138,-0.41727015101425313,0.04549495638769353,1.043145357923126,-0.42380824631241026,0.02031234186564084,1.0523506666041116,-0.4274098672723584,0.003468949912779209,1.0567619361208134,-0.43073776857963963,-0.00986595372131356,1.0600701341170884,-0.4270834736959437,0.0484609543048657,1.0412623351225998,-0.43645736842089705,0.020843197843545998,1.0510075769565232,-0.4417753308775617,0.002264641745043993,1.056126016752544,-0.444522883614239,-0.011932389435021642,1.0612836242019634,-0.4351160840629041,0.053095808809610096,1.0364642110203945,-0.44456125766035604,0.02711544283250958,1.0461975880750831,-0.4488824149689442,0.010208106974946632,1.051319940788352,-0.4513105012251655,-0.004116133439901699,1.0568960367921187,-0.442288984907329,0.05826079980480259,1.0288945460614236,-0.45096034178446076,0.03940275825841426,1.0339183541374366,-0.4554091541411038,0.026513456094440425,1.0376777002425126,-0.45829064150698234,0.015892709224252094,1.0421974490163055
-0.4118605676789555,0.11372288016515326,1.0165674852545672,-0.40032870740069765,0.08757257888907553,1.0222884794975606,-0.39239154654592845,0.06243204690403524,1.0342251255728985,-0.38647477243371675,0.04415071887317351,1.0421844789727686,-0.37985265362721576,0.031470288668782376,1.0514418545929585,-0.413599018361675,0.05102299670580772,1.046790398079469,-0.4214576045279968,0.02614144134782513,1.0557792410884697,-0.4260965368487318,0.009494309085595527,1.0599606426636976,-0.430320287973113,-0.0036361536143648364,1.0630573557192358,-0.4226186782932929,0.05422789794812599,1.0446394554308411,-0.43310914846769755,0.02692995768313327,1.0541448541853249,-0.4394200207753206,0.008584092894314478,1.0589660607986555,-0.44288391424839324,-0.005511002257657599,1.0639695985106095,-0.4298896849459913,0.05891773091845942,1.039647049336972,-0.4402449626225504,0.03324592265373905,1.0492728393897217,-0.445295750242098,0.016517191553960024,1.0543134746491551,-0.4483515491200699,0.0022947774939489317,1.0598413444464851,-0.436400962686948,0.06403752724962022,1.031884568846748,-0.4454745690657832,0.04534320301341444,1.0368088675048386,-0.45040882942948124,0.032611986876525584,1.0405004708334276,-0.4537416366342382,0.022111737654075522,1.0449914089203858
-0.4069095049566839,0.11934941770039467,1.0193945983959172,-0.3973717563891041,0.09250273060656729,1.0255459053938658,-0.3907864739796535,0.06697639600127273,1.0374861184430335,-0.38565930365712237,0.04837267944432441,1.0452437167674775,-0.3794490936797597,0.035501761304435775,1.0545236698547775,-0.41109168094615756,0.05670986780355432,1.0495030398854348,-0.41994165960339075,0.03211639663903924,1.058362358485248,-0.4254068383109852,0.01567457787508107,1.0623535039590504,-0.430376023369953,0.002761439545138439,1.0652512296785759,-0.41958889115119563,0.06006415111558562,1.0471058902147925,-0.431051141972551,0.033075958861675775,1.0563705757273862,-0.4382693390761776,0.014980272873420894,1.060852280372813,-0.442421990004549,0.0009948603520336472,1.0656344746228,-0.4264177001210096,0.06481023603328506,1.0418941031932976,-0.43767030038607785,0.039449715909636425,1.0513361557144087,-0.44348624954048743,0.02291932230940051,1.0562033650236262,-0.44718550008373026,0.00880143295733328,1.0616045740210964,-0.4325604698885634,0.06997491925816768,1.033874419972899,-0.4421444887165167,0.05149398816561564,1.0386345226711906,-0.4476433846623159,0.038956744515345414,1.042189573982722,-0.4514568075881042,0.028588254099870945,1.0466035942128322
-0.40578820245527253,0.12131469954290303,1.0193342277686204,-0.3971155602074369,0.0942191077153662,1.025671894010372,-0.39069621958041606,0.06871272123441506,1.037744371181683,-0.3853920874612014,0.0501586727231218,1.0455019444693434,-0.379062648149945,0.03737142195705155,1.0548169424231755,-0.41074465209719613,0.05876056728863352,1.0495026914530015,-0.4201432126190517,0.034394013062842926,1.0584238218457789,-0.4261682218282394,0.01812392218347977,1.062311524454301,-0.4317792913392266,0.005445757197363503,1.0650717395821105,-0.4196854092125055,0.062215229118234905,1.0468577740961345,-0.43198814628030313,0.03553159812516801,1.0559245602047511,-0.44003823924475627,0.017719100350241143,1.060114169210739,-0.4449019490908481,0.0038941609417924503,1.0646881206596108,-0.42702959621118286,0.06721435038563259,1.041317747595585,-0.4393183008072287,0.0422325850420287,1.0504735375203844,-0.44597187614773554,0.025961368090384518,1.0551368343912537,-0.45027181012984635,0.011968316668160433,1.0604167389943435,-0.43372070213643377,0.07290214637157345,1.0328056229545073,-0.4443401594145395,0.05492049171806801,1.0372714970773476,-0.4508546194674441,0.04279375004257094,1.0405215234390042,-0.4554095316659147,0.03266280353288025,1.0447815774504627
-0.40237011005169615,0.12127182193760622,1.0181463138100169,-0.39511869352447365,0.09376217180327143,1.024485709780492,-0.38941039857051535,0.06813279218640876,1.0366544673023819,-0.38424633575105543,0.04950785138229044,1.0443362973090073,-0.3780865627703345,0.0366444215042667,1.0536601452071812,-0.4088929293252167,0.05877709431980212,1.0481393780901942,-0.4192521408173218,0.034761504727946625,1.0569477074450555,-0.4260747968952461,0.018765367551543503,1.0606498398362458,-0.4324766836262132,0.006432280954633211,1.0632478346978806,-0.41797701245331936,0.06240884282098552,1.0452571907695474,-0.4312069114326162,0.036104288804366384,1.0541240009996862,-0.44006855898439745,0.018637730469291743,1.0581280539384736,-0.4456251602880294,0.005049575203718473,1.062621590786218,-0.42547754676536803,0.06766821100326639,1.0394540352963306,-0.43871830551910734,0.04310971763416296,1.0484257720592882,-0.4460460522039918,0.02711983724136062,1.0530514349470452,-0.4508381616875164,0.013297795934275956,1.0583579567623596,-0.4323836055793656,0.07382965842118318,1.030552342116883,-0.44388662505894405,0.056349155323000416,1.0348148956857386,-0.45129886943040765,0.044686122207240914,1.0378300269788987,-0.45656254733320045,0.034857594284362865,1.0419803397747482
-0.39083571562101754,0.12402860580012254,1.0186255400389617,-0.3883392445674298,0.09576019209948937,1.0252750702903188,-0.3870027097177966,0.06932021852479252,1.0369656589161427,-0.3848808816936929,0.04981409084669028,1.0438631443893158,-0.380563114800012,0.03615503539043557,1.0530898374114082,-0.40312188816303873,0.06197903234496635,1.047722317429495,-0.41537651714110596,0.03863969761286503,1.0558922620485947,-0.42353694931650654,0.023186231227001336,1.0591677082987279,-0.4308631770257379,0.011315146794217183,1.0614573584829923,-0.40985517787175335,0.06572510989177255,1.044748093190026,-0.4241136137330009,0.03987264835931794,1.05334619485124,-0.43377895414002743,0.02278315525441938,1.0571108087192338,-0.43989111776045714,0.009410549948232708,1.0615290140305487,-0.4151475096400371,0.07062200132562467,1.039070368277322,-0.4288228936140682,0.04634460077321999,1.0481544777581537,-0.4364942342120027,0.030543780670740393,1.0528718415478875,-0.441766031962069,0.016918033078541644,1.058230895942959,-0.420120930133106,0.07598203214084182,1.0304315258869754,-0.43125197100210544,0.05829927055527159,1.0348447651192227,-0.43849805637941125,0.04658231597311796,1.038048816745076,-0.44383210335525713,0.03683099876901151,1.0422904105661417
-0.37622089724018365,0.1300798866114366,1.0201069842180517,-0.38068580741549174,0.10225892710783091,1.0275642372552245,-0.38651593843461746,0.07574079749338267,1.0375805621553236,-0.39013738949677423,0.05590893522027905,1.0426941526743214,-0.38931718611059724,0.041418825219893526,1.0516221283469567,-0.3957796567947022,0.06938452177925399,1.0480578280119368,-0.40941061956843494,0.046640620473033356,1.055710296858023,-0.4186273895119572,0.03171908811741687,1.0586308873350185,-0.4264870627985608,0.020141419680478417,1.0606363512255617,-0.39877783514172416,0.072655003625873,1.0453456991055552,-0.41371209017378113,0.04710663707589638,1.0537020802564148,-0.4240602679370711,0.03031046885941968,1.0569340839018857,-0.43056007613352604,0.016991581080253955,1.0609422476592905,-0.40076218510997536,0.0765913528694263,1.0400574648998946,-0.41442788656083307,0.05235413595632038,1.0492626411416568,-0.4224347149779824,0.03664335318395367,1.0537158317936464,-0.42835143881675913,0.02315299724153283,1.0587333001329275,-0.4024907347566778,0.08034582613748253,1.0320190452021678,-0.41221868204214696,0.061909305145119595,1.036657853664456,-0.41828571257501757,0.04965105351813749,1.040261342579299,-0.4230036408683584,0.03965222403560206,1.0446540551918664
-0.3694844273283299,0.13431219493451688,1.020869699615925,-0.3764753682942072,0.10730037007570026,1.0292982164275293,-0.3859006454989169,0.08126299206364312,1.0377093689243526,-0.39287769009018886,0.06208957964092483,1.0417426779691303,-0.3944184430274401,0.047879196381254985,1.051018229652388,-0.39090023328424406,0.07438778077874028,1.0491212464684248,-0.4036373727456609,0.05139535198422726,1.0575332598229064,-0.41263161678949517,0.03640594004345762,1.0607816330335624,-0.420255793181047,0.02470984642050441,1.0629979552884972,-0.39290107639896404,0.07747701582718043,1.0466543525069778,-0.40778903160752505,0.05191836380351686,1.0550617426557745,-0.4185452030397139,0.03526690113625755,1.057645434685294,-0.4253687040066772,0.021912662473774054,1.0609332606037645,-0.3942428828733807,0.0811708766728542,1.0414691875719682,-0.4081468408463739,0.056931868488231716,1.0503054641854443,-0.41687897712003785,0.04138253859801547,1.0538743631288894,-0.4234731982824183,0.027935432570121058,1.0581009338084626,-0.3951363474031534,0.08444633416962656,1.033552493389801,-0.40469012824584316,0.0658427636561647,1.0378755992641706,-0.41035501945241787,0.05336633715315456,1.0413836634211164,-0.41467067055701556,0.04314319788025994,1.045672479277378
-0.3739115446352469,0.13399899273482183,1.021277456302292,-0.3778258193761641,0.10641109357995429,1.0298295383241587,-0.386811733897582,0.07998637656336674,1.0374791174799183,-0.3941228529916108,0.06102693827684476,1.0419123684838005,-0.39618959250407493,0.04807905410867383,1.0527947236693467,-0.3913959342457,0.07361344568378322,1.0512040980034596,-0.4016520855650869,0.05010589251839748,1.0613950143752444,-0.4096143047861326,0.034784745236671494,1.0656372232118665,-0.41666377188319004,0.022949458969705516,1.0688105130899856,-0.3957827914506533,0.0774961383414755,1.0490713651802495,-0.4102906877328204,0.051881778509562146,1.0579598762220421,-0.4211740331707002,0.035303662861803614,1.0604819331188018,-0.42831308025082465,0.022048957420185422,1.063490661324305,-0.39977072532891594,0.08222322672333769,1.0439024990512231,-0.4144358165874993,0.05820388482988635,1.0520839208629706,-0.4238753733313275,0.042918982114491196,1.054918602690987,-0.4307256521002275,0.029462312911327657,1.0586821180314945,-0.4033940322812369,0.08679431657068672,1.0356989611371699,-0.4147861451528155,0.06910688481432765,1.0393638391468525,-0.42165901974452713,0.057118680871923774,1.0423813357712959,-0.4264039985823506,0.04701014192876714,1.04648425896846
-0.3820438986908288,0.13254690931164262,1.022296428976315,-0.38430466950730807,0.1043975472710839,1.0295112862486502,-0.39447031129129456,0.07805014593198811,1.0358360439712413,-0.4027637801853937,0.05959417533889573,1.040648735544618,-0.40628744708121706,0.04844742181762725,1.0530454459378031,-0.3974210926194552,0.07203492594378948,1.0531114225992815,-0.40684561921994616,0.04871185391885667,1.0644631221144532,-0.4147588230057208,0.03362917552132299,1.0695645770997702,-0.4218324058536931,0.022219003398906444,1.0739930253442236,-0.40334095040259077,0.07682391002749919,1.0520421564298201,-0.4178839780030889,0.05149345108071264,1.061657160872317,-0.42868618275310133,0.035039707502956575,1.0651541012717847,-0.4359877462458171,0.022078050068932584,1.0689472875440018,-0.40906084012193084,0.082681308598147,1.0476898626316002,-0.42441086696164576,0.059040250140535835,1.0557152212218857,-0.43379981065922374,0.04380088665862485,1.0589367799308091,-0.4402496310139146,0.030330538034420235,1.0633096323531819,-0.414884368547216,0.08877065474618145,1.0399208837789715,-0.4277252567378199,0.07208299567727555,1.0434832473085502,-0.43562224624135754,0.06074388571906228,1.0465033246143745,-0.44085951510056626,0.05097387936639326,1.050821814311445
-0.3864685712183514,0.1323168888110168,1.0236030387302808,-0.39212565553845213,0.10426285614434253,1.0291275732416856,-0.4068834407440899,0.07969678436292749,1.0331579930098758,-0.4179810317261526,0.06262416067746861,1.0373930221597731,-0.42419170407925016,0.05312326575164025,1.0501014963231012,-0.4057084536064967,0.07259950801850024,1.0537921661304772,-0.4172399898118374,0.050088928413532116,1.0648350801842776,-0.4265240287750367,0.03587725904878892,1.0701233595984974,-0.43432221070716276,0.02531740671523071,1.0753689895197756,-0.4095415695722726,0.07777716836384943,1.0542050158408713,-0.42463649613787796,0.05301953060741081,1.0644413568557491,-0.4351302882007193,0.03678198253218956,1.0695270483512975,-0.4422308618602944,0.024226175243652115,1.0747843491805202,-0.41324764707578565,0.08369206444726333,1.0515284265240188,-0.4286501817057307,0.06030680238697439,1.0601783279583576,-0.4370002567307984,0.04484998377138919,1.064882784246365,-0.44260084733511873,0.031515941468168045,1.0706281313822616,-0.41778805694362037,0.08949172673735836,1.0457519357350704,-0.4302777671728381,0.072732416301602,1.050132513408006,-0.437858144529991,0.061445978929760794,1.0540328897194995,-0.44292435002347685,0.051905836497738514,1.0590179280115326
-0.38975954901175175,0.13086914250486437,1.0231141567608677,-0.3995826334782103,0.10380056871374396,1.0276253825271922,-0.41778892602515255,0.0814276662627175,1.0299732620098752,-0.4308169799862858,0.06560463087149428,1.0335042445933538,-0.43847220147562926,0.05683394882742747,1.0459468123130857,-0.41365419523777225,0.07234632525265956,1.052300588519679,-0.427495359212188,0.050700650378732816,1.0623770666391366,-0.43802530582933186,0.03729879331030728,1.0674407882076509,-0.44641329057360235,0.027311062509485624,1.0728929163613452,-0.41445711072385405,0.07714578338960124,1.0538916890437147,-0.4299779471924439,0.05278413642770652,1.064436541119122,-0.44004123509086635,0.0366869237649067,1.070701673081278,-0.44670182562118393,0.02439449102390666,1.0770450385970212,-0.415033493031985,0.08237895490537614,1.0526310873574474,-0.42998893356989354,0.05901505771401727,1.0620858457270472,-0.43703525725135833,0.04339972277919446,1.0681915431527687,-0.4419286230586303,0.030274668402923643,1.074970940741744,-0.41632662499782586,0.08694836230234114,1.049010756367979,-0.4272517056463965,0.06943814477946134,1.0544963469254451,-0.43358543938221694,0.05781914232944145,1.0594904758611807,-0.43805157646620724,0.048318641239523626,1.065087391179998
-0.39781269913765716,0.1267623106995548,1.0204763978377833,-0.40820683294094445,0.0998959705185159,1.0249163957196876,-0.4265077436559183,0.0775908535896282,1.0271717928564232,-0.43931784179999095,0.0616083303555896,1.0307810605970564,-0.44645981389066813,0.052599877308981344,1.043358213668884,-0.4220415299150773,0.06838618569529202,1.0496810865856405,-0.4361929087858463,0.0468223434235964,1.0594988080495902,-0.44683338140697293,0.03348399744868708,1.0644987774313484,-0.45519790947201877,0.02346224603934076,1.0699244501972298,-0.42204490451739096,0.0730010195394829,1.0515561204525155,-0.43742655611064063,0.04859171183891791,1.0621942878001343,-0.4472036672971876,0.032408462404065516,1.0686867782249572,-0.45356479335945404,0.020055959022690445,1.0752180407678318,-0.42174778560484,0.07797025333020899,1.050605561534934,-0.43632288539555736,0.05449539383545926,1.060374225070506,-0.4429080863774228,0.038807250244239685,1.066799657530259,-0.4475893843277555,0.025692230089244816,1.073746168079271,-0.42187985689509083,0.08210952006564662,1.0475388910219374,-0.43193264712578616,0.0642198629085711,1.0534514525666856,-0.4376032836502574,0.05241089156014214,1.0587853818777946,-0.44172978095825133,0.04284564766185789,1.0645307706054605
-0.4085902678792855,0.12396510958436704,1.0192214351650692,-0.4172353644672754,0.09650150417407882,1.0237562467694883,-0.4340285236461289,0.0730944452474182,1.0265180917417338,-0.44573086921319655,0.05637911639348013,1.0305454192109833,-0.4518545552612526,0.04701295932364255,1.0433953352401686,-0.4303957373930187,0.06496029647808611,1.049065623641084,-0.44361350017777756,0.04300079972865477,1.0592988890868678,-0.4537225104635309,0.029317817791388312,1.0644675195740294,-0.4617390673814458,0.019037995434503824,1.0699355012415948,-0.43130255380002547,0.06982571500634277,1.0507888770245528,-0.44626281629592657,0.045193503723515924,1.061513839777161,-0.45592503175815463,0.02885977350046791,1.0677981652543571,-0.46218443600827364,0.016345454853293896,1.0741161825225727,-0.431969602509637,0.07506233292654468,1.0496063801051532,-0.44641674697687755,0.05149085472504515,1.0593323649713626,-0.45317239019884786,0.035759364489804164,1.0654683574127772,-0.4578474258483584,0.022529545478081274,1.0721980114578311,-0.43322173352173154,0.07955223399021909,1.0461707526522146,-0.4435399007455271,0.06177199898382488,1.0519548236147536,-0.4494359311359081,0.049978004438799725,1.0570731478624162,-0.4535847394178185,0.040356151585272844,1.0627068588954356
-0.41627132014429646,0.12561513700258392,1.0230007599271769,-0.4239911219228034,0.09783611618038812,1.0272765634885945,-0.44010865932513066,0.07396020443326687,1.0300504086143099,-0.45136114454068627,0.05696555293588383,1.034189233805971,-0.45721399000182933,0.047542677347381004,1.047123621564219,-0.4365820203674546,0.06624621101569943,1.0531757187477324,-0.4492192878929297,0.04409195995928483,1.0637178770573594,-0.4590241357017269,0.030245187072361977,1.0690341412372273,-0.4668250280041473,0.019865730257092998,1.0746244642627873,-0.4380077877293954,0.07131672105973307,1.0549793991351142,-0.45267004895262375,0.04657364462100566,1.0658595818928638,-0.46221403036374836,0.030169225196787983,1.0721404528133354,-0.46836415329885,0.017593909558611412,1.0784446640609264,-0.43923473462419194,0.07678427077803167,1.053815493915955,-0.453558752657846,0.05316258920907063,1.0636016073786623,-0.460309377114761,0.037402279908455544,1.0696687833111518,-0.4648478914789316,0.024110612663339935,1.07636996098262,-0.4411730031168505,0.08158663855676372,1.0503297892000956,-0.4516754348360867,0.06391318387372127,1.0561094722528008,-0.4577128343627815,0.052159096946617745,1.0611542688058593,-0.46185143991930094,0.042523726355490635,1.066772359239247
-0.42222336966108587,0.12875289308490587,1.0303888395785519,-0.43018058751107097,0.10098474409372268,1.0342829914922027,-0.44650324432341576,0.07721144194263922,1.0367180212400493,-0.4578201215842115,0.0602367417260421,1.0407620685483376,-0.4637551577716076,0.05084687723549733,1.0536830035505982,-0.44239006343452186,0.06935125105467393,1.060595981822962,-0.455047171516596,0.04721422270852102,1.0711505099131529,-0.4648639382176574,0.03339431637055359,1.0765144734768417,-0.4726066626780955,0.02302887954307476,1.0822106733793542,-0.4435111610919472,0.07446731017055079,1.062689470937972,-0.4580030979200369,0.0497004323202893,1.0737423276363014,-0.46734957090866475,0.03326308850572768,1.0802307071208808,-0.4732966532398862,0.020683470907406305,1.0867184715892138,-0.44442232890077865,0.07995072170007314,1.0618033904811928,-0.4584989248673311,0.05627843621254611,1.0718234551152297,-0.4649469783136208,0.04047699701265556,1.0781088373288334,-0.4692367179993859,0.027184556642552822,1.0849704315611444,-0.446007128891994,0.08472988687949974,1.0587046664734916,-0.4561882840051954,0.0669533391505902,1.0647375132346182,-0.4619706468371258,0.055150768649046486,1.0699645902794483,-0.4659289684282014,0.045503801231457364,1.07569163771457
-0.43103296879232966,0.12885163311376546,1.0363832305582317,-0.43901609073602743,0.10105575378960481,1.040017881857051,-0.45524562232171906,0.07720138083518399,1.0422761081330534,-0.4663624584743059,0.06009825278452763,1.0463338712915338,-0.47207205271762476,0.05062986444184624,1.05929901405195,-0.4508059959737309,0.06937735706168245,1.0667074772987128,-0.46340065814012554,0.04721040120905033,1.0772738875381536,-0.47316495416156573,0.033370047471717665,1.0826807310162867,-0.48080435741327765,0.02296658952468837,1.0884466946587517,-0.45167202181887195,0.07452409955623128,1.069032487062705,-0.46594754862887977,0.04969865659708103,1.0802345774413642,-0.47507467357219096,0.0332002099757521,1.086878277215851,-0.4807967494014479,0.020583313340418505,1.0934947281125498,-0.4523131883462578,0.0800050603402071,1.0683595392199399,-0.46610943884305656,0.05626270839704865,1.0786012942412047,-0.4722727208290105,0.040416482903652136,1.0850572989174094,-0.4763462097740447,0.02711215098173625,1.092026786194062,-0.4535545548402623,0.08473796647338006,1.065576396003002,-0.4633479531170717,0.06682956945545282,1.0718561631229344,-0.46883356387692027,0.05495939844893413,1.07724743752367,-0.4725922051133987,0.0452846315491648,1.0830614605705031
-0.44063771858366696,0.12590605145751066,1.0373110260924718,-0.4480673103372695,0.09793261945451058,1.0407519709893849,-0.46372091457163866,0.07369680052255663,1.0430143028891017,-0.47432766420479094,0.05630312226942878,1.0472003865071415,-0.47958574903885337,0.046701345431547456,1.0602580737626421,-0.4593165928619015,0.06621446332223398,1.0679008286057243,-0.4715460812354205,0.04391545510864432,1.0786172794649658,-0.4810934563819486,0.029959900558545242,1.0841146379012068,-0.48854066583984435,0.019458828530699718,1.0899546133789233,-0.4603185430578452,0.07146384381999937,1.0703585152277,-0.4743001512468123,0.046535592735116954,1.0817021056192908,-0.48323417799353685,0.029953215041185352,1.088399105951214,-0.48876389327401865,0.017267476300496895,1.0950474092302986,-0.46110644768367703,0.07703450842398181,1.069775208542783,-0.4746663427607828,0.05321883804636979,1.0801613743146952,-0.4806805025829237,0.037329526492116155,1.0866520263289954,-0.48458769746093205,0.023983422568147,1.0936368420895668,-0.46249840270151765,0.08185934299836842,1.0671015664547092,-0.4721255677217197,0.06390729721295142,1.0735123818812047,-0.47749019324360903,0.05200308357598395,1.078950140196165,-0.48112074619548634,0.04229636993711072,1.0847922423944376
-0.4442448921628809,0.12304093881081204,1.0348416111341614,-0.4511142759371198,0.09489522876063748,1.03803259934614,-0.46622663048630936,0.07031376584451046,1.0402454733452313,-0.47637358871801144,0.05267115457565141,1.0445284610023409,-0.481275103924084,0.04297892242959356,1.057657838586244,-0.4617970869488702,0.06313630489194724,1.065681153112843,-0.4736380901161202,0.04071243110378124,1.0765719290508506,-0.4829639276343568,0.02664831681749818,1.0821719530411262,-0.49021716974184076,0.01606435228449104,1.0881056643349432,-0.4629765487910832,0.06850818755287368,1.0682890242295753,-0.4766609516255759,0.043486619768567325,1.0797885188859335,-0.4854070028079736,0.026830335556786426,1.0865499301522614,-0.4907506387535321,0.014087816313881618,1.093241672316782,-0.46395810391322667,0.07419476188486294,1.067807654479089,-0.4772924046686886,0.050314867631475205,1.0783374419075575,-0.48316135869687427,0.03438674698649669,1.0848657843418348,-0.486887283789586,0.021002122816423642,1.091875893542314,-0.46557131669827717,0.07915008784411579,1.065243176048069,-0.4750871649082947,0.06118238298955969,1.0717751760284706,-0.4803701984283148,0.049259476689691425,1.0772517248493518,-0.4838873453807518,0.03952890045346749,1.0831234303873136
-0.44157873538679177,0.12324732173030051,1.0331016594654538,-0.448140655899166,0.09499618492395825,1.035994115476161,-0.4629219623489889,0.07020135595356873,1.038057565601255,-0.47273894055697163,0.05238298943016971,1.0423818262678588,-0.47739044337080017,0.042630587269484946,1.055557521494235,-0.45828433519724754,0.06319595381763395,1.0641254922880412,-0.4698612077198457,0.04069237542969925,1.0751351904918933,-0.47903319055274923,0.026561763741731477,1.0808212584656898,-0.48612463707808407,0.015923616820470367,1.0868528397081239,-0.459468647479283,0.06866967749380803,1.0669344417555657,-0.47287749527653705,0.04357636160601926,1.0786009927102673,-0.4814139512021531,0.026858861374495287,1.0854782017066684,-0.4865474556818443,0.01407801716982486,1.0922607387057433,-0.4604604447365596,0.0744430340179956,1.066611990477549,-0.47353762345016875,0.05050316678558443,1.077326443485784,-0.4791903430347618,0.034539031246003965,1.0839568312102685,-0.4827017784051806,0.02113291918745211,1.0910362587355824,-0.4620785892356115,0.07948374902615132,1.0642462260478434,-0.4713774500066919,0.061468013531759,1.0709560152842246,-0.4764964211989789,0.049516475922118566,1.0765251810650642,-0.4798634766196288,0.039767269621166515,1.082453694942444
-0.4387654106773506,0.12859008563251695,1.0334873940187197,-0.4450453239489398,0.10024668430287426,1.036088571406632,-0.45947757276041495,0.07523531335430646,1.0380042717929154,-0.4689283447360357,0.057231815901513286,1.0423773102723968,-0.47328660868790484,0.047406788843452875,1.0555992295605847,-0.45463889640887967,0.06840789285288555,1.0646940948885586,-0.4659665892018061,0.04582811669700468,1.0758065004312711,-0.4749872793394837,0.03163309535052801,1.0815735918280605,-0.48191239489825843,0.02093810458032766,1.0876972102801725,-0.45578633176885874,0.07397645943944532,1.0677082274657943,-0.4689102750735721,0.04881088423807432,1.079541910307232,-0.47722131896414416,0.03203022746230731,1.086540339056891,-0.4821281949226194,0.01921045967522999,1.0934165136608724,-0.4567433105986051,0.07982536433064105,1.0675478814254857,-0.4695409620673395,0.05582338120681686,1.0784590808319343,-0.47495617381231886,0.03982393990672331,1.0852016518139136,-0.4782470561997064,0.02639990247687736,1.0923527094397285,-0.45830454988875435,0.08493415553324056,1.0653913144252105,-0.46733425813599555,0.06685554050540281,1.072296736663238,-0.4722516729679526,0.054869121407649796,1.0779715506143788,-0.47545052313317226,0.04510019609210357,1.083960441855526
-0.4391412546101409,0.13850337688514094,1.034376497061099,-0.44501049839246215,0.11004797326737084,1.036698956061542,-0.4589553793551483,0.08475359773594418,1.038505403366301,-0.46793902354666095,0.06653105924019753,1.0429550892903034,-0.4719327823549525,0.05662080421981714,1.0562284274929319,-0.45400938737475244,0.07817478293677603,1.0657949858299842,-0.4650159899396596,0.05550012516910663,1.0770361186600668,-0.4738434770570185,0.04122109081902329,1.0828940597649128,-0.4805756558565033,0.030455964514337172,1.089109249245534,-0.45519875177140634,0.08384970049009326,1.068996690647988,-0.468011654646065,0.05860293799271505,1.0809971329731052,-0.47609501736303156,0.04175357774028186,1.0880964430530247,-0.4807741923507758,0.028888205261760905,1.0950457716100774,-0.45620512640244565,0.08978830217141616,1.068973975389826,-0.46872203390456674,0.06572315829668032,1.0800701560998918,-0.4739213646695546,0.04968858261679547,1.0868986439242514,-0.47699823518395856,0.03624158436952465,1.0941016584979375,-0.45780596794289197,0.09498571054221673,1.0669850775811303,-0.46659828317432567,0.07685850884591991,1.0740672072165842,-0.47134075911640133,0.06484188917638817,1.0798264170975702,-0.4743801054389711,0.055052051015883584,1.0858640329532823
-0.44102122210695877,0.1500423694854758,1.0335253486187532,-0.44643249543223845,0.12147416231262723,1.0355569719508642,-0.459840145327404,0.09588324886879955,1.0372506259451557,-0.4683239909553795,0.0774417609306685,1.0417785794563326,-0.47194751998618567,0.0674525325091131,1.0550988693906407,-0.454804125386273,0.08956931550776845,1.0651601929524266,-0.46545488333617047,0.06679649267822457,1.0765447600356852,-0.47407052485596507,0.05242878428219729,1.0825004716988673,-0.48059660995854764,0.04159318387248517,1.08881226486872,-0.45607214190864764,0.09535972546588657,1.068549677573386,-0.46855892706140384,0.07003187475268814,1.080721788625778,-0.476411133685117,0.05311483671183489,1.0879189111343928,-0.48085999421990233,0.04020553511694565,1.0949376878971275,-0.4571679377366446,0.1013989929881699,1.0686597367439241,-0.46940108690893106,0.07727313657942826,1.0799390303101095,-0.47438908572573024,0.061205252175355246,1.0868464076840547,-0.47724760242846204,0.047735777883860145,1.0940972322953801,-0.4588575734642485,0.10670021505123076,1.0668240055063303,-0.4674316222597436,0.08853577333882573,1.0740762846770193,-0.47201436215823944,0.07649413624665388,1.0799120533461626,-0.4748982366000076,0.06668541112628457,1.0859951070378282
-0.44231481649373694,0.16042326043111027,1.0313045662255713,-0.4473041378987161,0.13175807889292684,1.033026737162518,-0.4601939713791582,0.10589364395813447,1.0345796662670035,-0.4681851124451407,0.08724960610661912,1.0391740099704896,-0.47145555831972213,0.07719048170088894,1.0525330133390278,-0.45503265085397876,0.09982395130697101,1.0631432609079203,-0.465338598969489,0.0769616828592219,1.074665091798442,-0.47374773650317886,0.0625126590854854,1.0807184332468758,-0.4800665173237785,0.051613156398887375,1.087130344518109,-0.4563538026822614,0.10573165395975181,1.0667328093509763,-0.4685080388697581,0.08032823556129541,1.0790827481785348,-0.4761183932432707,0.06334764150858435,1.0863891720142946,-0.48032639967107477,0.05040075775506448,1.0934868151405224,-0.45751255352396775,0.11187191446865326,1.066985307893991,-0.46944784122007144,0.08768837034593822,1.0784585136689588,-0.4742059579768387,0.07159033633694831,1.0854572656705308,-0.47683404323744294,0.058104166660652844,1.0927640233850313,-0.45925994703039386,0.11727610711695294,1.06531433016535,-0.46759274020305774,0.09907318461203324,1.0727490446092272,-0.47199886642760025,0.08700775338553543,1.0786710498277863,-0.4747179013898074,0.07718320404202497,1.0848042742301507
-0.4429618783044149,0.16981679363343813,1.0304470778067918,-0.44753994858406443,0.1410657698736697,1.031851263946547,-0.4598962906078001,0.11493359389456695,1.0332507570129337,-0.4673728053429692,0.0960930166245012,1.0379091744004605,-0.470280058315905,0.08596605234286323,1.0513008600904294,-0.45460491706955203,0.1091063585245987,1.0624846303572333,-0.4645659117339346,0.0861587391914291,1.0741394072509536,-0.47276593175978926,0.07163102158587548,1.0802904980090804,-0.4788710646005107,0.060669641654109215,1.0868031210607179,-0.45596433920313706,0.11513271727736468,1.0662802072575202,-0.467775050885384,0.08965635724178972,1.0788118584483857,-0.47513192487015254,0.07261403592669885,1.0862332859867103,-0.4790877641289591,0.059633121750672896,1.0934133178727132,-0.4571707682896383,0.12137351213161743,1.066677943851339,-0.46879269100044535,0.09713413009077809,1.0783532434304113,-0.4733066017079685,0.08100867486248664,1.0854499474125432,-0.47569588308947847,0.06751002806871777,1.0928154197117437,-0.45895572343146096,0.12687879767689494,1.0651746425435706,-0.4670234869371501,0.10863587968718379,1.0728011714969967,-0.47123647227019266,0.09654716518607945,1.0788155260833965,-0.4737813196904761,0.08670868631832238,1.085000948273895
-0.44352231889117194,0.18024157541711594,1.0324657046938852,-0.4476574833206683,0.15140963140439156,1.0335479491318085,-0.45942291323067164,0.12499847448853897,1.0347944802594597,-0.46633755452010306,0.1059614611827066,1.0395216715230944,-0.46885677368010237,0.09576724544039557,1.0529409215487944,-0.4540281350212121,0.11943037518549281,1.0647046223252916,-0.46361995129483996,0.09639625765170654,1.0764976271255535,-0.4715950310201439,0.08178669751179607,1.0827498012001637,-0.4774731692564241,0.07076209205030513,1.0893637501958657,-0.455442219574783,0.12557908486156927,1.0687059234643335,-0.46689301141855044,0.10002997770235944,1.0814221572696254,-0.47398771914009297,0.08292620721017642,1.088956615089388,-0.4776834760965671,0.0699125083139257,1.0962154494673912,-0.45671448080873955,0.1319235819299693,1.0692442052197562,-0.46801203814926856,0.10763003781054493,1.0811235259803833,-0.47227869236705317,0.09147921197504016,1.0883148673171705,-0.47442483002699326,0.07796981317415144,1.0957352817366204,-0.45855653782510986,0.13753356250046217,1.067898404633582,-0.46635494467412963,0.11925482627005866,1.0757169378129576,-0.4703732310721218,0.1071449020549495,1.081821185082246,-0.4727407109482426,0.09729377421681236,1.0880567028515558
-0.4444612143027541,0.192193966634651,1.0358315536157943,-0.44812703748755106,0.16328813141082874,1.0365840586498645,-0.459251656628615,0.13659381394280823,1.037672476922407,-0.46556565474433687,0.11736646580492567,1.0424692454586464,-0.46768252948292693,0.10710890357292316,1.0559097078549649,-0.4537716715521339,0.13129482556773478,1.0682712216062762,-0.46297075371839147,0.10817486817681116,1.0802082618485904,-0.4707061081192841,0.09348187961694299,1.0865652425971861,-0.4763446920585406,0.08239468845553251,1.0932823341801856,-0.45525727187371245,0.13757001084843112,1.0724797999280256,-0.4663322264405631,0.11194976330543494,1.085384388640988,-0.4731565414701616,0.09478599412375713,1.0930313258838356,-0.4765849449321159,0.08174212171349472,1.1003667943227113,-0.45661417499197443,0.14402200756812542,1.0731556428584537,-0.46757706267070365,0.11967690551263746,1.0852411899759933,-0.47159292642529005,0.10350320798877209,1.09252495619384,-0.4734903602405997,0.08998549331910997,1.0999978035761546,-0.458534731697363,0.14974105406865929,1.0719586162429595,-0.4660624938077915,0.13143204266662548,1.0799692159539358,-0.46988653220138266,0.11930375044215932,1.0861611448035662,-0.47207431822995166,0.10944189323873788,1.0924451504759902
-0.4460343434727253,0.2043849659683159,1.038142878626231,-0.4492246256228122,0.17541594849003955,1.0385551401711473,-0.4596766675589024,0.1484448264100471,1.0394726278089657,-0.4653631230929208,0.1290390435699269,1.0443353732097305,-0.4670719018544003,0.11872360904539223,1.0577896162855593,-0.4541148902624311,0.14341474432153914,1.0707781186611331,-0.46290820735501176,0.12021260932092165,1.0828606257738462,-0.4703947178480963,0.10543770228716992,1.0893247658981606,-0.47578402732414987,0.09429081103205364,1.096146856101466,-0.455675051802675,0.1498197039887596,1.0751984354372082,-0.4663599760881744,0.12413172922604492,1.0882957809039888,-0.4729038624268194,0.10691074368722078,1.0960583259763006,-0.4760558901810246,0.09384111156242438,1.1034714961571406,-0.457120769124481,0.15638143275161948,1.0760120177317924,-0.46773593934455826,0.13198813006186386,1.0883089398899413,-0.47149186990557607,0.11579495358540813,1.0956874847890596,-0.4731328711213089,0.1022730336542685,1.1032132478307093,-0.45912402729366336,0.16221140625766778,1.0749603930732912,-0.4663707838931234,0.1438759386657919,1.0831672167960205,-0.4699941908883282,0.13173196087590974,1.089448414928745,-0.4719971309490857,0.12186197023312555,1.09578109827176
-0.4475533097069655,0.2165808054601426,1.038853039539964,-0.4502624910554409,0.1875599816751164,1.0389159418037515,-0.4600060673805776,0.16031935898676855,1.0396505072538642,-0.46503449206289393,0.14074842959431738,1.044575966109737,-0.46632609681295073,0.13038005925125795,1.0580360338892072,-0.4543695190335478,0.15555817093142144,1.071678325857127,-0.4627444474130901,0.13227776604263355,1.0839066452452504,-0.4699726097169612,0.11742256650814076,1.0904798895937549,-0.4751023919230836,0.1062187910101224,1.0974080571099063,-0.45600567795742747,0.16209560351757882,1.076314294228094,-0.4662855596034809,0.13634351003730064,1.089608421781231,-0.47253803990861126,0.1190681822621818,1.0974895027754432,-0.4754038927393091,0.10597735517138726,1.1049810172153003,-0.45754270215591786,0.16876828469600647,1.0772652072514406,-0.46779567276807105,0.14433035581730416,1.0897789427139088,-0.4712816711308816,0.12812140575185027,1.0972546805902148,-0.4726586550200985,0.11459967303196655,1.104833530937999,-0.4596303681811873,0.17470954658008406,1.0763553150665046,-0.46658261470684403,0.15635108766327557,1.084763053352563,-0.469996923328289,0.14419403105321155,1.091135430931914,-0.47180897065708277,0.13431855706865242,1.097516877520035
-0.44776874136361744,0.22970974351211448,1.0389413934961969,-0.44998218183260336,0.20064832379049857,1.038647457296336,-0.45896883813254363,0.17314425601775513,1.0391902785857798,-0.46330167759382074,0.15342288670974552,1.0441763162742483,-0.4641629829715638,0.14300649909117977,1.0576337228986763,-0.4532739375647923,0.1686546457992364,1.0719518450876377,-0.4612120636860292,0.14529938475556667,1.084327886759824,-0.4681688527204512,0.1303646066367744,1.0910126690030113,-0.4730268609418653,0.11910632235882247,1.0980475497597546,-0.4549944405829455,0.17532691125426988,1.0768059176445242,-0.46485248412239705,0.14951415579328126,1.0903003885774065,-0.4708028808175342,0.132187191080788,1.098301074195757,-0.47337330809005246,0.11907941467690586,1.1058697435869653,-0.4566326643256732,0.18211150928330166,1.077892114922591,-0.4665093621946444,0.1576327444518896,1.0906267237117258,-0.46971772544987456,0.14141167923374287,1.0981998572782392,-0.4708240733898718,0.12789414170489055,1.1058303544026067,-0.4588149203834082,0.1881641768058992,1.0771176445874364,-0.46546265639471135,0.16978733000992682,1.0857290275426814,-0.4686621952445649,0.15762004894572446,1.0921926911670952,-0.4702784356724457,0.1477416407482426,1.0986220131268154
-0.446623893669882,0.2429661886881784,1.039372254940862,-0.44832551284763744,0.21387627899389844,1.0387138632733948,-0.45650380051059897,0.1861179086309841,1.039055734814071,-0.4601037737108581,0.16626420249686594,1.0440992477473772,-0.4605230964118649,0.15580559549670894,1.0575449340116712,-0.45076829148162817,0.18190069185692823,1.072561878616703,-0.458249199437973,0.15847462646274346,1.0850880092444104,-0.4649204264241177,0.1434612958965013,1.0918869400849116,-0.46949381457637496,0.1321514782938087,1.0990291318092158,-0.45258404658955576,0.18870981083210808,1.077636434034183,-0.46200267890176044,0.16284043255781594,1.0913347823193598,-0.4676403884863722,0.14546495350891353,1.0994557955444382,-0.46990646968364547,0.13234488973647837,1.1071000389723704,-0.4543361348036541,0.19560695420958754,1.0788557195546866,-0.4638225296969689,0.17109167154073499,1.0918148312940448,-0.4667461221857485,0.15486239671985746,1.099485043113357,-0.4675752668065761,0.1413532656628045,1.1071654213758104,-0.4566264827583471,0.20177073123552222,1.0782098762384251,-0.46296144833064123,0.18338092322975252,1.0870269041588345,-0.46594187658281894,0.17120659175031744,1.0935814007267677,-0.46735795677197345,0.16132798894097067,1.1000574555390423
-0.4457323460862189,0.25382934096185616,1.040534908891753,-0.4469102963277463,0.22472433499652567,1.0395039411804146,-0.4542314427716651,0.19672589979332694,1.0396336769587162,-0.4570647979464963,0.17676174418303908,1.0447298584931988,-0.4570331575794911,0.16626746617528637,1.058154235536932,-0.44847031232777107,0.1927779565903217,1.0738958750557097,-0.4554750719279695,0.16928627523728473,1.0865735216179513,-0.4618472013498873,0.1541964089796304,1.0934889194895332,-0.46612344896718755,0.14283899575825293,1.1007388593002154,-0.4503901948371642,0.19972553764227366,1.0791937794642565,-0.4593516386341559,0.17380448584888367,1.0930995952141749,-0.46466550638595266,0.15638430276489987,1.1013422845919245,-0.46661803465812074,0.14325740986890298,1.109060961370641,-0.45226668680986254,0.2067351931495925,1.0805444498133725,-0.46134784007421437,0.18218836675756378,1.0937321455540157,-0.46397836927570374,0.16595532197610938,1.1014998657374762,-0.46452330528119645,0.1524594394595849,1.1092288056921746,-0.45467611122062257,0.21300884244125565,1.080021290050445,-0.46068839900806646,0.1946117108768475,1.0890465188233522,-0.46344421895927257,0.18243376738460243,1.0956919588759606,-0.4646553348599182,0.17255805270754024,1.1022138313364582
-0.4464776321407817,0.26126069938365243,1.042281020594475,-0.4471217383915219,0.23215494267890416,1.0408696782486855,-0.45353618335446805,0.20393483564321632,1.0407756295121136,-0.4555703708294856,0.18388546453076088,1.0459187099433775,-0.4550792981486246,0.17336245474199907,1.0593116141705,-0.4477647585880062,0.2002503461905499,1.0758041792310822,-0.4542746962872923,0.17669905074305275,1.0886340532017191,-0.46033399402072633,0.16153528676892864,1.0956679708782704,-0.46430042706701735,0.1501348263978823,1.1030256653705415,-0.4497969381643657,0.20733740431859793,1.0813282460966946,-0.45828282931763975,0.1813703303128403,1.0954449323787943,-0.46326118214551776,0.1639097477881697,1.1038106934536454,-0.46489072673541426,0.1507820165889699,1.111602542589889,-0.45180763991392203,0.21445869753029434,1.0828085836999872,-0.46046773749765785,0.18988588444769636,1.0962290500304355,-0.46279632443765734,0.17365395181542329,1.1040948589201394,-0.46304999051957185,0.16017658292614048,1.1118710079872758,-0.45434605971728603,0.2208398797871874,1.0824023805151277,-0.4600244592854555,0.20244133501085884,1.0916385126654462,-0.46254934480680526,0.1902634348694915,1.0983751606484977,-0.4635503745376308,0.18039392455428815,1.1049419001830487
-0.44863410934592096,0.26675074405444793,1.044013559956941,-0.44873301281631356,0.2376593985604129,1.0422147634466339,-0.45418763948574864,0.20923991008643217,1.0418859576870179,-0.4553902589650177,0.18913393046035043,1.0470695632540534,-0.4544310446544944,0.17858953731465144,1.0604202356013384,-0.44842367679000944,0.20581088948422832,1.0776886531166232,-0.45441857718334167,0.18220666350985976,1.090671339958386,-0.4601501177461915,0.16697199914633662,1.0978257280714987,-0.46379345837967034,0.1555335086110691,1.105290696881021,-0.4505779333367776,0.21303764078013632,1.0834413350337573,-0.4585690049357484,0.18703079988144036,1.097771970534075,-0.46319998401990065,0.16953449240724125,1.1062616792941913,-0.4644972521344688,0.15641223679737828,1.1141248312143333,-0.4527343573881398,0.22026879018854928,1.0850493451013181,-0.4609571780894441,0.19567610319812112,1.0987063695130943,-0.4629752802092037,0.17945045192625597,1.1066703137772875,-0.4629308816841403,0.16599705504678075,1.1144918516150497,-0.45541344171194675,0.22675411656481625,1.0847540652727297,-0.46074712447020527,0.2083606069013753,1.0942032683679999,-0.4630351552132697,0.19618661097356432,1.101030966608624,-0.4638211725894419,0.1863267584902174,1.1076413257660018
-0.4513174523134614,0.27193245845806296,1.0452768375984116,-0.4508594741158394,0.2428715994540681,1.0430839939296348,-0.45529949226443656,0.21427990638576278,1.0425097842282698,-0.4556401200846993,0.19414945773948644,1.0477266306893636,-0.4542048414510844,0.18359155160367713,1.0610238245399648,-0.4495615401755811,0.21109528885944573,1.0790921835822473,-0.4550199813633936,0.18744571295158033,1.0922280676934755,-0.4604079012842829,0.17214371440681786,1.0995047416746302,-0.46371449726492076,0.16067287741754852,1.1070760743057158,-0.45184897642209393,0.2184610845079171,1.0850757699029085,-0.4593251961389428,0.1924214966427669,1.0996231447599556,-0.4635968220550382,0.17489462165237668,1.1082373053368977,-0.4645527524671646,0.16178458420281777,1.1161694406162044,-0.4541640194751927,0.22579937690811475,1.0868094220799283,-0.46193299943275595,0.20119357425677115,1.1007064280805363,-0.46363231731155496,0.18497970465398872,1.1087681682683552,-0.46328324239753954,0.17155600385315992,1.1166329452192598,-0.45699685548540764,0.23238443932974456,1.0866190302579195,-0.46197550863869585,0.2140029858518877,1.096282983354926,-0.4640212290194315,0.20183698831240993,1.1032012386833923,-0.46458754593405854,0.19199042479389167,1.1098537445666312
-0.45422853114223016,0.27667898699241944,1.046501358277387,-0.4532032148506732,0.24766560816128846,1.0439082117834904,-0.45657456162251364,0.21893456229198235,1.04307790180943,-0.45602643337508125,0.19881515243446884,1.0483195980444944,-0.4541085785538991,0.18825208425407974,1.0615516876198583,-0.4508801377890654,0.21597945370565672,1.080443617732748,-0.4557804324567741,0.19229316921164405,1.0937325421152793,-0.4608084475445001,0.17692819974647622,1.1011330557716346,-0.4637646028447884,0.16543151289878624,1.1088093891014759,-0.4533120303314945,0.22348276989982685,1.0866603905848766,-0.46025278169469386,0.19741837165599965,1.1014270160414374,-0.4641528408634359,0.1798666926161527,1.1101660090442769,-0.4647585222650658,0.16677617481992563,1.118164580719099,-0.4557987398956641,0.23092451395081792,1.0885178118732195,-0.46309677426680107,0.2063130957235803,1.1026580430113773,-0.46446884305061564,0.190116951345062,1.1108171629472408,-0.46380854793471965,0.17672906300425628,1.118722905740128,-0.45879840029661173,0.2376038476997381,1.0884266265106208,-0.4634114992129966,0.21924197272305962,1.0983067922161633,-0.4652093802554347,0.20708833389227868,1.105315031062319,-0.46555134327077813,0.19725892854117577,1.1120081031699824
-0.45740026652893134,0.27986607470846075,1.0486164617473275,-0.45579833138862946,0.2509180107016945,1.0456172572691886,-0.45804813624486174,0.2220863644448544,1.0445204698319401,-0.4565885212851603,0.20201653778169626,1.0497776609917833,-0.45418274959774657,0.1914570495016301,1.062932669197038,-0.4524134954498138,0.21934196172783227,1.0826706232892884,-0.4567337450374293,0.19562869870715122,1.0961117940946543,-0.46138513370353573,0.18020595441041645,1.1036373749094617,-0.4639771531183571,0.1686907135255697,1.1114167976863292,-0.45500119466503386,0.22698028440645204,1.0891227945966009,-0.46138527061798834,0.2008999682646967,1.104110816375539,-0.4649013122442332,0.18332986348289665,1.112974831638401,-0.46514800799680733,0.1702667028109469,1.1210370043874416,-0.4576726474346842,0.23452070691795163,1.0911022612596397,-0.46448205643061447,0.20991195349867195,1.1054887324653961,-0.4655182684774955,0.19373993368386244,1.1137446965707227,-0.46454034723476817,0.18039435188598757,1.1216889668010523,-0.4608520097242896,0.24128772663730547,1.091104987966453,-0.46508869609971004,0.22295344718556362,1.101202586402827,-0.46663305696384555,0.2108167908886135,1.1083001386743934,-0.46674602668887155,0.20100864346302183,1.1150320659183275
-0.46042879852514884,0.2811046017177479,1.051493953885053,-0.4582415579666729,0.2522404813773703,1.0480836211812223,-0.45931831281925856,0.2233530364886951,1.0467108439799324,-0.45692878780606216,0.2033739933253189,1.0519733986350586,-0.4540307418156151,0.19282717658350512,1.0650390313055795,-0.453758348658543,0.22079665214449967,1.0856433078037002,-0.4574761012277964,0.1970672758043573,1.0992353454194521,-0.4617335002719176,0.1815927958415856,1.1068868712820978,-0.4639476650288432,0.17006707903459178,1.1147668511385613,-0.45651370485067994,0.2285662973754206,1.0923329546187321,-0.46231926892304126,0.20247994131283867,1.107544054705538,-0.4654387137434384,0.1848983853492512,1.1165329284532834,-0.46531799145985203,0.1718708867909733,1.1246554503778583,-0.4593834430740376,0.23619943346402617,1.0944328969053523,-0.4656860992117738,0.2116024276536337,1.1090682370193299,-0.4663779439603524,0.195461343672449,1.1174202225534013,-0.46507624392160524,0.18216487391006686,1.1254003091344122,-0.4627556725701769,0.24304640013201445,1.0945246090101783,-0.46660513580749413,0.22474826029921596,1.104840447322424,-0.46789041428847206,0.21263345068599834,1.1120264178246189,-0.46776988781802953,0.2028508581779611,1.1187952965862862
-0.4627295972451355,0.28111791683184906,1.0536054044186212,-0.4599490197979659,0.25235712015553713,1.0497795977011566,-0.4598038316576173,0.22346488679029253,1.0481224429029132,-0.4564710788385986,0.20361993701091283,1.053379552746939,-0.45307757817225724,0.19309519571181616,1.0663433000772353,-0.4543310832927704,0.22106989247699854,1.08783144407682,-0.45742336687965185,0.19733650109268666,1.1015723460786424,-0.46126880881547677,0.1818172588929996,1.1093502971347686,-0.4630914955506278,0.17028996915719002,1.1173276501065448,-0.4572664443123575,0.22896588711317703,1.0947605391994495,-0.4624710877821572,0.20288443430232356,1.1101958758754154,-0.4651813096403348,0.18529902780529445,1.1193090571616002,-0.4646851425707417,0.1723159536118943,1.127488253802995,-0.460348462721186,0.23668452413481447,1.0969796311370852,-0.4661258741400558,0.21210919992167604,1.1118660110393672,-0.46646501488176817,0.19600627212413932,1.1203128804896287,-0.46483367741100057,0.1827660210931479,1.1283257952942456,-0.4639270107320327,0.24360256501774502,1.0971558683709675,-0.46737866720838844,0.2253496478748518,1.1076902830193667,-0.46839953131666695,0.21326178336497956,1.1149635280214267,-0.46804120371953417,0.20350923410530378,1.1217672583783167
-0.46424212530221914,0.2808145180310358,1.054117979960518,-0.4608612263316441,0.25217709233585756,1.0498730765294413,-0.4594495340837421,0.22333721859950095,1.0479244364083784,-0.4551661362594543,0.20367104832710162,1.053164734768855,-0.45127538641595394,0.19317802903675246,1.0660139908896116,-0.45407288201665524,0.2210731640829031,1.088400324916141,-0.45651650295283036,0.19734917347683628,1.1022873497468904,-0.459931598179229,0.18179318885070722,1.1101917340791523,-0.46134946990662684,0.17027409263933244,1.1182625963789217,-0.4572007605404077,0.2290891850760507,1.0955707781237225,-0.4617816051305638,0.20302473494578177,1.1112309318560614,-0.46406996435878856,0.18544375345938485,1.1204675112748037,-0.4631907843904082,0.1725143364744387,1.1286993320930352,-0.4605091495647576,0.23688484265186546,1.0979080272868111,-0.4657424718221158,0.21234204746269258,1.1130471452245172,-0.4657207016561374,0.19628493558209467,1.121587495786348,-0.4637541734380928,0.18310832987160558,1.129630016640607,-0.4643073683269719,0.2438639944797113,1.098164919512432,-0.46735078061917334,0.225665916430493,1.1089177984559864,-0.468102056661415,0.2136103391879534,1.1162769673257777,-0.4675018089949728,0.2038925229022988,1.1231132756772004
-0.4653514692588101,0.2806443266989231,1.0543058440481794,-0.46136445622810757,0.2521508866003783,1.0496390001597564,-0.45864743921094764,0.22342627691500622,1.047393336025322,-0.45341227548904706,0.20398413030787785,1.0526050989825904,-0.4490238919164129,0.19353264293024575,1.0653272557275675,-0.4533710939347553,0.22125931655534203,1.0886222138089066,-0.455142827518494,0.19755951732880256,1.102651787891404,-0.45810887913774545,0.1819759370783306,1.1106820674092588,-0.45910903896616684,0.17047566158202193,1.1188418529365087,-0.4567039521133184,0.22938761585322415,1.0960358740394358,-0.460637735735932,0.20335349280425583,1.1119207692595674,-0.46249162857439713,0.1857859107917032,1.1212794572507814,-0.4612223886824184,0.17291983450082585,1.129559479348869,-0.4602526715534711,0.23725051988603563,1.0984906776889274,-0.464922743958081,0.21275206325070062,1.1138837084399242,-0.4645320039201122,0.19674887602785057,1.122515870656789,-0.46222507954292147,0.18364365319737258,1.1305845475901337,-0.46428358031570044,0.24427976822969427,1.0988250178028938,-0.4669084382183577,0.22614667093041546,1.1097957840462447,-0.4673850868119754,0.21412896587320837,1.1172393246065406,-0.4665389923558748,0.20445077013333685,1.12410576574374
-0.4663598609653865,0.2807372702903794,1.0557771829161133,-0.461762088650277,0.25240890282688105,1.0506864147985617,-0.45770788562077047,0.22386756133823915,1.0481401127195729,-0.45152626672549506,0.2046943815846194,1.0533114996689212,-0.446641246299441,0.19429432597951268,1.0658940347821988,-0.45253053990388264,0.22176114348920792,1.0901033886884293,-0.45360721136103743,0.19810175570684768,1.1042710497707522,-0.4561052800730617,0.18250091932113058,1.11242607163105,-0.4566754042708026,0.171030928473844,1.1206694340752479,-0.45608071053878674,0.22999245404231827,1.0977620379596902,-0.4593438725537261,0.20400326399938845,1.113870851921297,-0.460750816609852,0.1864587591689079,1.123349921285815,-0.4590850793632763,0.17366611059728523,1.1316733290566272,-0.45988351563235347,0.23791151147278003,1.1003342369529194,-0.4639709509091066,0.21347019967034706,1.1159817447325446,-0.4632034178802595,0.197529478597452,1.124703740394715,-0.46055130170511344,0.18450365478594744,1.1327948779413408,-0.4641597523669322,0.2449788383109838,1.1007435302859983,-0.4663559906274811,0.22692137622451933,1.1119310862809106,-0.46655317612520636,0.21494735503225976,1.1194572180339026,-0.465457543954115,0.2053138482411896,1.1263511646213524
-0.4672573778198084,0.2811901987064579,1.0585421947599998,-0.4620453779692856,0.2530483575246431,1.0530264295464573,-0.45663039070969663,0.22476243918257888,1.0501780744109872,-0.4495140827652474,0.20590196453016701,1.055297364804824,-0.44413482579869734,0.1955632534141064,1.0677279487804707,-0.45154433240642894,0.2226782376423936,1.0928521448107924,-0.4519029613937405,0.19907696218761953,1.107152482371971,-0.4539139846528391,0.18347047151370371,1.1154304083840942,-0.45404248522393065,0.17204303576543842,1.1237512229984574,-0.4553238778328206,0.23100170935730358,1.1007575056967052,-0.45789267600847394,0.20507339794466425,1.1170885820817718,-0.45884040396524867,0.18756235696458676,1.1266858292316144,-0.45677243008903956,0.17485358041910015,1.1350474162660888,-0.45939418892790407,0.23896451482308687,1.103447446264101,-0.46287947553456166,0.2145941840721275,1.1193493048295997,-0.4617276360283591,0.19872488808652075,1.128158823220425,-0.4587259933679475,0.1857867296867983,1.1362684786715607,-0.4639279170244379,0.2460569741543009,1.1039299635379318,-0.4656858300758292,0.22808629522669524,1.1153326495910143,-0.46559898298457136,0.2161619801486893,1.1229393500780698,-0.4642503993621126,0.2065783959199979,1.1298579914218128
-0.4678059318676241,0.2820850032815469,1.0618942104568738,-0.4619775266352819,0.2541513814375105,1.0559533101414975,-0.45518767237986457,0.22619593067882166,1.0528038589953594,-0.447154744102305,0.2076897913638693,1.057859682168107,-0.44128508131796645,0.19742226509000282,1.0701262927041413,-0.45017800112478784,0.2240950275968357,1.0961599489433818,-0.44979603670999124,0.20057107717953587,1.1105865331599092,-0.4513010110460902,0.18497186044438116,1.1189847659658747,-0.4509772232488188,0.173600010664571,1.1273761275998333,-0.45419847525958185,0.23249821013504904,1.1043136922156012,-0.4560491330723558,0.2066481169755776,1.1208644584208132,-0.45652568069378335,0.18918164250702207,1.1305771856045128,-0.45405050422611426,0.17656749579231046,1.13897137758972,-0.4585491546829821,0.24049108960076815,1.1071222786500277,-0.46141275305440976,0.21620663864043996,1.1232776058024376,-0.4598694464047238,0.20041813614693138,1.1321720027579731,-0.4565144441464456,0.18757613756123648,1.1402960008589826,-0.46335187998381167,0.24759490777457688,1.1076771009837465,-0.4646621772581545,0.22972262886599315,1.1192926757137005,-0.4642870134768046,0.21785424155436983,1.1269776844680905,-0.4626823660330352,0.2083259669927014,1.1339180340959696
-0.46785015195429497,0.2834371784471639,1.0655362102460892,-0.4614045321562853,0.2557335713040514,1.0591709946083554,-0.4532361832569924,0.2281849970114772,1.0557238913086069,-0.4443106062897606,0.21007189066744192,1.0607054504403066,-0.4379557790539554,0.19988523171638625,1.0727964769164617,-0.4482803519268525,0.22602927973212877,1.0997279950521441,-0.44713592214748016,0.20260338580086343,1.1142733120376038,-0.44811610301497123,0.1870257427998271,1.1227884226513958,-0.44733046945014027,0.1757231988240709,1.1312426544675935,-0.45255255327557026,0.23449813404850456,1.108131735487399,-0.45366142450918573,0.2087450328907533,1.1248986164739991,-0.4536552236039256,0.19133494003329074,1.1347236114146835,-0.4507687214581072,0.17882643998113026,1.143144489443617,-0.45719568226988233,0.24250621119344,1.1110604667148474,-0.45941813257576497,0.21832362450762366,1.1274675555882485,-0.4574765991242768,0.2026256792216682,1.1364438502169376,-0.4537649483394991,0.18988853374532455,1.1445777967707063,-0.4622780808110079,0.2496068987384415,1.1116875106531523,-0.46313193838563643,0.23184507424141917,1.123513132261327,-0.46246447563817955,0.22003902188062166,1.1312739534763439,-0.4606009756284562,0.21057158267287887,1.1382328560521808
-0.46783177099969436,0.2850607771625479,1.068730228561861,-0.4607695164828031,0.2576089443481433,1.0619424992136999,-0.45123004130680533,0.23054331377596082,1.0582037232709804,-0.4414410840185994,0.21285830665415625,1.063100999587703,-0.4346076905447833,0.2027619587694412,1.07500533762272,-0.4462977872799599,0.2282970039685985,1.1028166430720066,-0.4443699386604736,0.20499140276934416,1.1174720456474383,-0.44480704772846646,0.18945102850070175,1.126099706281645,-0.4435512914654035,0.1782321040141984,1.1346083821832182,-0.45083153578211826,0.23681593680794716,1.1114719265192246,-0.45117528632175863,0.2111800586007788,1.1284502567311934,-0.4506752700098878,0.19383885713198878,1.138383766314813,-0.4473742309762149,0.1814472117724316,1.1468250885780618,-0.4557782263458395,0.24482321882779456,1.1145229211246444,-0.4573402798042358,0.22075957588034303,1.1311791639953972,-0.45499422615541407,0.20516232055231465,1.140234027998477,-0.45092322747089025,0.19253888151457849,1.148373319708719,-0.4611500212588542,0.2519056910872936,1.1152229464755568,-0.4615391631469036,0.23426677209955687,1.1272551496892467,-0.460575756633666,0.22252962648383487,1.1350890494513177,-0.45845096784905603,0.21312866629605087,1.1420631861482164
-0.4685402023491627,0.28639312839170455,1.0702047131343198,-0.4608632922396786,0.259214651972592,1.062997265309888,-0.44997120560745135,0.2327058902618111,1.058975276770585,-0.43935269191034787,0.21547986389823445,1.063779198043537,-0.43204862395484384,0.20548295472323902,1.075486339850033,-0.44502486408265574,0.2303371081492142,1.1041528134787963,-0.44229381946333174,0.2071755016627143,1.1189084853529638,-0.44217027796647695,0.19168948702944713,1.1276434102549096,-0.4404375697043572,0.1805689745014552,1.1361973964144296,-0.4498287745399933,0.23888904373753006,1.1130610985755067,-0.44938458731430875,0.2133920826687848,1.1302450383635865,-0.44838030234980847,0.19613294889172853,1.1402827477794304,-0.444662490383212,0.18386948283143978,1.1487379786656964,-0.4550889859707883,0.2468785344660242,1.1162371079932176,-0.45597175317101296,0.22295200607891386,1.1331389218275325,-0.4532154190533117,0.2074659096882273,1.1422686723397366,-0.4487830042601724,0.19496514778322932,1.1504085104136395,-0.46075883880367463,0.2539272448638225,1.1170117117497635,-0.46067562564843895,0.2364240299440264,1.1292463899916596,-0.45941300712362665,0.22476250304270498,1.137150395911897,-0.45702487522450574,0.21543376038765624,1.1441362923473453
-0.4696822984868906,0.28721264228276605,1.0700982924597429,-0.4613941264810102,0.26032877946041144,1.0624749101405213,-0.4491788252783036,0.23444688073149184,1.0581804805897777,-0.43776830194338057,0.21770614279441033,1.0628830466505648,-0.43000267131114,0.20781741021168745,1.0743831649030062,-0.44417404157981344,0.2319291338344157,1.1038737951120665,-0.4406214871629651,0.20893661794639062,1.1187187283372635,-0.43992067972942744,0.19352342193824962,1.1275546257179243,-0.4377057953955797,0.18251645809441588,1.1361441420228344,-0.4492552841649549,0.2404956318412273,1.1130364268378097,-0.4480010873138591,0.21516073131718916,1.1304188869159666,-0.4464828075205118,0.19799747071790877,1.140555908638912,-0.4423470139497664,0.1858735471694845,1.149018257266984,-0.4548376314323634,0.24844947468345688,1.116340831634434,-0.45502274055401926,0.22467930652013224,1.1334835907349747,-0.4518509584316416,0.2093151385505328,1.1426841909531795,-0.4470557259574669,0.19694609795354934,1.1508196007893245,-0.4608130298211854,0.25544855937679173,1.1171924262954676,-0.46025053483149386,0.23809413889733055,1.129624823403392,-0.45868584216205827,0.22651505793341342,1.1375957296051897,-0.4560327190657825,0.21726434242433762,1.1445897672734247
-0.4695702484332198,0.28824679150335003,1.0708128360856655,-0.460675623170024,0.2616783268501783,1.0627782756847635,-0.44717668431408175,0.2364877001772599,1.058224226053679,-0.4350145332798968,0.22025377345505023,1.0628185902545813,-0.426797579954702,0.21048149872268246,1.0741026097350603,-0.4420635287833338,0.23380117866987052,1.104380345279867,-0.4376729131559835,0.21100413562247125,1.1193023355933005,-0.43637946944840356,0.19568352308774187,1.1282318741985062,-0.4336789275431121,0.18480543565960483,1.1368465734589375,-0.4474275972231465,0.24236259439826324,1.1137985176085041,-0.44534231113340494,0.2172143081343015,1.131371092621367,-0.4433011514346373,0.20016130611699126,1.1416019619208404,-0.4387472354140184,0.18818824443202228,1.1500644259672022,-0.4533391698684182,0.2502622394769224,1.1172353050806425,-0.45280893582800674,0.22666871931802313,1.1346132798721085,-0.4492171878038923,0.2114375086904248,1.1438803437304261,-0.4440584335051765,0.19920926002288325,1.1520061976291556,-0.45962632776058604,0.25719566756007295,1.1181670806132138,-0.4585784055086739,0.24000336131443162,1.130791789463343,-0.456709207398724,0.22851364210060043,1.1388261640880208,-0.45378987214931343,0.21934680904947312,1.1458245936270564
-0.4674024317745355,0.290314897157531,1.0743742899764888,-0.4579075524024016,0.2640819995321411,1.0659342555381883,-0.4431736340104497,0.23964006070557356,1.061135123776002,-0.43030217807918725,0.22392964528394438,1.0656156311691816,-0.4216451620941004,0.21428159519328183,1.076675286440082,-0.4378980606620331,0.2367726356018215,1.1076975606588377,-0.4326548908059586,0.21419859069128563,1.1226832250900125,-0.4307549743005206,0.19899153212196002,1.1316980191368728,-0.42756714533978446,0.18825767139010186,1.140327082604612,-0.44354856588806546,0.24530831706086492,1.117372268915562,-0.4406123655340842,0.22037254164385212,1.1351251826061792,-0.43804039675595224,0.20344470049780453,1.1454438583002622,-0.43306931426336404,0.19163368912273923,1.1538992710117062,-0.44979477298011683,0.2531347072499629,1.1209459934221568,-0.4485323792536172,0.22973911287556031,1.1385522955729932,-0.4445168546187226,0.21465209937112253,1.147881094478994,-0.43899459810607977,0.2025736886375311,1.155992135727347,-0.4563985566630771,0.2599864322114196,1.12196186480231,-0.4548599130171406,0.24296971937397682,1.134772831533175,-0.45268423482316344,0.23157633633311497,1.142867025259362,-0.4494979129777895,0.2224992588510804,1.14986598089441
-0.46462433308201856,0.2928316311765119,1.0795893072068088,-0.45453674741465067,0.26695371706089904,1.0707504153156417,-0.4386241854234508,0.2433098060528715,1.0657220722909577,-0.4250868348869681,0.22813489378966337,1.0700842569806814,-0.41600191897816896,0.21861827218136579,1.0809121370651518,-0.4331297293077793,0.24025765610011512,1.1126315397885136,-0.4270218598695468,0.21793509752329907,1.1276663587670193,-0.4245034587794992,0.20286362852819856,1.1367569749752426,-0.4208286432697853,0.19228918869921735,1.1453892231932288,-0.43906822344064095,0.2487461767122357,1.1225635242124559,-0.4352628130676959,0.22405005336106903,1.140485590387715,-0.43215317486525595,0.20726271609636931,1.150885463230799,-0.4267669949074175,0.1956247235247646,1.159326544283362,-0.445652665571987,0.2564799500852162,1.1262792509349853,-0.44364235588897655,0.23330447657070827,1.1441057882273358,-0.4392000063314637,0.21837305585956573,1.1534912615537516,-0.4333150112545452,0.20645345092738726,1.1615821307393632,-0.4525765426741334,0.2632340605504078,1.1273837931919062,-0.4505428026002908,0.2464065028581587,1.1403743286722694,-0.44805915134725727,0.23511645645287382,1.1485244853220773,-0.444605531975268,0.2261349957738758,1.1555200010145454
-0.4627007198760881,0.2934213715876714,1.0837680235658873,-0.45202927100005746,0.26791697612855214,1.0745377567990826,-0.435000477595546,0.24511164811896785,1.069296993494474,-0.4208409515924587,0.23047976297238953,1.0735375403266842,-0.4113410783277515,0.22110117179345384,1.0841271204166607,-0.4292300728914989,0.24187947585220265,1.1164921863609913,-0.42224798401429986,0.21983763676828108,1.1315605717063333,-0.4191011969716694,0.20492467581404908,1.140716561639253,-0.4149416685768404,0.1945245114994943,1.1493405782085189,-0.4354559077628246,0.25029890013728806,1.1266818678529722,-0.43076480316126414,0.22587068373915123,1.1447604710594133,-0.42711181135727244,0.20923954588208388,1.1552343815898864,-0.42131371776852755,0.19778523232663933,1.163653791704651,-0.4423802758157604,0.2579206054234485,1.130545100073072,-0.43960755108750954,0.23498827134236627,1.1485825444778042,-0.4347361401439532,0.22022393531683254,1.1580193151515705,-0.4284899272633412,0.2084719715079495,1.166084579205402,-0.4496262827045645,0.26456147278203745,1.1317434721290396,-0.4470940497702544,0.2479366326910307,1.1449062718675205,-0.4443014348108563,0.2367569155910928,1.1531083418532309,-0.44058068354460733,0.22787689056743998,1.160096369335471
-0.4604764382430812,0.2933235821678933,1.0858311137532428,-0.44923119822615726,0.2682102406355711,1.0762177643120765,-0.43115296913712803,0.2462749455079125,1.070781878816567,-0.41641461292219994,0.23218948148320107,1.0748985566399316,-0.4065133776800413,0.22295489199296567,1.0852442160512696,-0.42505076957974214,0.2428757802515316,1.1182002863990834,-0.41718782234308355,0.22114438487774485,1.1332856762869186,-0.4134051267262893,0.20641350990421858,1.1424956361755862,-0.4087651371017857,0.19620195330148912,1.1510999004705655,-0.43156099848368007,0.251203955005552,1.1286476959825396,-0.4259698101390509,0.22707284890936566,1.1468687948556155,-0.42176905568915296,0.2106138587237642,1.1574090605763223,-0.41556333407231805,0.19935349014018866,1.1657994582753148,-0.4388250040666292,0.2586942741170333,1.132664287397959,-0.43527682093022524,0.23602880579128868,1.150902058409901,-0.4299749670404607,0.22144307857733653,1.1603844531800471,-0.423369819890164,0.20986740390288122,1.168418636394746,-0.44639373306821567,0.2652066935869978,1.1339621465984513,-0.44336063935722864,0.2487980485435674,1.1472893188048716,-0.44025858843561316,0.23773561084400602,1.1555390749842758,-0.43627135628470315,0.22896276689877984,1.1625155032528092
-0.45539576630647266,0.3004010962348913,1.086482820714327,-0.4435879558390471,0.27569523863806794,1.0764954263691486,-0.42452979117529566,0.25465236916420547,1.0708818362159118,-0.40925500189713965,0.24111299603413916,1.074873410437156,-0.398966524133503,0.23202773040104385,1.084970436965416,-0.41804287957750247,0.2511069916629998,1.118460549897018,-0.4092955370681646,0.22971596980192732,1.1335455310030638,-0.40487202704569564,0.21519115694850163,1.142797190066168,-0.3997577706751983,0.20518184178482407,1.1513702144890368,-0.4248322101559102,0.2593218528754007,1.1291652546071531,-0.41832891969108066,0.23551780909593803,1.147513410523986,-0.41357735699019765,0.21924705693566374,1.158111861985387,-0.40696936716419413,0.2081904228352407,1.1664659608476031,-0.4324335525934926,0.2666618239743067,1.1333413095967089,-0.4280985201223371,0.24428751723654785,1.1517675745724854,-0.4223657332708955,0.22989188699740618,1.1612896483245092,-0.4154046963550348,0.21850090750396672,1.1692872644824224,-0.44032416129578716,0.27303114599333533,1.1347447195314668,-0.4367889085623153,0.2568519996651391,1.1482278208379837,-0.43337748032258183,0.24591371307355644,1.156520876282278,-0.42912490851228857,0.23725369072991026,1.1634815521477657
-0.4472225843571829,0.32098441533418165,1.085440659942399,-0.4348644807239083,0.29670127578692335,1.075088933431672,-0.41489701141039126,0.2765645357039911,1.06931483103395,-0.3991267769508069,0.26356764345153355,1.073180962676649,-0.3884655730864599,0.2546363663011539,1.0830255445192198,-0.40797690188135194,0.2729005883274205,1.1169913183127644,-0.3983449065364186,0.25187976409608687,1.1320577739847821,-0.39327848940248256,0.2375850942260062,1.1413381110204837,-0.38769802930376424,0.22779079249515932,1.1498685784587805,-0.415037703802939,0.2809804742479237,1.127952346851396,-0.40761292564232476,0.25753396031139303,1.1464107803212942,-0.4023089475466575,0.24146755874983503,1.1570588061742217,-0.3953050820313249,0.23062389567070238,1.1653694315321763,-0.4229720748400135,0.2881517095955847,1.1322941118286274,-0.417840644771049,0.2660932696674831,1.1508958053769172,-0.41167735562759494,0.25189911714851665,1.160451369452765,-0.40436422489650403,0.2407009433755019,1.1684069546627032,-0.43118231649487226,0.2943639593726493,1.1338094459780714,-0.42714470764877105,0.278427351236555,1.1474395246485325,-0.4234245003958181,0.2676199726635564,1.1557713522494588,-0.4189082210954403,0.25907827610639667,1.1627121017554503
-0.44021973386536517,0.34942551130674343,1.0812040093355422,-0.42732457037589655,0.32557905308776125,1.0704982621675267,-0.4065181587073771,0.30635407878998094,1.0645803244200522,-0.3902917063958491,0.2938932356748629,1.068321462115066,-0.3792725670229261,0.28511995486045005,1.0779106686651772,-0.39912202274390485,0.30260494284985007,1.1122931483741798,-0.38860852215091046,0.2819837047252511,1.1273224303163087,-0.3829000626105986,0.2679430457452009,1.1366178167982364,-0.3768632195930781,0.25837552265110736,1.1450947138867884,-0.4064443908457134,0.31052890345186657,1.1235089199708468,-0.3980916104575701,0.28747063865817707,1.1420595964319484,-0.3922351072895865,0.27162459566446223,1.1527481973425404,-0.38484273657946255,0.2610025181784016,1.1610083414172592,-0.4147055160731488,0.3175137966504536,1.1280226689678046,-0.40877016106083325,0.2957961578013469,1.146785533172834,-0.40217774124092426,0.2818146830172269,1.1563681876789833,-0.3945170467249535,0.2708170786933479,1.164276333583152,-0.42323178857793725,0.32355578018174247,1.129656512446225,-0.41869274763189196,0.3078743953017559,1.1434241587293177,-0.41466490348961343,0.2972045306128725,1.1517901125830645,-0.4098870360973346,0.2887864968994203,1.1587067630787535
-0.438243456902587,0.3683938720493125,1.0774044138205978,-0.4248253157277469,0.34499672918813673,1.0663554760082534,-0.40324887198217657,0.32668189204301634,1.0603096339581206,-0.3866034184027286,0.3147482963223596,1.0639269043822523,-0.37524129166568615,0.3061363721419539,1.073258657108909,-0.39534045007219276,0.3228854204402347,1.1079991011579242,-0.38395206403976967,0.3026923814700456,1.1229722208372446,-0.37760546726063265,0.28892905663715923,1.132268586989314,-0.3711236767715294,0.27959894821527304,1.140681328808443,-0.40291232186578246,0.3306335128884115,1.119467361121318,-0.39362810166159223,0.3079941782732982,1.138091106610826,-0.38722050194082147,0.2923842658860957,1.1488109572825194,-0.3794479078006035,0.2819917065655153,1.157013831539178,-0.41149203745818863,0.3374154301499922,1.124159279094867,-0.4047474119227875,0.31606355752940307,1.1430679255683767,-0.39772818461282244,0.3023057058245891,1.1526710952557517,-0.38972516542697017,0.2915160396844714,1.1605264820361036,-0.4203294489587484,0.3432748252045826,1.1259183307543972,-0.4152910285123501,0.3278609059337501,1.139813733618585,-0.4109572326770176,0.3173349744456607,1.148209071894217,-0.40592037558359567,0.3090457438575348,1.1550974744213534
-0.43824680626508417,0.3727135925868851,1.076866974275623,-0.4243205063275365,0.34977702848712405,1.065486111795904,-0.40204053958063507,0.3323643460853632,1.059327381099927,-0.38501112957689065,0.3209472562698412,1.062822482254344,-0.3733210122780547,0.3124994182156124,1.0718955170706617,-0.3935907276690301,0.32856153708242697,1.1069361062113419,-0.38133755111222584,0.30882419546767426,1.1218339410357936,-0.37435977782699986,0.2953606495692574,1.131116959757473,-0.36744591975187374,0.28627736633061224,1.1394555020849824,-0.4013980518624784,0.3361150970845804,1.1186538716062044,-0.3911821961727078,0.31392502492891505,1.1373305175289892,-0.3842264874252997,0.2985666460652334,1.148072035663872,-0.37608278587827476,0.28841080543126074,1.156211119218009,-0.41028641440701735,0.34267854768648914,1.1235299392113114,-0.4027294928226044,0.3217172244891844,1.1425679332092091,-0.39528673346576076,0.3081936130916601,1.1521849063052514,-0.3869473056218111,0.2976188145417237,1.1599823348452938,-0.4194288637849251,0.3483439787066781,1.1254209163545341,-0.4138942400378016,0.33320923986077405,1.1394339256203758,-0.40925671531507857,0.32283343998556435,1.147853834538667,-0.403963933313252,0.3146779279063543,1.154709886165189
-0.4350883434059233,0.37596106239632754,1.075509949962985,-0.4206693254976113,0.3534949453890244,1.0638087815337554,-0.397749227263065,0.3369710375213927,1.0575511497010281,-0.3803686487843088,0.3260581705543167,1.0609262501904402,-0.368365486561745,0.3177765405033892,1.0697400729358515,-0.3887363505720814,0.3332047257101205,1.1050245309310516,-0.3756318896631861,0.31394913647803824,1.1198280392928848,-0.3680329001555446,0.3008066126274783,1.1290833215719978,-0.3607011080337484,0.29197827129217735,1.1373382576452988,-0.39676330059817233,0.3405466060519546,1.116988049463672,-0.38561897204961004,0.3188354562905874,1.1356966044563512,-0.37811970055784827,0.30374351262237864,1.1464500253422663,-0.36961475647620634,0.2938308198553746,1.1545191085148465,-0.4059487263457307,0.3468773881910955,1.1220539328600685,-0.3975789140173242,0.32633099223017303,1.1412038990240874,-0.389716840822031,0.31305183856905083,1.1508278684089768,-0.3810475583963307,0.3026983579327179,1.1585622910706737,-0.4153889962487954,0.352338484669291,1.1240834805570472,-0.40936245163513735,0.3374940337207568,1.1382036733566039,-0.404423948399924,0.3272743102071166,1.146643291943787,-0.3988787559489932,0.319257180920558,1.1534629577114972
-0.42763655895979513,0.3881755633213128,1.0718844765743856,-0.412740770363837,0.3661883585601704,1.0598748911389353,-0.38924031488215693,0.3505353953220859,1.0535312546050581,-0.3715390759618959,0.3401132862317584,1.0567889009652514,-0.3592376734384449,0.3319994069416236,1.0653437376001786,-0.37965011934289966,0.3468490214490185,1.1008178587822253,-0.36571116146426874,0.3280994897687163,1.1155082974153434,-0.3575037891084704,0.3152977294805456,1.1247215920108362,-0.349769245785518,0.30673111348293003,1.132884231654902,-0.38787934377182826,0.35396379085000007,1.1130225833300584,-0.37581312480951523,0.33276022294167906,1.1317414289297119,-0.3677763737190035,0.31794898693750817,1.1424968841631773,-0.3589207090439866,0.3082850718514337,1.1504901065011137,-0.397348772526726,0.3600491102057991,1.1182835321654248,-0.38816798435033195,0.3399413847843797,1.1375272806650236,-0.3798917384960049,0.3269164379439021,1.147151386751648,-0.3708997488236931,0.3167902119596254,1.1548179363028899,-0.4070786321796587,0.36529654859079164,1.1204581388073527,-0.40056552573111126,0.3507528124329993,1.1346748891956417,-0.3953293073346674,0.3406948257299846,1.1431293344869256,-0.3895356478947381,0.3328204685550683,1.149908668663266
-0.41901435534501047,0.4056882525984386,1.0682332512275192,-0.40365813587567756,0.384187029474243,1.0559273274016336,-0.3796331712675975,0.3693836320171403,1.049509470301266,-0.3616395260458423,0.35943795202130074,1.0526525035599026,-0.3490544673679714,0.35149281983588676,1.0609492465148207,-0.36945857451582453,0.36582013714954975,1.0965613294040766,-0.35470499542093953,0.3475989431551494,1.1111204662437286,-0.3459047542145851,0.33515592131949823,1.1202778559959088,-0.33778348098515687,0.32685646939111246,1.1283402858309826,-0.3778714749294137,0.3726942344818814,1.109001909804967,-0.36489337013785816,0.35202558406457984,1.1277090153699578,-0.3563267160426863,0.3375085782074717,1.1384566139807886,-0.3471314137414625,0.328098254595359,1.1463684961889176,-0.3876105532843505,0.37852279377161924,1.1144626660462038,-0.37762325685757786,0.35887661828517486,1.1337813370232257,-0.3689388725844987,0.3461150948783374,1.143398711599448,-0.35963186630177413,0.33622151795280797,1.1509927278389094,-0.3976208683964353,0.3835483232844432,1.1167885864380978,-0.39062759430362415,0.36931498295537263,1.131091136881294,-0.3850974180591876,0.3594240811907219,1.1395555292271207,-0.379059639794016,0.35169658932695474,1.146290695566163
-0.4114520035446867,0.41995011576344043,1.066422072026584,-0.3956519747202013,0.3989405697393453,1.0538320006033506,-0.3711542744856372,0.3849626368552961,1.0473506067748868,-0.3528942865021706,0.3754784693847665,1.0503820887961983,-0.3400398664364326,0.367702570057171,1.0584222408749708,-0.36039492417200436,0.381563510443951,1.09412343001118,-0.3448494384298779,0.3638906741812897,1.1085337458883848,-0.33547427240994976,0.3518223786733967,1.1176218331678291,-0.3269829183265682,0.34379419964496105,1.1255769575126855,-0.3689719503104921,0.3881853514644023,1.1067937228327978,-0.35509532739717353,0.3680773214342782,1.1254668740800327,-0.3460077762621554,0.35386720739533717,1.1361967841779734,-0.33648438215819887,0.3447144674660638,1.1440222535887306,-0.37896522864621585,0.39374741031323585,1.1124584425981294,-0.36817844923708154,0.3745845763267891,1.1318326660165114,-0.35909281433580653,0.36209510192786837,1.1414364762647706,-0.3494789712147246,0.352439003466529,1.1489535299376794,-0.3892460758698499,0.39854386340869796,1.114941629603753,-0.38178001115542237,0.3846297978852108,1.1293191630128114,-0.3759601052360612,0.37491099183388854,1.1377886511214963,-0.3696829335074294,0.36733414418513544,1.1444759418505872
-0.4044673609214088,0.4273909668273876,1.0655624173676164,-0.3882403199372643,0.40687745415086796,1.052700427941232,-0.3633175633011931,0.39369889909957856,1.046165117782372,-0.34481519582406733,0.3846609750532609,1.0490882673997068,-0.3317053614086846,0.3770543215999645,1.0568738846438204,-0.351979251574222,0.39050339601690964,1.0926184250752056,-0.3356671147200508,0.37339648933850816,1.106863298095123,-0.3257370999416099,0.3617167525468085,1.1158693726974347,-0.316892737270687,0.3539626636955181,1.1237109357466986,-0.3607002032777384,0.39686343209740615,1.105511521208331,-0.3459416729103894,0.37733980761140895,1.124128555907733,-0.33634357683571664,0.36344828788922035,1.1348310849962504,-0.32650400138507085,0.35455630724628173,1.1425654944868024,-0.3709313407648471,0.40215083771530136,1.111383711173866,-0.3593546268714416,0.3834918363667993,1.1307937784995004,-0.34987543431149204,0.3712823935288926,1.140377270431172,-0.33996336588982157,0.3618680215413743,1.1478131841381756,-0.381472124197861,0.4067121263632293,1.1140297566420712,-0.37354156669041083,0.39312536623576905,1.12847146760374,-0.36743660340537637,0.38358330752458264,1.1369412529396998,-0.3609251105585076,0.37616055365159684,1.14357710618889
-0.39851411923908486,0.42884517814649054,1.0655020407027216,-0.38187693899839836,0.40883076167183663,1.0523803334870703,-0.35657279019264176,0.39642415272783554,1.0457997181526237,-0.3378500148258205,0.3878170477875318,1.0486178565667337,-0.3244983171689634,0.3803792194891412,1.0561514912083043,-0.34466677110314864,0.3934686823077277,1.0918969018902835,-0.327615443841405,0.37694269229904565,1.1059607692478837,-0.31715245563971795,0.36566307892219596,1.1148729533082582,-0.3079723865536187,0.3581846645655441,1.1225955439557527,-0.3535110970062382,0.39955941285053315,1.105005171002893,-0.3378903342830326,0.3806418089962875,1.1235442149111443,-0.327793291169219,0.3670795431742553,1.1342098871108461,-0.31764971306334244,0.35845069559621223,1.1418490276158877,-0.363963069035946,0.40456560301111066,1.111087640322781,-0.3516084185934517,0.3864294293896965,1.1305136838802456,-0.3417441101954845,0.3745073131203288,1.1400702244203473,-0.3315428002074905,0.36533832417998685,1.14742109030907,-0.37475263648604995,0.40888670223096957,1.1139017256992794,-0.3663667344338892,0.39563439382653276,1.1283968896295618,-0.35998180033698923,0.386273356582275,1.1368622498160188,-0.35324137326458876,0.37900780490275043,1.1434432652522826
-0.39580334621130125,0.42731969901528893,1.0690256316335003,-0.37877288206497284,0.40780620370001824,1.0556563150848957,-0.35312714184423544,0.3961433083672188,1.0490380621855415,-0.3342040582408208,0.38795160607120593,1.0517545668224983,-0.3206236136182879,0.3806817880117244,1.0590392109638063,-0.3406693939367214,0.39346098941614455,1.0947463848704984,-0.3229081801262383,0.37752823540560526,1.1086148781493035,-0.311935539672456,0.3666579874245759,1.117422244104502,-0.3024371182337351,0.35945567381698146,1.1250212851554775,-0.3496164780503504,0.3992769312854828,1.108061534980386,-0.3331559911748023,0.3809845806904916,1.1265012311330551,-0.3225727298679281,0.3677611179017095,1.1371208596258642,-0.3121375030746488,0.35939699894127874,1.1446609664393963,-0.36027178110282765,0.4039969116448344,1.1143563629515545,-0.34715352986156317,0.38640089123791493,1.133778538413875,-0.33691323309910437,0.3747726725723344,1.1433016553661839,-0.326431976710844,0.3658521280269921,1.1505638494224841,-0.37129853824828457,0.4080738316310924,1.1173432195967339,-0.36246721302595725,0.3951622119885657,1.1318812587239582,-0.3558077762210501,0.3859860782192344,1.1403375696977442,-0.34884408217020507,0.37888048762994897,1.1468605222533144
-0.39698688853841074,0.42663007665258024,1.0776070428792877,-0.3795798924809426,0.40761815346346286,1.0640020769351315,-0.3536286991977177,0.3966703906939441,1.0573529831643806,-0.3345236605101523,0.38887881473553737,1.0599712493544269,-0.320727120089344,0.38177583717344454,1.06701028005464,-0.3406391691178862,0.3942907599695482,1.1026435196440763,-0.3221988396743217,0.3789608637699801,1.1163035710616072,-0.31074095384594674,0.3685069002288899,1.1249962302284746,-0.300941426127436,0.36158004252039183,1.132467953912101,-0.34966859780842763,0.39982837848345065,1.1161566693394234,-0.3323934516575991,0.382177964373805,1.1344763942254161,-0.32133770560002406,0.36930169287916736,1.1450411473625208,-0.31062327124062017,0.3612031510207707,1.152478900457153,-0.3605094472829296,0.40425867669654125,1.1226651883701377,-0.3466441223184795,0.3872183182516176,1.142063855777399,-0.3360375815281433,0.37588981634776997,1.1515472750279956,-0.32528592439593246,0.3672201844847337,1.1587174678597159,-0.37176146801094107,0.408088424859803,1.1258290673003646,-0.36249533149817603,0.3955228076862193,1.1403996125137135,-0.3555672065996016,0.3865350566210258,1.1488423692303587,-0.34838615777393095,0.3795918316172172,1.1553042208851365
-0.3991721038116393,0.42835478166850827,1.0876262090318616,-0.3814051474398295,0.4098439777243604,1.073797353979516,-0.3551812091497494,0.3995827858824096,1.0671234201325301,-0.3359109492919552,0.3921763046622601,1.0696468301189554,-0.32191047735080675,0.3852386811717044,1.0764439572148352,-0.34168306497408374,0.3975316427717891,1.111970953398993,-0.3225954790691928,0.3828115498991066,1.1254108716409066,-0.3106774860468103,0.37277851718878596,1.1339800327269127,-0.30059384997905114,0.36612549481991663,1.141321444923242,-0.35077486801914537,0.40278925011777483,1.1256727138220064,-0.3327123711254399,0.38579478880715046,1.1438527744214515,-0.32119874372746743,0.37327290310303224,1.1543542343149533,-0.31021754803992246,0.3654400771704883,1.1616867532650275,-0.36178338484000855,0.40692785011226273,1.132395506874905,-0.3471895272728301,0.3904567284319544,1.1517514057530303,-0.3362270306495599,0.37943299147850384,1.1611890852862128,-0.3252147087801985,0.3710161552875582,1.1682642494930435,-0.37324851591305325,0.4105083849405958,1.1357401575868644,-0.363558784262226,0.39829315713531166,1.15033310515891,-0.3563680957816485,0.3894968583270946,1.158757940542966,-0.34897581339681877,0.38271804734198933,1.1651558499882213
-0.39878604993847383,0.43096578434877014,1.0937529765669822,-0.3806754566674724,0.41295461643551357,1.0797117488710828,-0.35420829953684135,0.4033517470693776,1.0730182532363184,-0.3347880587816021,0.39631565459945894,1.0754501514196786,-0.3205953187655087,0.38954161838979234,1.0820093690021988,-0.3402272166865893,0.40165111428346134,1.117401131322765,-0.3205249506433916,0.3875451621137486,1.1306106467701669,-0.3081723816986982,0.3779355292906566,1.139048645480631,-0.29782126736882175,0.37155384698490185,1.1462574816628692,-0.34936207766683325,0.4066287423741472,1.1312816951087852,-0.33054144200822416,0.3903015172834697,1.1493035015364763,-0.31858526687131394,0.37814000288636457,1.1597337144300708,-0.30734968619721675,0.37057236464879173,1.1669585489189684,-0.3605204602856814,0.41047500294737305,1.1382186066389717,-0.34521842209816833,0.39458467401708347,1.1575130209414044,-0.33391072580608894,0.3838699690313598,1.1668991812447518,-0.3226476070345022,0.3757072392452323,1.1738765955902701,-0.37218641896832855,0.413805181991432,1.1417472646671785,-0.3620848244797218,0.40194380995024864,1.1563528269887353,-0.3546379694063913,0.39334161971320886,1.1647555287827525,-0.3470407477133412,0.3867289163089872,1.1710868587167378
-0.39533260410458293,0.4323756877648313,1.094853345182943,-0.37689438901468414,0.4148617183476725,1.080610981159063,-0.3502106106621058,0.40588946568667483,1.0739025502344066,-0.3306542564419291,0.39920944435239203,1.076246222907677,-0.31628040269276875,0.3925969835152805,1.0825717632881153,-0.33577410852051054,0.4045576457116855,1.1178025106646077,-0.3154901024039579,0.3910676723352696,1.1307727915549184,-0.30272856952405675,0.381881863390379,1.1390730937993556,-0.2921261401778793,0.3757682542866726,1.1461477691778093,-0.3449335424027554,0.4092569001365417,1.1318517451584251,-0.32538552760948286,0.39360544625220517,1.1496979554458058,-0.3130027266917935,0.38180908167295957,1.160049473280769,-0.3015249998773989,0.3745054826209728,1.1671645897965282,-0.356224222501646,0.4128114612291764,1.1390019041636774,-0.34023594318162487,0.3975114105529993,1.158216813041167,-0.3285941938883013,0.3871092217078262,1.167545963282528,-0.3170902216256139,0.3792013546262285,1.1744232137049244,-0.3680786870659292,0.4158909843946226,1.142717286643145,-0.35757738964653235,0.40438602966058496,1.15732603668268,-0.3498809993878896,0.3959801910565536,1.1657025621644197,-0.3420852699140974,0.38953493814775253,1.1719648843704047
-0.3911506825714255,0.43195271016806475,1.0945792380607282,-0.3724004987907453,0.4149326274687071,1.080146662873569,-0.34552401836062074,0.4065640015302466,1.0734273407318309,-0.3258441599911889,0.40022616978643233,1.0756859997050126,-0.31129983355030316,0.3937730618900384,1.0817822885669013,-0.33066085906909604,0.40561571051194223,1.1168293112737273,-0.3098280896522972,0.3927411966251981,1.1295529539444735,-0.29668300711367257,0.38397774872225,1.1377101354841295,-0.28584488024336346,0.37812827522872294,1.1446496903557124,-0.3398273569966999,0.41003961061776845,1.1310368529391297,-0.31958391139595793,0.3950697454647461,1.148691488596176,-0.3067908543744923,0.3836421197104932,1.158957401074248,-0.2950830226834925,0.37660084040032404,1.1659611656149997,-0.3512331381636789,0.4133042890182882,1.1383987059795755,-0.3345819076963883,0.3986019127529773,1.1575169173383093,-0.32261756496465,0.38851494759028204,1.1667838769480847,-0.31088270488771497,0.3808621668182373,1.173558854320964,-0.3632638313852715,0.4161336369992811,1.1423030139618573,-0.35237533085820505,0.40498678113504805,1.1569059235779096,-0.34443623253495637,0.3967791282286713,1.1652524124432244,-0.3364485289640789,0.39050232571689203,1.1714435112463812
-0.38836103688054197,0.43023220729871603,1.0965056781117823,-0.36931413155860204,0.41370190759292425,1.0818934769521686,-0.34226643129909023,0.4059107587750541,1.0751667911989464,-0.3224745294618981,0.39990170190182706,1.077343562701012,-0.30776985972393683,0.3936055454032928,1.0832151785154696,-0.32700608394466285,0.40535732011535175,1.1180586777652954,-0.3056572688535715,0.39309555744375874,1.1305296738200712,-0.2921536117915261,0.3847512965806694,1.1385393792681655,-0.2810947983035391,0.379161446878766,1.145343420756292,-0.33616322499928897,0.4095101305642338,1.1324140244005196,-0.3152571318405346,0.39522502846377816,1.1498625555561777,-0.302070499720965,0.3841685720235963,1.1600365125872774,-0.2901443546742053,0.37738737224077623,1.1669276698776037,-0.3476674025432948,0.4124878081103913,1.139985376287903,-0.3303776172687992,0.398388426150734,1.15899064142671,-0.3181023772094935,0.3886186293998384,1.168190557542509,-0.3061465676004695,0.38122065072134603,1.1748614526127816,-0.359862166367948,0.4150681776155063,1.1440803028032327,-0.3485992170830915,0.40428025492260666,1.1586687744853272,-0.34042439527932,0.3962722205945128,1.1669815597870923,-0.3322513198261568,0.3901645355377683,1.1730994338772527
-0.3874241548400454,0.42805889522535645,1.1001249435577638,-0.3680953373477443,0.4120135593218526,1.0853433386540903,-0.3408956923657579,0.40477466558325303,1.0786123565007668,-0.32100216288751715,0.3990814503773864,1.0807102751190616,-0.30614677679141444,0.39293969036551646,1.0863619172628505,-0.3252678631440309,0.404624244072165,1.1209848233307051,-0.30343519772612493,0.39297052518821796,1.1331985053770834,-0.2895972960355375,0.385040757059827,1.1410573907304549,-0.2783321553194249,0.37970553939079377,1.147726034752617,-0.33440039234584407,0.40851130604340624,1.135477421981554,-0.3128649255896707,0.394911613835928,1.1527068200014656,-0.2993015805654986,0.38422764242862617,1.162783045686929,-0.28716862020118333,0.37770381183096546,1.1695606973526511,-0.3459868520967391,0.41120581699462116,1.143255482936759,-0.3280837689998117,0.3977127165220875,1.1621325908916722,-0.3155094901168786,0.3882612915028917,1.1712609521512782,-0.30334259624712717,0.38111735083080484,1.1778262486570847,-0.3583337113260747,0.41353905768202476,1.1475422267479147,-0.3467092406341529,0.4031100928741495,1.1621081178229316,-0.3383058012610564,0.39530271777440074,1.1703837341474783,-0.32995399298462436,0.3893644953194662,1.1764265956458058
-0.3879631707494355,0.42624937495182713,1.1026990154925864,-0.3683667863863429,0.41068353701601734,1.0877578561438175,-0.3410324794091372,0.4039726643159278,1.081025231088739,-0.3210467874590755,0.3985828498825389,1.083047233725187,-0.30604982086728255,0.3925928027290861,1.0884836938945615,-0.3250667135460773,0.404230523715567,1.122871469922203,-0.30278164392868717,0.39317834493025616,1.1348244397812763,-0.2886330128181446,0.38565705556441765,1.142530104498804,-0.2771752232494358,0.38057108990790867,1.1490639217264362,-0.33416058910065227,0.40785809245579036,1.1374908004230742,-0.3120291881463084,0.39494207917737456,1.1544895593619726,-0.2981060508659019,0.38463084993204616,1.1644628585684742,-0.2857774437224008,0.37836125990052916,1.1711264418169076,-0.34581388712336364,0.41027411427506344,1.1454722392164671,-0.32732338158309965,0.39738862005336895,1.1642070889091378,-0.3144620134428049,0.38825605641028504,1.1732597346257205,-0.30209378592465935,0.3813649406809425,1.179718200777791,-0.35830110469177356,0.41236266899233054,1.1499515240613873,-0.3463281360604873,0.4022919189461345,1.1644871638581689,-0.3377032718295668,0.39468586163620567,1.1727223526230275,-0.32917937626629235,0.3889171372704825,1.1786886233273484
-0.3893703565537492,0.42529413491517887,1.1028955707922525,-0.36952025698668234,0.41020175818188453,1.08780433011585,-0.3420667753493009,0.40399569574124244,1.081072352291911,-0.3219975186142116,0.39889734954003014,1.0830212692025536,-0.30686762266176576,0.39305623351736135,1.0882473942591344,-0.3257921345092155,0.4046644716893324,1.1223878444681865,-0.3030851723809285,0.3942057371153432,1.1340778921251338,-0.28864838568203666,0.3870857846124176,1.1416288053766965,-0.2770109301130627,0.38224338275479663,1.148028768513588,-0.3348345520730935,0.4080395583101154,1.1371234976707536,-0.31214053086654525,0.39580328330230197,1.153881632652989,-0.2978744670546714,0.38586405957449266,1.163747389205087,-0.28536102209215075,0.37984521461776766,1.1702966529444518,-0.3465399807529327,0.41018250041037224,1.1453044984251073,-0.3274883134859695,0.3979040664311568,1.163884148121638,-0.3143518294069988,0.389090171536886,1.17285727168263,-0.30179186656182977,0.382450250817279,1.1792079487440585,-0.35915611003185494,0.41202934162182336,1.1499765956032948,-0.3468476906702226,0.40231534417693693,1.1644747980815138,-0.33800864588181084,0.39491089686572306,1.1726665117020267,-0.3293192859425039,0.3893114130523736,1.1785548193848623
-0.3905659914206649,0.42521448800006956,1.1013747093435942,-0.37047551219217617,0.41058905369721066,1.086142468889292,-0.3429167278937079,0.4048656201178654,1.0794131222266123,-0.32277171574432884,0.40004732095202633,1.0812916737060176,-0.3075170652512382,0.39435228466964733,1.0863123281559048,-0.3263615273201908,0.4059456055033778,1.1201954163736982,-0.30326210398196063,0.3960708281458563,1.1316214343058966,-0.28855870673466466,0.38934411329315866,1.1390168546079857,-0.2767538685010396,0.3847393425342416,1.145284281237781,-0.3353409248553222,0.40907581910653446,1.1350371624890592,-0.3121172179670354,0.3975133120615803,1.1515461897734043,-0.2975249372305377,0.38794443062753914,1.1613003554655417,-0.28483707956513676,0.3821725149288791,1.167735331145447,-0.34708456470286797,0.41095170534202685,1.1434134806511507,-0.32749816355246497,0.3992780248616157,1.1618261779955266,-0.31409849877931445,0.3907819584500326,1.1707163266502056,-0.30135621368706783,0.38439121730674103,1.1769585146672872,-0.35981849553773354,0.4125602646581049,1.1482782322368696,-0.34718762920671054,0.40320089410172666,1.1627323045750286,-0.3381416652249039,0.39599800430382504,1.170877710580608,-0.32929341531459827,0.3905672303335482,1.1766868869514093
-0.3904329548010287,0.4256247712481897,1.0994002939836949,-0.3701149198794678,0.4114593482568248,1.0840357216877536,-0.34246325736439365,0.4061973784940096,1.0773107217010731,-0.32224959158016403,0.40164818399063373,1.079121528688262,-0.3068779111944345,0.3960963138671645,1.0839415858746702,-0.3256548392271152,0.40768680810015684,1.1175592388045237,-0.3021911862676697,0.39838531607618816,1.128721125210193,-0.287241627419774,0.3920429543466242,1.1359610121368313,-0.27528099123727146,0.38766970134598533,1.1420975092097807,-0.3345608765268428,0.41058021082003704,1.1324970828523937,-0.3108398043704055,0.3996836772668544,1.148749971978527,-0.2959377716354358,0.390482618359161,1.1583890503932,-0.28308552653018276,0.3849535376952142,1.1647100248225863,-0.3463296249407088,0.41219557220239483,1.1410640988967724,-0.3262348840908076,0.4011227059949153,1.1592992949090284,-0.3125838792804166,0.3929430215225801,1.1681033697158922,-0.29966847191131574,0.3867990912211994,1.1742366140380434,-0.3591706114538037,0.41356968003123007,1.1461209424750227,-0.34623019859895404,0.40456219935009363,1.1605246855845583,-0.33698456565270946,0.397560487110518,1.168621167656056,-0.3279839298243601,0.3922976345117966,1.174350242599544
-0.3891401051549825,0.42587540620443265,1.0979739481537945,-0.3686068405145832,0.41216267532881795,1.0824853107516357,-0.3408734322988484,0.4073420136433875,1.0757661084100456,-0.32059757794810523,0.4030514289574354,1.0775117001180496,-0.30511617475570074,0.3976397480759902,1.0821360526414572,-0.3238379876363212,0.4092373247723987,1.1154819391879864,-0.3000370418017865,0.40049746893930405,1.1263804881558344,-0.2848606207159239,0.3945299851611619,1.1334654161828532,-0.2727550811236619,0.39038203444547914,1.139472842592269,-0.3326615009246553,0.411902319261788,1.1305061701507575,-0.3084745525788423,0.40166237025637574,1.1464972641332358,-0.29327890884164187,0.3928258388032061,1.1560182945727624,-0.28027189375699946,0.38753526593988274,1.16222579425755,-0.34444308017572334,0.41326411633831295,1.1392589461255873,-0.32386617615680613,0.40278663364059086,1.1573072902821582,-0.3099755246879991,0.39492132588284107,1.1660225435345395,-0.2968959580969692,0.3890215204948866,1.172046624140601,-0.3573807545649593,0.4144079660190678,1.144506945015745,-0.3441435401484681,0.40574907050485054,1.1588546448873693,-0.33470545482226804,0.3989478363231959,1.1668997976999795,-0.3255588453799835,0.3938518692266291,1.1725479848037814
-0.3882923829384067,0.42545808426685683,1.0978642867075177,-0.36755568998104393,0.4121903797219943,1.0822594985084566,-0.33975051062473177,0.40779187917437615,1.0755473018226385,-0.3194183431078373,0.40374989364109204,1.0772300953407492,-0.3038341083354553,0.3984753989811495,1.081663615800909,-0.32251298935868766,0.4100879469974727,1.114732965281078,-0.29840033988014436,0.4018972782676373,1.125369767107253,-0.28301519351594595,0.3962947710851798,1.1323008571649962,-0.2707749782777492,0.3923658664641333,1.1381812989362783,-0.3312459421504736,0.4125331797240591,1.1298342069226313,-0.3066236161713422,0.40293903645476015,1.1455591422477283,-0.2911501075209835,0.39446305110528657,1.1549596794528008,-0.2779975255782152,0.38940647564590036,1.161054454906678,-0.34302890940358566,0.413648728423284,1.1387675483101964,-0.3219956353095586,0.4037598478119656,1.156620860905327,-0.3078768356721769,0.39620639561520365,1.1652448831870603,-0.2946418149727507,0.39054774798082076,1.1711598005160602,-0.35605331018217556,0.41456683365686076,1.144205425873791,-0.34253183591669634,0.4062527031757899,1.1584918451827786,-0.33290845373538114,0.399650946352079,1.1664834687368208,-0.3236221685908929,0.39472060183978136,1.1720501530016099
-0.38899738130518513,0.4243213039013082,1.0993378855576328,-0.3680684928190615,0.41149074944894504,1.0836245048706001,-0.3402004685488873,0.40749623457734485,1.07692036699383,-0.31981731569836136,0.40369337158801105,1.0785426462445706,-0.3041367058904196,0.3985530979191337,1.0827900965019914,-0.32278454745889334,0.41018661642540816,1.1155796003752059,-0.2983844275971613,0.4025320226497634,1.1259569708065473,-0.2828075673463036,0.3972842302352667,1.1327358294321157,-0.2704422675723668,0.39356807816251166,1.1384915510460352,-0.33141999198043626,0.41242085142484164,1.1307488523045188,-0.30639171058153647,0.40346049691449765,1.1462045079017225,-0.29065563188624366,0.39534046237587883,1.1554825876453094,-0.27736626297498035,0.3905132269762567,1.1614655741326643,-0.3431937577805574,0.4132977036831155,1.139857362872356,-0.3217293820841625,0.4039894313671939,1.1575085948955177,-0.3073936994844389,0.3967448304330021,1.166039296233006,-0.2940116545372568,0.3913241189639637,1.1718452477634858,-0.35629537431819214,0.41399480845537256,1.145483530661878,-0.34250193416643826,0.4060211832147184,1.1597039075184206,-0.3327003163633655,0.3996176461540775,1.1676400102365105,-0.32328052268397234,0.3948514693695042,1.173124753475204
-0.39026352092277994,0.42217657036938283,1.1017029045173776,-0.3691531486511354,0.40977519614747415,1.0858880401994007,-0.3412302653626957,0.40616737631792654,1.079192921425929,-0.32080097956962056,0.40259459104506534,1.080756879350496,-0.3050300568230977,0.3975855920061543,1.0848229210842382,-0.32365826104402984,0.4092445730139325,1.1173305997120047,-0.29899353909188464,0.40211243619451453,1.127451498269879,-0.2832408757707592,0.3972087959809018,1.134080128272568,-0.2707594612898495,0.3936990683123138,1.1397134985135686,-0.33219028105434106,0.41127655875897956,1.132559247797944,-0.30678429842649524,0.40293692424386096,1.1477436692732839,-0.29080045574558366,0.39516768149201154,1.1568977687678204,-0.2773826559263017,0.3905649958562809,1.1627700415747666,-0.34394509576528337,0.41192238097021217,1.1418373638050032,-0.3220742490362473,0.403185662255987,1.1592805618759519,-0.3075326847406857,0.39624646967022814,1.167716166045241,-0.2940117587556741,0.3910602413639277,1.1734135259106537,-0.3571148704343325,0.41240337777008734,1.147649939334339,-0.34306147526463354,0.40476562195024623,1.1617999774573005,-0.3330885701025877,0.39855882231193857,1.1696787797568466,-0.3235412984302901,0.3939551856765859,1.175081325068412
-0.39041941286083526,0.4180837615294928,1.1037704832967101,-0.36913786752223804,0.4061033932582615,1.0878607869601309,-0.34116729610407404,0.40286581791092985,1.0811754574346002,-0.32069633204667336,0.3995143065655304,1.0826832635472021,-0.30484086630674806,0.39463354270183904,1.086572623559605,-0.32346003252722066,0.40632147740377245,1.1187975293702923,-0.2985521770683643,0.3996978860257635,1.1286654190081125,-0.28263849030761795,0.395127765183088,1.1351461129470386,-0.27004931849152247,0.39181820953061786,1.140659582851929,-0.3318836390790177,0.40815991291102593,1.1340773435586038,-0.3061268857794701,0.40042717394140115,1.148989570762037,-0.2899095654479745,0.39300307619419367,1.1580185901576712,-0.2763712850283837,0.38862004477597945,1.1637813719371901,-0.34361052675929593,0.4085824840699597,1.1435193655474707,-0.3213571066275129,0.40040736673574795,1.1607496324777609,-0.30662036590711417,0.39376977416210207,1.1690886816664368,-0.2929684088008403,0.38881438386689643,1.1746780006914959,-0.3568397930527427,0.40885244921381814,1.1495161971695274,-0.3425381472968446,0.40154555656233704,1.1635920295460882,-0.3324007922678889,0.3955337616731773,1.171411945148201,-0.32273192505958204,0.3910908489533793,1.1767321797267625
-0.389940349033449,0.41184727693991097,1.1050389822794178,-0.3684974945659008,0.40027938096376564,1.0890408696281113,-0.3404856941524769,0.3973965062156615,1.0823658069888216,-0.319977116836962,0.3942578164457059,1.0838195470042489,-0.30404258670604256,0.38950219260207397,1.0875370142056962,-0.3226625567131499,0.40122151536751527,1.1194789929347702,-0.297531647998263,0.39509240477565494,1.1290977196032579,-0.28147060023403603,0.3908453519204208,1.135433026346101,-0.26878146148403936,0.38772991983385097,1.140829191347415,-0.3309735928134839,0.4028751003729299,1.134802165427704,-0.3048915916951795,0.39573490173259096,1.1494420729996184,-0.2884545216190487,0.38864994170156036,1.1583453289215964,-0.2748033224096444,0.3844816351606231,1.164000029240519,-0.3426643137042523,0.40308237688397364,1.1444023248988744,-0.32005139529301524,0.39545814414145103,1.1614157415308566,-0.30512985452348756,0.3891180331096173,1.1696570713247962,-0.29135441598819467,0.3843896917780102,1.175139077744478,-0.35594479039353105,0.4031466370630543,1.1505810418480449,-0.3414062697134649,0.39616524011812837,1.1645791960754124,-0.33111117707030974,0.39034644965844967,1.1723388010815834,-0.32132642069957984,0.386062262432208,1.1775767057270026
-0.3912325821482421,0.40448396464948383,1.106598465322779,-0.3696375968482214,0.39331996740619884,1.0905182411676537,-0.34159034028249463,0.3907771749779452,1.0838538585063484,-0.3210477877155913,0.38784361676682655,1.0852553745672344,-0.30503922123188354,0.3832102737841866,1.0888054031545937,-0.3236695605027423,0.3949617720121831,1.1204652605445038,-0.2983344086704445,0.38931287886630095,1.1298390836742163,-0.2821387069585735,0.38537846771783724,1.1360318600903956,-0.26935689771975846,0.3824511990102066,1.1413134513771168,-0.33186469128558627,0.3964391043040225,1.135824466060378,-0.305481692418313,0.38987648908240996,1.1501928189546886,-0.2888380111414026,0.38312437959462586,1.1589699932356725,-0.27508105226570057,0.37916588233952003,1.1645181494108758,-0.3435118019044946,0.39643906764099923,1.1455770042469817,-0.3205615638542784,0.3893543277759466,1.1623705263302664,-0.30546525545796605,0.3833072509557633,1.1705132063767476,-0.29157357640597426,0.37880203685772884,1.1758887632800434,-0.35683573037599076,0.3963030302475603,1.1519350645746904,-0.3420713525980933,0.3896415318790154,1.1658524780182116,-0.33162505838898465,0.3840135849289942,1.1735505216151965,-0.3217299322698415,0.37988602704619207,1.1787062085247075
-0.394780412236498,0.3957199042447165,1.1099318284653648,-0.3730418534739513,0.384951752645206,1.0937752877622153,-0.34496424133700376,0.3827351108634092,1.0871222744335405,-0.32439099709255803,0.37999961038278873,1.0884732501512489,-0.3083129689701381,0.3754859655459454,1.091859810797487,-0.32696291334005706,0.38726919223375944,1.1232395091856286,-0.3014411517755235,0.38208606942950074,1.132373150126972,-0.2851226812298008,0.3784535312721091,1.1384264971638862,-0.2722550111768511,0.3757083084264025,1.1435961755832789,-0.33503961855111414,0.388578463402725,1.1386278692221148,-0.3083787187449602,0.3825778315759547,1.152726413539834,-0.2915409847483783,0.37615194789539896,1.16137746146049,-0.27768500407763047,0.3723982953290105,1.1668205806979854,-0.3466364871365741,0.38837877040191815,1.1485270349227705,-0.32337018285035646,0.38182158503246477,1.1650984486937974,-0.30810880104498706,0.37606276043781794,1.1731417731485216,-0.29410781105972283,0.37177659672997465,1.178411819929656,-0.35999668554960373,0.38804761625937356,1.1550617153043612,-0.34501709263517466,0.3817003459015144,1.1688957589562632,-0.3344259363546507,0.37626104825628337,1.176531214054991,-0.3244258073329755,0.37228798463554286,1.1816050240153595
-0.39740189888045807,0.3838846702893211,1.1142156345268095,-0.37552826707518855,0.3735044189325345,1.0979876818878385,-0.34742488273880945,0.3716004365076574,1.0913466706530404,-0.32682406172592005,0.36905553181092493,1.0926490187978828,-0.3106810668263839,0.3646586642558648,1.0958764082082182,-0.3293584345716962,0.37647385400181665,1.1269784250926889,-0.30366642499564245,0.37174226843285235,1.135876807763368,-0.2872361019409022,0.36840090932500147,1.1417937857416183,-0.2742888303343718,0.3658316871084589,1.1468540239941967,-0.33731483682182656,0.37762283621315135,1.1423893770850322,-0.3103977148197264,0.3721685160656202,1.1562204669743075,-0.29337793748402946,0.3660618789847976,1.1647456098087465,-0.2794293019019413,0.3625080026432174,1.1700851962457044,-0.3488554372770743,0.37723089533570486,1.1524293503402783,-0.32529340366094694,0.3711889856862072,1.1687772936096505,-0.309876292100571,0.36571345973459196,1.1767208564307807,-0.29577261956473383,0.36164215896057095,1.1818864390680615,-0.36224501339574033,0.37670975283554203,1.1591377036443948,-0.34706047894330694,0.3706708566799247,1.1728861019265597,-0.3363306633550377,0.365417851294242,1.1804581370992404,-0.32623075433812976,0.36159699701189363,1.185450558646123
-0.3962879084746908,0.37021028408092804,1.116454791588735,-0.37428770910967957,0.3602088240574943,1.1001601955908382,-0.3461628342460974,0.35860474765121175,1.093530961604634,-0.3255373840025047,0.3562425052298219,1.0947867840453473,-0.3093340091304796,0.35195887563160994,1.0978602074218258,-0.3280449268062703,0.3638071373199152,1.1286866034240248,-0.30219767865075736,0.35951340899942796,1.1373544827554123,-0.2856652957572063,0.35645369616382105,1.143138019561769,-0.2726441865571825,0.3540551530612636,1.14809144890015,-0.33587957642949084,0.36480372933383765,1.1441139301844307,-0.3087261900587905,0.35988062584526126,1.157679945565417,-0.2915358091526815,0.3540861858679485,1.1660797769323774,-0.2775006051694723,0.350727090762879,1.1713176375830334,-0.3473583038066432,0.3642273686472376,1.1542888799424489,-0.32351993461199346,0.3586882290194112,1.1704127577577217,-0.3079560376483293,0.35349106059353064,1.1782564466387653,-0.29375602169006776,0.34963045473068866,1.1833188158598076,-0.3607704266370778,0.3635219608670578,1.161167800297173,-0.3453908572476069,0.3577851445135548,1.1748284954537576,-0.3345284697866619,0.3527156579956076,1.1823363293550402,-0.32433376833995764,0.34904447060370125,1.1872477250878852
-0.3931149971240132,0.35915660651650266,1.1153932501531432,-0.37099560424833067,0.3495242318499915,1.0990377724612377,-0.3428531317180705,0.3482085840146233,1.0924197137496485,-0.3222055506343012,0.3460227242600855,1.0936304530005163,-0.30594581312753216,0.341849459647567,1.0965544177256814,-0.32469690460566636,0.35372896769966333,1.1271076604771102,-0.29870837809436857,0.34985942068202935,1.1355499094580512,-0.28208299265978476,0.34707255014828275,1.1412032922104844,-0.26899354156684285,0.3448398351466908,1.146053035485262,-0.3324088761541118,0.35458132715270146,1.1425457649188735,-0.30503794310294163,0.3501742222356107,1.1558495073559112,-0.2876877579643694,0.3446851476794002,1.1641249549882027,-0.2735717576341776,0.34151614003961495,1.169263201793086,-0.34382081172532525,0.35382875512508943,1.152850118909695,-0.31972446707772295,0.3487795526386377,1.1687498383523016,-0.3040223180649621,0.3438556140885479,1.1764936261296832,-0.2897320004774302,0.3402015562540284,1.1814541702089865,-0.35724922301439976,0.35294516139981424,1.1598965368670453,-0.3416841262184155,0.3475039545801607,1.1734677504722428,-0.3306950093043688,0.3426150419072383,1.1809106374875442,-0.3204102212116764,0.33909096100474784,1.1857413051618568
-0.3920890275716999,0.3528881015177595,1.113698803069874,-0.3698562818426229,0.34361754802196154,1.097288023421636,-0.3416993583359086,0.34257961019331806,1.090682061405843,-0.32103167096973617,0.3405663898436194,1.0918483031340653,-0.3047185019911405,0.3365023520772136,1.0946247911924134,-0.32351822780488154,0.3484068625310614,1.1249097786160245,-0.29740173169502643,0.34494710467980993,1.1331321370830907,-0.2806922060917755,0.34242261910645844,1.1386593019503701,-0.267539660104426,0.340349886403869,1.1434083091327583,-0.3311073859307322,0.34912221478392613,1.1403536870961242,-0.30353720442302506,0.3452144527562716,1.1533995523506877,-0.28603739240353065,0.34002375520337413,1.1615515542850514,-0.27184588778394414,0.3370401803380827,1.1665919047318303,-0.34244863704636647,0.3482004739291603,1.1507821889414167,-0.3181116311334775,0.343628076484652,1.1664580517337573,-0.30227943648423683,0.33897167320880245,1.1741019005500504,-0.28790454028348267,0.33551981432566624,1.178961874052211,-0.3558882716548053,0.3471435665274778,1.1579930907382638,-0.3401467463536012,0.34199206814185434,1.1714735675182213,-0.3290364239697241,0.3372812690349517,1.178851089669819,-0.3186661636571878,0.33390204333511303,1.183601868260568
-0.39500153700976615,0.34920487990746624,1.1144476710119506,-0.3726621007003798,0.3402911560110824,1.0979841675842725,-0.34449330316203525,0.33951951537114033,1.0913923691635274,-0.32380764654827326,0.337673337480228,1.0925156298917478,-0.30744411464175303,0.33371665051498994,1.0951470216969617,-0.3262987155625014,0.3456436511202998,1.1251697058432735,-0.30006659977540834,0.3425796997173957,1.133178249739607,-0.28328113637380226,0.340305747628193,1.1385827094771939,-0.27007010893772276,0.33838625307795667,1.1432327687003512,-0.3337654330150003,0.3462275534311968,1.1406144525711766,-0.30601329243113345,0.3428024112382182,1.153407701050124,-0.28837357702285316,0.33790231763016787,1.1614371107599588,-0.27411142545139255,0.33509902630218724,1.166380616120939,-0.345032581927817,0.34514200987585425,1.151161651274776,-0.3204713807714445,0.3410334732086382,1.1666146986664452,-0.3045170682015674,0.3366387619427107,1.1741589234057357,-0.29006301522831573,0.3333845422767705,1.1789194611889586,-0.358478645066061,0.34391538840784985,1.158533700261625,-0.3425694370184287,0.3390480263033955,1.171922602161399,-0.33134333740590444,0.33451310489064834,1.1792347769450378,-0.3208922695380015,0.3312764293028392,1.1839070862304235
-0.3997467255536563,0.3463311521314949,1.1167092127458913,-0.3773096455170767,0.3377649081098934,1.100194106441972,-0.34913193959172273,0.33724787948712853,1.0936155077583076,-0.3284308420593734,0.3355577779084771,1.0946992949241905,-0.3120216294462761,0.33170263452874676,1.097193364283496,-0.3309310695009862,0.34365978688414234,1.126955741229687,-0.30459402901548194,0.34098009313315647,1.1347549727349155,-0.28773916674871514,0.3389487095213385,1.140038714151355,-0.2744735876735809,0.33717802698848026,1.1445914991444437,-0.33827550064266254,0.34411840434130436,1.1423961280478763,-0.3103560186241999,0.34116256622373586,1.1549398777869455,-0.29258574444051644,0.33654521829264217,1.162848060312729,-0.27825777398244517,0.33391699359043553,1.1676964984569391,-0.3494646678337406,0.34287586638063094,1.153056088862632,-0.32469503823804136,0.33921871046578195,1.1682882919135753,-0.3086261064092002,0.335080783795154,1.1757338205283676,-0.29409809356255645,0.3320199665899743,1.1803964971992809,-0.36291098076763606,0.3414852019521007,1.1605854364231545,-0.34684248983252103,0.33689512489286677,1.1738817366716794,-0.3355060962892328,0.332532663464605,1.1811283797921326,-0.32497854110299773,0.32943544485111864,1.1857228526845962
-0.4030008415392682,0.34355206314175063,1.1168719711638,-0.38047301474248013,0.33531781561356977,1.100311596141059,-0.3522898511926964,0.33504662164487586,1.0937416542379157,-0.33157526870190823,0.3335046041909602,1.0947879483720304,-0.3151246990381113,0.3297456622104013,1.097153087681351,-0.33408984935233255,0.341735333345794,1.1266544404264127,-0.3076574609714098,0.33942905973591436,1.1342477545067564,-0.2907388571662522,0.33763733564265364,1.1394131581525113,-0.2774228296672212,0.3360141973974482,1.1438727085677551,-0.3413121639499403,0.34207778267061506,1.142086231354111,-0.313238064678645,0.3395796489269668,1.1543819375386792,-0.2953459420028091,0.33523879918808486,1.1621710881366878,-0.28095705582073977,0.33278166876448334,1.1669279904366883,-0.3524197751497103,0.3406886244389542,1.1528535799842128,-0.32745646149830193,0.3374700405956761,1.1678670086087484,-0.311279839345412,0.3335844282517358,1.1752146487768826,-0.2966828628054446,0.330713305246777,1.1797816216862926,-0.365860164815048,0.33914289064742426,1.160536689892328,-0.3496403428403667,0.33482204174943375,1.1737391308996146,-0.3381987772349047,0.33062758769829387,1.180919371599297,-0.3275983081739338,0.327666517000408,1.1854352855165518
-0.4027772058038543,0.3360514549244929,1.1132369345987856,-0.3801588236169861,0.32814148731796366,1.0966419644828835,-0.35197219794966383,0.328110530587728,1.0900813573749784,-0.33124474598620546,0.3267221202776519,1.0910871053177218,-0.31475319995471907,0.32306303363927197,1.0933197641571624,-0.33378676345340885,0.3350628078496133,1.1225677168524117,-0.307269130317311,0.33311500272802147,1.1299616102972716,-0.2902937780972896,0.33155411600439233,1.1350145178175075,-0.2769319406531195,0.3300737302521072,1.1393858464672553,-0.34088845581494986,0.33529707749376236,1.1379884780269278,-0.31267419283419606,0.3332389391187419,1.1500425040578877,-0.29466806451601674,0.3291691247001503,1.1577143911092365,-0.2802224684597322,0.3268798867870799,1.1623823456213225,-0.35191322687262355,0.33376918401058103,1.1488594923168043,-0.3267695443398629,0.3309754426627788,1.1636554237660963,-0.3104918568910781,0.3273355856626956,1.1709050607186446,-0.2958305717331724,0.32464990815060685,1.175377886088909,-0.365345443230453,0.3320737304154763,1.1566940305629443,-0.34898183759601054,0.3280164164768349,1.1698023265194846,-0.3374395469249434,0.3239874926249965,1.1769158364447798,-0.3267697825285771,0.3211607295643551,1.181353955508478
-0.40034305837464107,0.31854359069609506,1.1073460346934707,-0.37763605617432017,0.31096645675840084,1.0907168156558813,-0.34944563214971874,0.31116654132542254,1.0841755352053575,-0.3287061943595968,0.30993619335463474,1.0851390916548564,-0.3121730126233095,0.30638281303804904,1.0872300629673655,-0.3312882419127092,0.3183727243327473,1.1162412684907452,-0.3046956266148906,0.3167666263947052,1.1234455542459016,-0.28767099354354186,0.31541582813440383,1.1283920719717113,-0.27426687843762976,0.31406589029023324,1.1326753093067694,-0.3382718396903849,0.31849925277961755,1.1316480347710927,-0.30993334625755353,0.31685863772492495,1.1434725129782954,-0.2918206197455102,0.3130513215862084,1.1510273378909563,-0.2773213387829653,0.31092459282288426,1.1556048406279644,-0.34921362646682297,0.3168313396933312,1.142618816280724,-0.32390208810623977,0.3144495496601728,1.157199023807968,-0.3075300585451128,0.31104714395819993,1.1643508897948205,-0.29280867436575475,0.3085414210174895,1.1687297610376628,-0.36263759936691126,0.31498282785269716,1.1506022210747122,-0.3461376226059565,0.3111867817582787,1.1636175047664918,-0.3344991839844886,0.30732355224368846,1.1706659747400758,-0.32376488679943033,0.3046300411349002,1.1750307455643254
-0.3995640895820285,0.29597056050326565,1.101059682884523,-0.37678431345923385,0.2887236789213993,1.084382862427103,-0.3485913452259967,0.2891386712186784,1.0778626849719968,-0.327842945049442,0.2880415872595919,1.078793691906016,-0.3112745942030337,0.28458084011194595,1.0807578075949504,-0.3304589842199894,0.29659608866955744,1.1095340668519884,-0.30379873065119706,0.2953242859266212,1.1165527469014753,-0.2867285108293419,0.2941725659213829,1.1213913377117135,-0.2732835043057552,0.29294641213047634,1.1255826504518773,-0.3373253665383092,0.29661429990992183,1.1249207875537506,-0.30887309880593206,0.2953812564571145,1.136519415808917,-0.29066148663507174,0.2918253246564567,1.1439581272906463,-0.276111849852832,0.2898536344573879,1.1484443464376204,-0.34818077202765074,0.29480669045485886,1.135984170214062,-0.3227143385981369,0.2928266286638005,1.1503532158734842,-0.3062544385133745,0.2896574437904502,1.1574099049018671,-0.2914770226677764,0.2873271160954136,1.1616959131535227,-0.36158969520931666,0.29280646200916854,1.144110956779782,-0.3449604908181686,0.2892655299060924,1.1570333470307894,-0.33323126074092474,0.2855647850658024,1.16401821454698,-0.32243686689666945,0.2830006602165485,1.1683121274234922
-0.4009930798285133,0.27755571046785443,1.0952849335762849,-0.3781556745994395,0.2705978198119938,1.0785639134680671,-0.34996646097412076,0.27121782729246924,1.072043774177876,-0.3292119640652982,0.27022207653102703,1.0729525180877284,-0.3126188206125375,0.266829856212209,1.0748247367431851,-0.33184892676754674,0.2789195013850726,1.1033439799236593,-0.30512533754562576,0.2779824314307756,1.1101718750023124,-0.2880102587373229,0.27704843202472057,1.1148976074599228,-0.2745268475936503,0.27595794385427824,1.119002143426986,-0.3385972832272784,0.27884382708432487,1.1187056655172816,-0.3100346830968431,0.278023492982201,1.1300672251999428,-0.29173178075650263,0.27471377723284984,1.1373946698377155,-0.2771370582671124,0.27289395485787127,1.1417978478890893,-0.34936083485630876,0.27691656543317644,1.1298540311110723,-0.3237521170265896,0.2753273560533124,1.1440172699406481,-0.3072096515962217,0.27239245464795603,1.1509816144777207,-0.2923805396749642,0.2702360503686476,1.1551791939211913,-0.3627419809528162,0.2747862215862086,1.1381178846466384,-0.34598974634168694,0.2714857353477067,1.1509446626818134,-0.334174238383641,0.26793768736704787,1.1578630333004551,-0.3233210578473173,0.26549672984005995,1.1620798521364901
-0.4004315912101032,0.26362469311836195,1.090274648615401,-0.3775209030386244,0.25692630942652156,1.0735479078431702,-0.3493397144708406,0.2577599010231798,1.067016895179717,-0.3285777662635698,0.2568955670396641,1.0678891969706572,-0.3119566557249149,0.2535858623598055,1.0696581826752551,-0.33125797332708357,0.26568268696796016,1.0979230018043162,-0.3044781846401507,0.26506412088601206,1.1045644448773086,-0.2873243508651249,0.2643559755721826,1.109187792344148,-0.273809097388139,0.26340735033792717,1.113222242696037,-0.3378908553667141,0.2655341233089479,1.1132623801060684,-0.3092275115886025,0.2651105806255233,1.1243895292344854,-0.290839118123946,0.26204979780295734,1.1316103665573471,-0.2762040537443057,0.26038482122868556,1.1359403086564743,-0.3485640894294779,0.26350987954597704,1.1244955312529832,-0.3228223702102263,0.26229528242888933,1.138453252949564,-0.3062018123069404,0.2595885137333391,1.1453234321188026,-0.2913251142523617,0.2576035163337709,1.1494363329551773,-0.3619179701983773,0.26126734420939907,1.1328965002169653,-0.34504835445388793,0.25819843690917077,1.1456265701797104,-0.33314887286016137,0.25479819048533564,1.1524748828809783,-0.3222376098446736,0.252479285978267,1.1566099020819591
-0.3948395589285207,0.24950912672099307,1.0857029092444854,-0.37183187951755065,0.24312932155007758,1.0689847572073001,-0.3436508685505741,0.24417989503537998,1.062484349013631,-0.3228791304536522,0.2435146765004724,1.0632960495400756,-0.306214314937222,0.24033880676066688,1.0648905859078868,-0.3256500029475998,0.2523042125169568,1.0929634116217046,-0.2988261521418108,0.25196690473674066,1.0994453653099447,-0.28164503738802743,0.2514263865125485,1.1039893680203847,-0.268102358546795,0.2505842251353917,1.107954890689865,-0.33217421930982466,0.2520730950833331,1.1082840216901273,-0.30343302500169783,0.2519926857172206,1.1192164229244976,-0.2849631371270134,0.24917385337342296,1.1263269308849257,-0.2702875318760793,0.24765970143311536,1.1305742370183829,-0.3427653636910983,0.2499322207025982,1.1196059904241111,-0.3168973519902799,0.249076872441972,1.133355306751776,-0.30020432314028506,0.24657803024124295,1.140127860116219,-0.28528278426239284,0.24475503228898296,1.1441523686520345,-0.35610999709524876,0.24754967308441245,1.12814887386903,-0.3391299576355792,0.24472400523487864,1.1407881250253555,-0.3271500174712073,0.2414818484557146,1.147572531990889,-0.3161876327587967,0.2392900710081764,1.151641142999096
-0.3876798946951237,0.23490272943868237,1.080780205553096,-0.364614758909603,0.22890480210646294,1.0639999727672205,-0.3364254566324765,0.23013506612333104,1.0575673933444083,-0.315648229553527,0.22961515463641716,1.0583439266447072,-0.29894709385241275,0.22655364607968592,1.059773612861737,-0.31848965581302985,0.23847891170334,1.087682655847167,-0.29162883974359605,0.23841600655418016,1.0940183543274113,-0.27442208154206044,0.23798676721434436,1.09847638646602,-0.2608468257917496,0.2372148163211533,1.1023435920664835,-0.3249064149120174,0.23813018491351176,1.1029725269650223,-0.2961007900704858,0.23837348410464934,1.113731564824676,-0.2775551298112455,0.23576966055572504,1.120725882934118,-0.26283744222699346,0.23438716262241346,1.1248712449940144,-0.3354117067690874,0.23583214996878527,1.1143732470947831,-0.30942848475349194,0.23533352645403982,1.1279214166300984,-0.29267004778563327,0.23303392963786554,1.1346024007254603,-0.27770577134823815,0.23136407065953637,1.1385335983382703,-0.3487433411793454,0.23327374121744457,1.1230504022518009,-0.33166042683555536,0.2306974103363444,1.1356040218634635,-0.3196078912043062,0.22761813069373918,1.1423355258957506,-0.3086039573136038,0.225549784448082,1.1463563150267126
-0.38538914049817624,0.22171813100207532,1.074867552785612,-0.3623407869946431,0.2159723103420892,1.0579764077931992,-0.3341603984319425,0.21734083929092904,1.0515327116935531,-0.3133852304058917,0.21678561065540697,1.0523393043184786,-0.29668697305739095,0.2137110977252204,1.053774693741072,-0.3161992131212233,0.22593094714022455,1.0814042328276143,-0.2892961877751369,0.22619235042907976,1.087553002440693,-0.27205236559477786,0.22596342266729671,1.0918807054639934,-0.2584412634080306,0.22531632608992797,1.0956434065291307,-0.3225008484643148,0.22548635575683942,1.096645720060056,-0.2936132103763144,0.22612797049437228,1.1071658345507929,-0.27500149360943543,0.22372644997925767,1.1140563059095698,-0.2602497814759093,0.22246682767058054,1.1181190630694242,-0.33290088583034017,0.22307493207098641,1.1081009989565784,-0.3068190132234121,0.2229327502549953,1.1214668156217134,-0.28999998292114243,0.22085903366184764,1.1280689988051589,-0.27499739299418674,0.21934905240699634,1.1319179681564076,-0.34617190739629067,0.22040255270794212,1.1168884548802076,-0.3289894122875117,0.2180351597701555,1.1293469508229532,-0.3168691843226617,0.21509031001025603,1.1360167828124623,-0.3058198260810352,0.21312677718515646,1.1399648942333183
-0.38910034024920737,0.20991362787460144,1.0673082540939773,-0.3660164139500492,0.204208288537134,1.0504520005631763,-0.33787348079288904,0.2057605103059499,1.0438873748049762,-0.3170981488737564,0.20521269299931336,1.0446948132604326,-0.3004086796368773,0.2021166003988831,1.046184980442316,-0.3199005375316873,0.21454822589962325,1.0734425724111296,-0.29295432406398203,0.21513920260528105,1.07937559849337,-0.2756790233955576,0.2152482399516009,1.0835807052028943,-0.2620498606890637,0.21481573372365037,1.0873086561557372,-0.32608954562717474,0.2141057956291728,1.088650485776486,-0.2971092573314543,0.21518087606726963,1.0988762965033416,-0.27843923320878866,0.2130177290945848,1.1056875292680337,-0.26366810495879994,0.21190837242794494,1.1097234619953538,-0.33638665659780154,0.21170116477014161,1.1001623558068736,-0.31021355108874776,0.21188825203545658,1.1133480638214597,-0.29333435000487956,0.2100541139921046,1.1198670677341296,-0.2782999098479447,0.20871466090457572,1.1236543870456086,-0.3495822200535988,0.20902984083319678,1.1090576903528073,-0.3323004695490804,0.20682605372117194,1.121408448649566,-0.3201071740138568,0.20398676475422728,1.1279902954230385,-0.30899838315762324,0.2021228955401786,1.1318181041648538
-0.393284037913672,0.19961828037462226,1.057801347023336,-0.36999169961020634,0.19417851440037584,1.0411451843218733,-0.34185939664028725,0.1960115285174877,1.0346074492929551,-0.32107158755132137,0.1958974397390288,1.0352558735693889,-0.304308813542496,0.19307096244578625,1.0364242933008938,-0.324098305723305,0.20488248327982686,1.0635758327380154,-0.2971307254240574,0.20565850071992506,1.0693892553050242,-0.2798537664581812,0.20592401511780917,1.0735805576994826,-0.2662230016682089,0.20559622384152929,1.0773133261283767,-0.3301984436686826,0.20443364438585324,1.0787881388402916,-0.30117687658982106,0.20574359950686075,1.088868455032803,-0.2824426314760235,0.20384394021206168,1.0955812228614266,-0.2676464209555895,0.20290396578395645,1.0995679831100986,-0.34043444953554586,0.20198927359603872,1.0903991863845786,-0.3141586111523052,0.20246647125416237,1.1033715396457153,-0.2972192017842097,0.20080014674178123,1.109778463750514,-0.28215357338879105,0.19960562267328863,1.1134895641633558,-0.3536499351811351,0.19922679938965648,1.0994482313543918,-0.33627704062229474,0.19725192062263236,1.1117095199140612,-0.32400838056473713,0.19456488527148988,1.1182147905625732,-0.312852293141492,0.1928336855216934,1.1219665932399208
-0.3921004064159219,0.19201976088775594,1.0477742595351238,-0.36866826435356753,0.18769866500241655,1.0309869225767314,-0.34045269328957645,0.18979121494885057,1.024901598040789,-0.3196671333949366,0.1903964518485074,1.0253024286441168,-0.3027826844118612,0.18813104885928061,1.0256603432477072,-0.3230183890415221,0.19866720179299044,1.0533607128919433,-0.2960537128113447,0.19944585431839518,1.0591872391514483,-0.27877587646135876,0.19932282536302923,1.0633815280906,-0.26510178139476365,0.19875207314269636,1.0669216018238445,-0.3290358947485411,0.1979157140969829,1.0685475709341694,-0.30005120001218333,0.19913626136065019,1.0787445238167825,-0.2812229965001468,0.1974110663489911,1.0852379321685075,-0.26635825624347004,0.1965879287704774,1.088988611653515,-0.3392169056091325,0.19506855905686374,1.0802605628606345,-0.3128250680286561,0.19585064875045172,1.0929801774112318,-0.2958239985686006,0.19426364404173116,1.099242282239003,-0.28071413667402945,0.19315157193457894,1.102795827247685,-0.3525476629819534,0.19182895160430116,1.0894998201655484,-0.3350909342485661,0.19026845319344873,1.1017016345912458,-0.3227600403347306,0.18784097087330215,1.1081912501166602,-0.3116028259723853,0.18627288306682618,1.112010809096751
-0.3848362714446768,0.1872377670183619,1.0384079188945212,-0.3618304446177188,0.18481994838885607,1.020675521467267,-0.33349156840262173,0.18703819236100988,1.0152426696380152,-0.31271262856385423,0.1878852519161382,1.0155335756329327,-0.2957850906190997,0.1859690956025994,1.015170842755849,-0.3159615133610028,0.19584724117695995,1.043872963253097,-0.2889755098879678,0.19660166469827506,1.0496031407294184,-0.2716440224266045,0.19575713084415583,1.053480914538152,-0.25785353112871223,0.19474088434729317,1.0564183196590837,-0.3218098159318502,0.1943880802661701,1.0589009491370265,-0.2928471229089618,0.19539625895147514,1.069183268976117,-0.27387319567741214,0.1936845803930539,1.0752414980296991,-0.258891720286178,0.19292926845116432,1.0785111392857352,-0.33181166322326067,0.19076332451190964,1.0706147675286202,-0.305301233506872,0.19191443827510493,1.0830566887160984,-0.28821455114443656,0.19047540986807812,1.089118321061774,-0.273036597969013,0.18942011542555484,1.0923876335303941,-0.345150323365642,0.18673245233236296,1.0800041748966602,-0.32756798840840673,0.18571959270835026,1.0920827684188437,-0.3151677123981075,0.1835903846027646,1.098544838714662,-0.3040205851426774,0.1821578397553575,1.1024462143323062
-0.3742436321535213,0.18406621578895105,1.0291279804984568,-0.352259966088723,0.18345687077304068,1.0099994949745508,-0.32392181464088426,0.1858808452942992,1.0046514195737326,-0.3031271170324796,0.18613687484762467,1.0049368617811314,-0.28622834784928336,0.18400151745384724,1.004471437326429,-0.30554807205431106,0.1943127501803636,1.0339911699698612,-0.2784638427365653,0.19514380470148718,1.0392258946859276,-0.2609936261751207,0.19396588177478277,1.0423137508420353,-0.2470625406759912,0.1927987112789702,1.044411684557326,-0.3110475148664877,0.19204559638224056,1.048775005916144,-0.28195011635300055,0.19299970991352905,1.0586750655013006,-0.2627843219251697,0.19126285866895307,1.0640877883877515,-0.24767665772766634,0.1906916883004443,1.0667594736005899,-0.3206769290619609,0.1877017476705976,1.0604123369638356,-0.29403181797939965,0.1892113919315612,1.0725238347689023,-0.2767995887639423,0.18812412045876648,1.0782367167574889,-0.26152947462643206,0.1871971879042807,1.0810892109713468,-0.33375036470143704,0.18302760912852237,1.0699286535139612,-0.31592628804326917,0.1825061289674253,1.081679702759277,-0.3033873737352207,0.18060274507557827,1.087941610019231,-0.29217408784149496,0.17925021579085298,1.0916784865890505
-0.36271017933235233,0.1824481913054551,1.0198446803604009,-0.3416807744678624,0.18281318561753981,0.9996659107340642,-0.31358918488971654,0.18588084845327404,0.9934224797740505,-0.2927940839947702,0.18552030314218781,0.993438692688231,-0.27595084282201027,0.18296054451592947,0.9931262289292485,-0.2940253523302333,0.19340953791429658,1.0230014946443275,-0.2668066969659966,0.19441409294383957,1.027449431420164,-0.24918338624555342,0.19370333241542964,1.02969544199178,-0.23514870491269738,0.1929864881527318,1.0312292640845673,-0.29900159274050553,0.19062803604866424,1.0376697048209302,-0.2696493577034591,0.19174767359634654,1.046767661886378,-0.25028882653016166,0.19015817939866486,1.0514883862189863,-0.23508554542915464,0.1900084586827233,1.0536199308330791,-0.30815667276022374,0.18598144126571212,1.0493870363432574,-0.2813408370294435,0.18771875999849785,1.0610841311603196,-0.26390773817081853,0.18705536802180767,1.066223769170511,-0.24853794600935986,0.1863700401905571,1.06856302709783,-0.3208300255673438,0.18105313598054532,1.05920944725313,-0.3026609063443852,0.18083901518934237,1.0704296998166507,-0.2898942354328444,0.1790547873999771,1.0762509857423432,-0.2785276871123767,0.17776022176757927,1.0795154982021786
-0.3508877391777929,0.1837914669195306,1.0118004434692625,-0.33031597987532463,0.18434714954563314,0.9911595672898069,-0.30266165110716803,0.1883868764914214,0.9836464389773547,-0.281874845584171,0.18804212749992041,0.9830494956861704,-0.26506684078839626,0.18529014276777522,0.9825373181306384,-0.28215371965810077,0.19488512497117347,1.0123365105482536,-0.2548547918651148,0.196204684016915,1.0161674082869634,-0.2371804053419541,0.19631951946567885,1.0180996863765421,-0.2231249288843068,0.19638620870469267,1.019608954450154,-0.2865151775221372,0.19189699622252857,1.0270942024309881,-0.25698321863075396,0.1933621565751169,1.035537946970692,-0.2374757952098757,0.19214803368338781,1.0397365460731922,-0.2222243078933806,0.19247293892251163,1.0414663513198215,-0.295206472704474,0.1871900574334408,1.0391749914666406,-0.26822071887925636,0.18907157775275704,1.05045144131806,-0.2505898285268596,0.18862654518015443,1.054892449649083,-0.23514197258314407,0.18820465556290997,1.0567249530914595,-0.3075929041445322,0.1820767144622548,1.049590590527884,-0.2891040013926642,0.18196687375081372,1.0602772747044926,-0.27609077377929275,0.18019649163113893,1.0655289771931635,-0.2645790857220098,0.17895328463717558,1.0682615285541637
-0.33852990621803114,0.1889605469479694,1.005713830389664,-0.3181805842761676,0.1894181674335757,0.9848512439384878,-0.29089182040504696,0.1942682107535181,0.9765248499630566,-0.2701299618730192,0.19419879839734921,0.9752972957965089,-0.25335016128740373,0.19143761468210985,0.9742207606940562,-0.26986135614785645,0.20032556921445607,1.0039281774683062,-0.24256587531570867,0.2021757490989561,1.0075588843888879,-0.22491366586844186,0.20279804750507574,1.0095943379229702,-0.21089006858084147,0.20344836168754632,1.0112540266297423,-0.27367667219628355,0.19716032054132232,1.0187617080910574,-0.2441313193282556,0.19917517436749688,1.0270437730893403,-0.22453671742218684,0.19840526057388777,1.0309297358058709,-0.20926228202131447,0.19893331829479302,1.0323852196425574,-0.2819670799872963,0.19225484089338438,1.031230766879134,-0.2548676868834152,0.19438384376828255,1.0421861121333387,-0.23710020319569433,0.19386142146053584,1.0460348134654858,-0.221609439830805,0.19357516584437365,1.047493107355093,-0.2941876678396318,0.18668385514726346,1.042238628832599,-0.2755097120166163,0.18649104914407064,1.0525901311756947,-0.2623227967094753,0.18460355293514535,1.0573442186317867,-0.2507456051697167,0.183342084056837,1.0597749993334002
-0.32612580999891827,0.19697791646817245,1.0006375370761005,-0.30607462947493186,0.19745695877136205,0.9794887188703111,-0.27891051401412037,0.2027061250588846,0.9709984023290487,-0.25817642009317365,0.20263391019436502,0.9693678774743972,-0.2414440767197032,0.199908143740169,0.9676521696034022,-0.2576311603807154,0.2091328375898159,0.9977284268307451,-0.23038490136798892,0.21162406161978323,1.0013455589613494,-0.21273116711503487,0.212376711704029,1.003322933367628,-0.1987030789020894,0.2132293332187475,1.0048475755113988,-0.26110593183107084,0.20569229212611054,1.0124654896674383,-0.23161947522603976,0.20842602063255,1.0207513642746013,-0.21195926219906006,0.2079506838330281,1.0243419040671626,-0.19666219465528528,0.2083500940406921,1.0255852266391812,-0.26908318580575563,0.20039439436204604,1.0250462739457755,-0.24189950859277726,0.2029963643511864,1.0356861421232972,-0.22405953802320017,0.20226656627909134,1.03914616357637,-0.20855056944710906,0.2019158992002982,1.0403795488685303,-0.2810658098070545,0.19423942426238358,1.036240561869049,-0.2622896076676732,0.1938676248327217,1.046407803729342,-0.2490201017429387,0.19175405803679296,1.0508250169581976,-0.23744001107399165,0.19035664703463062,1.0531659793860326
-0.31537348044473185,0.20529846073644614,0.9951480288752306,-0.29571975225558966,0.20613238177787493,0.9736401843202958,-0.2685679383422155,0.21158089743272063,0.9652365500573357,-0.24785672248321844,0.21128938715838683,0.9633585094792537,-0.2311701139436017,0.208763240530545,0.9610089457560558,-0.24715409357009427,0.21877677069801757,0.9916591219917327,-0.21994386504742572,0.2219159250112843,0.995035162001562,-0.2022578975864198,0.22281848739481572,0.9966234821449579,-0.18819528755313475,0.2237131735108378,0.997755423764323,-0.2503823500023314,0.21503008420419834,1.0063227248922644,-0.22087260035255527,0.21858266987978425,1.0142052323168143,-0.20113233801883204,0.21821334175776,1.0173401225980263,-0.18581303615954928,0.21842463127484613,1.0183300732306497,-0.2580694780540122,0.20935712602663045,1.0188355419925124,-0.2307487506078586,0.21267609982888677,1.0289098466430455,-0.212849173380647,0.21185852211571157,1.0320252287023022,-0.19732926140217621,0.21134777084011364,1.0330468833838082,-0.26961643293503523,0.2028158866445487,1.0298698917332747,-0.2507009062631659,0.2023848735144173,1.0397731178262182,-0.23737658675423579,0.2001091831384594,1.043937546686615,-0.2257889413875386,0.19856810347849288,1.0461472776285703
-0.3075638076879766,0.21197086240718266,0.9888054335633202,-0.28844058994420474,0.2135567054070284,0.9668659832844415,-0.2614213699033969,0.2193919685820137,0.9582962783584675,-0.2407378449782847,0.21905361488838593,0.9561413327765087,-0.22409369031308726,0.2169409642798356,0.9531658338408149,-0.2397753802889011,0.22712535425823516,0.9840312798466868,-0.21259183621384647,0.23106018662591746,0.9867183782751249,-0.19490217490834966,0.23243613951494238,0.9878644416720781,-0.1808295832314492,0.23350362866196245,0.9886776983599259,-0.2426064052399081,0.22303688242566497,0.9988803742937928,-0.21299252031356947,0.227572889770158,1.0058102061541776,-0.1931676561920282,0.22737810644411435,1.008375107586882,-0.17783108092222594,0.22771303421864145,1.0089939269065757,-0.2499209563562358,0.21710970081856548,1.0114375735801917,-0.22241523613958525,0.22131424039294523,1.0206401032220696,-0.20442651800248574,0.22076507072070337,1.0232618080224254,-0.18888618206532387,0.22029521217058354,1.0239322592706772,-0.26094899900232393,0.21037997248290308,1.022421010483969,-0.24180341306421646,0.21013414124876387,1.0318784369167449,-0.2283700384797831,0.20799550578454548,1.035755215272813,-0.2167101494454984,0.20654500980083004,1.037619192635317
-0.3025085168834793,0.21698257682310335,0.9821277952523114,-0.28407323359816844,0.2194815986513195,0.959690169408036,-0.25738649769629757,0.22597311325316194,0.9505683957027167,-0.23674383881043662,0.22585436719713575,0.9480320576915094,-0.22014403035250105,0.22405885150333998,0.9446309911555063,-0.2352461023261753,0.23368572982728736,0.9754573886789775,-0.20813416492743106,0.23856005089434637,0.9771403375279065,-0.19049683667370979,0.2406762207896103,0.9779001413254145,-0.17645078320617583,0.24212068307557308,0.9785788656551031,-0.23752358501003487,0.22920463205842218,0.9905542629464832,-0.20785738193505177,0.23486007515998678,0.9963432586375985,-0.18796899274616724,0.23518643992655344,0.998340095849735,-0.1726450586020833,0.23611457090235763,0.9984859389517885,-0.24439918404114924,0.22309225965738005,1.0032771910805278,-0.2167374922763985,0.2280824496915963,1.0115752728837613,-0.1986600965114186,0.228280937297881,1.0135595280668392,-0.18309899767432983,0.22834802194693257,1.013701004585963,-0.2550324267796605,0.2161270993052425,1.0145433371717323,-0.23562905508142698,0.21613067475276285,1.0234633126535857,-0.2220114736689773,0.2145233810091305,1.0269327229916079,-0.21023188215699498,0.21355545370909143,1.0282876041861073
-0.2993888543040831,0.22154827532661855,0.9762775394386877,-0.2814625561625242,0.22463622883591527,0.9535033388709482,-0.25517957645922695,0.23174025371301896,0.9436918048973664,-0.23459907210792633,0.2319479565919725,0.940697447341712,-0.21801712858234765,0.23020626099250718,0.9371831314221541,-0.23253104583847967,0.23925515160194424,0.968263674206455,-0.20550752828506705,0.24480664532775687,0.9690112627690851,-0.18794912862317656,0.2475956607054089,0.9692453979915286,-0.17394094881764802,0.24942546280928718,0.9697567479897955,-0.23438366441314765,0.23453609468852318,0.9832823376540741,-0.20473576690613543,0.241094770111708,0.9881368265849438,-0.1848262807529927,0.24219806969591395,0.9895640576406866,-0.1695783024148989,0.24395681755517482,0.9892299655284572,-0.2408833443742549,0.22830006376100606,0.9960976906087166,-0.21309194066136566,0.23369945775646325,1.0036748783210445,-0.194997230560517,0.23489489821300966,1.005060985130143,-0.17947792781694483,0.23595043737111004,1.0046033909733638,-0.25126217259577094,0.2209991171655044,1.0077258981290886,-0.23161000881354143,0.22110651270624845,1.0160827954908347,-0.2177960431468167,0.22028203678328395,1.0190074009014143,-0.20593219615690983,0.2200875193181215,1.0198691781663505
-0.2977461198395668,0.22707080207168545,0.9723257995420358,-0.2797456890717603,0.23018993617967742,0.9496144075101716,-0.25378591104041265,0.2376486363920683,0.939222771154042,-0.2332921376057498,0.23829970186148985,0.9357373958264531,-0.21669738519624604,0.2367424944033265,0.9321970471955063,-0.23119685894351752,0.24568120417670267,0.9638069461043646,-0.20423082979509768,0.25155197790482814,0.9639324849670183,-0.18673509217640874,0.2546933119897503,0.9635299801710938,-0.17275042309420935,0.25674999372532215,0.9637245230302393,-0.23287055483356828,0.24110332182810165,0.9784637810515039,-0.20321902092753094,0.248104681227506,0.9826288280203165,-0.18332771450251512,0.2498962342172987,0.9835052776378399,-0.16818081796352735,0.25231030444987046,0.9828348709550735,-0.23908770572659035,0.23486437897209578,0.9912934125827614,-0.21116266023005253,0.2404927644015595,0.9981812613726607,-0.19310392867636705,0.2423845756294318,0.999216717096076,-0.17769077341582487,0.24436288583183605,0.9983841027611451,-0.2491090720216223,0.22741237072962306,1.002981944793292,-0.2292095761381747,0.2276889083485336,1.0107272917300332,-0.21526765677373816,0.22759676008026952,1.0131091225235185,-0.20339611139024502,0.22814924434120548,1.0136499865060653
-0.29727919103020417,0.2341515469783552,0.9702138611915327,-0.2788299781518544,0.23713038766502806,0.9478463650024638,-0.25312680114854175,0.2448985070444388,0.9370513937798622,-0.232762023847614,0.24626132136865245,0.9330532617644994,-0.21615052657824022,0.24534508847092434,0.929370403258414,-0.2313038760760372,0.2545147197918456,0.9612516591250883,-0.20446968079925776,0.2609538601298631,0.96091713295078,-0.18701142464370127,0.26422825683661566,0.9601307214938285,-0.17305107592480007,0.2664510032226145,0.9600481492569302,-0.23282724665381124,0.25024461620958616,0.9757261521302878,-0.2031559586791264,0.25750341210574446,0.9792623456677177,-0.1832995789769186,0.25976182675931686,0.9797777539674655,-0.16819932951050176,0.26243695548893475,0.9790485027742286,-0.23876643877303286,0.24402015604455657,0.9886580502494483,-0.21075990641981607,0.2501670734646236,0.9947226113430413,-0.19270954534506443,0.25216994059996645,0.9956931225044335,-0.17733289115396347,0.25445092257470764,0.9949665276438335,-0.24821188420127266,0.23672979966023747,1.0000673424780273,-0.22811912943404267,0.23759544324404572,1.007249868196065,-0.2141381827920844,0.2379103348175495,1.0093694669996696,-0.20228860362981646,0.23886725445423101,1.0098201786420906
-0.2972089451111621,0.2417422834563725,0.9690310113916314,-0.2786807898704521,0.2450145285544833,0.9467700206493194,-0.2532144806147735,0.2532669377414977,0.9357748750860532,-0.2330108321061601,0.2554340384506888,0.9313383518450951,-0.2163933906089501,0.2551755497686864,0.9275782198371442,-0.23220756941999943,0.2647205134742727,0.9593076292786941,-0.205676079205933,0.2722726477750633,0.9584747026732653,-0.18824539038941063,0.2756826571540032,0.9576538810221451,-0.17432766021904364,0.27815504587740836,0.9575027620976582,-0.2334142610420347,0.26039306756914193,0.9741115526099878,-0.20377492547156914,0.2680207009232354,0.9770963656744496,-0.18395567764638535,0.27060145292197324,0.9775194875317503,-0.16884048942101604,0.27322638729020976,0.9769308794745561,-0.23908787308503976,0.25389912968661654,0.9873469008836341,-0.2110884217506223,0.2607062251458917,0.9926969967574227,-0.19301537389948584,0.26248108414155,0.9936888236179151,-0.17758989002093956,0.26449997402180625,0.9933004375505083,-0.24811526691768843,0.24667253118365934,0.9985434113286487,-0.2279678295961079,0.24826834653581636,1.005442030855431,-0.21400807555048207,0.24856458380402083,1.007699515132929,-0.2021627646194724,0.24953309012755995,1.0082305207331852
-0.2963996357749331,0.24842353329676828,0.9680064896032012,-0.278492667081392,0.2523208303483982,0.9453414640939468,-0.2531561393333712,0.2610244010596051,0.9343944732287824,-0.23302179000430073,0.2636242549018978,0.9298761533967426,-0.21635296481596658,0.26341675789527874,0.9263474166734749,-0.23248013014010027,0.2739357947369685,0.957464033920637,-0.20625948656629384,0.28245517864800496,0.9562204823301954,-0.18886370956404883,0.2860314400784735,0.9553671820108763,-0.17499095400601852,0.28874589670396145,0.9552362832729655,-0.2332206006420534,0.269104905253582,0.9729172671622638,-0.20365255726449755,0.27714776504291583,0.9754908502491325,-0.18386252267247202,0.27994468377627735,0.975907592119566,-0.1687374247866661,0.2825198418777639,0.9753547542879888,-0.2386906880569895,0.2620771319122419,0.9865692569009382,-0.210667566231501,0.26907869865205847,0.9915303108031397,-0.19257507794548426,0.27073950839991245,0.9923503609277735,-0.17713466383278867,0.2726268904808168,0.9918990141847914,-0.24774843670687097,0.2544678198651331,0.9980399003382225,-0.22759795111282813,0.25629520238527925,1.0048718409183093,-0.21367869635877543,0.25632750335776033,1.0073842159969049,-0.20182951077059716,0.25720195232669074,1.0079871275958814
-0.29453361447821375,0.2552560070211376,0.9668668370803957,-0.2772058623592779,0.25937604095390926,0.9437946425525059,-0.25184905702986893,0.26822449571587875,0.9330119869303956,-0.23165491453304568,0.2709526861154829,0.9288502489554099,-0.21492538745795614,0.27055507187638866,0.9256393927160474,-0.23167037385535338,0.28291609029453346,0.9554276575680989,-0.20553961805077772,0.2916840836818981,0.9540296714282964,-0.1882155726829044,0.2955223315334724,0.9529000120603471,-0.17437212145489023,0.29837731306697723,0.9526839228078551,-0.23199538947663823,0.2779526919127491,0.9710209039016608,-0.20254376471823118,0.28658853151089764,0.9729193733372746,-0.18280815408832066,0.28976437690166645,0.9731675193823021,-0.16777938482424606,0.2927889973125005,0.9723348004930853,-0.23710328275529624,0.270925344530363,0.9846867302291322,-0.20898638472147166,0.2779371811055139,0.9890689148758252,-0.1909311862271385,0.2800908996581274,0.98944335757036,-0.17561660410189506,0.2826418927558556,0.9883811327741118,-0.24598553310972338,0.26311451765421195,0.9966461241324309,-0.22568417461411894,0.26493514457857187,1.0030176992497584,-0.21173678648498218,0.2650521660912494,1.0053661870903434,-0.19990253158099436,0.26619104021054707,1.00579599996401
-0.29336765481981225,0.26453186242215404,0.9662930934116132,-0.2757529015127881,0.26836215172154415,0.9433889194852102,-0.2504323681265731,0.2772860300017515,0.9325832091461901,-0.23030534435692737,0.280675471512083,0.9285855751665605,-0.21361183522026628,0.28096591340498905,0.9251815823287016,-0.23178376977503568,0.29450956186087845,0.9537837091195458,-0.20567787753307126,0.30334226036461,0.952329645984935,-0.1885058796827884,0.30772902738091723,0.9509120459918611,-0.17472296061266848,0.31085061185095547,0.950557633341066,-0.23198586536468677,0.29044357891649264,0.9683629325783067,-0.20280344234553488,0.3001106366474703,0.9690800756812815,-0.18324204506786787,0.3042325286669559,0.9690197427205502,-0.16850348113983935,0.30835830048423846,0.9678121023676227,-0.2364318912688635,0.2845587950043912,0.9810768862886703,-0.20839364993204754,0.29250706945862237,0.9841770968327309,-0.1905109282479317,0.2958197299668373,0.9842358261346085,-0.17547069494963696,0.2995576198102143,0.9828244881790171,-0.24404815532574217,0.2777704252570438,0.992709106641855,-0.22352251132052176,0.2804833112013585,0.9979431296323089,-0.20952292043673762,0.28159844229984493,0.9996243977597791,-0.19778173806584104,0.2835144518930448,0.999694442535808
-0.2959491805583555,0.2739053710511035,0.9689070796775743,-0.27771391407406815,0.27718155948820905,0.9464061134981663,-0.25248341654861833,0.28618021463093074,0.9354528221803097,-0.2326467463670353,0.2906581124953885,0.9310914664468812,-0.216167298658535,0.2922536097271279,0.9270631959947575,-0.23528287487902572,0.3055330044374166,0.9559836816021268,-0.2092075560032824,0.3144541362002027,0.954520935620889,-0.19217037175648774,0.3193229107922466,0.953051169762501,-0.1784899592991542,0.3228679588600829,0.9527080878217544,-0.23571285308266662,0.30244631531314475,0.9695587816377869,-0.20674289697613404,0.3127574509793926,0.9696060799541608,-0.18739703161677593,0.3177937382558014,0.9694827863686064,-0.17292831649833293,0.32277617081978466,0.9682429059156658,-0.2398823444578035,0.2977371107892496,0.9811495386765602,-0.21215601576548337,0.30698059419501095,0.9833262474884285,-0.19446247498177388,0.31116778621279817,0.9837445071524173,-0.17957448556599417,0.31560612202049243,0.9828382735252449,-0.24642326854257546,0.29248936833073547,0.991430343547961,-0.22600259477092927,0.29675441690274923,0.9959978649798611,-0.21212856000776414,0.29909671723562953,0.9974413030068175,-0.20050849772792373,0.3016442933872428,0.9975652822909596
-0.3039704920452855,0.2754120590843615,0.978439030232975,-0.28620913525906927,0.27641145144996854,0.9553503478659027,-0.26058530799548735,0.28429192522366536,0.9444486966184363,-0.2407532923509203,0.28877245767912285,0.9400689179253778,-0.2243573969248036,0.29061896920322317,0.9358133592785784,-0.24185524565328523,0.30477752581895645,0.9671657172623404,-0.21532527598483442,0.3123286987523366,0.9662774780335409,-0.19813651201780588,0.31667182470942695,0.9649304535450951,-0.1844242759864423,0.32010757297168,0.9648357280326821,-0.24283909476701465,0.3017401173046374,0.9820737213791796,-0.21335083545432593,0.31035269130645365,0.9834324871587717,-0.19387242286307527,0.31481693388848464,0.9839837388571425,-0.1792236033589215,0.3193465251433494,0.9832087903624258,-0.24792386107131442,0.29722327952589234,0.9940712262058123,-0.22008653986726853,0.305686386772174,0.9975909866237291,-0.2023253508026594,0.30919014883113766,0.9993324567068799,-0.18727668050321078,0.3131505332584532,0.999491171481293,-0.2552774421506584,0.2927421224616905,1.0036210501391767,-0.23530632648903396,0.29732712766860836,1.0096367857652706,-0.22160941190167202,0.2996793876530609,1.0122673994861815,-0.2099755603153687,0.30192292916458185,1.0133404238346873
-0.31900815360337886,0.26261739437220855,0.9953392047443423,-0.30508453752758247,0.25595513712754003,0.970614741611345,-0.27807282590480137,0.2574493234838249,0.9603354793424076,-0.25741449140113104,0.2582645973841592,0.9580694208672511,-0.24063828111177082,0.2572320498164868,0.9552698878924865,-0.25063738696266186,0.2752224912381177,0.991561393450081,-0.22311763562985698,0.27624989310581877,0.9933658889998517,-0.20539084488539663,0.2773844564019077,0.9925884053697178,-0.19135446680594584,0.27896566452010146,0.9931528762031304,-0.25545480076468646,0.271697264386485,1.013282244232033,-0.22539106185433552,0.27231613508217506,1.019714095790114,-0.20560870601763723,0.2722873681626207,1.0225949754050507,-0.19033220205903928,0.27375719933793924,1.0230117224385014,-0.26551703485547046,0.2684295334936909,1.0264235896593514,-0.2378123419592984,0.26979499072584934,1.0358848193656192,-0.22024459412430564,0.26899315780444283,1.0405216505656294,-0.20482215642449347,0.2704034682676501,1.0420486583475443,-0.27666605987703535,0.2665650472943759,1.0340308248517363,-0.25829864137326725,0.2678902249599749,1.0448446424155078,-0.2454438024028825,0.26743248681617193,1.0507270157149318,-0.23399482602409202,0.2674827390655321,1.053959627211519
-0.3442251680276332,0.23835410776409485,1.0132304080262455,-0.3374516039416551,0.2225459511328694,0.9896980293336645,-0.316085157492252,0.20396591142606177,0.9837159326216883,-0.29796439568987937,0.19475914879765363,0.9881250130946159,-0.2836427646787969,0.18608302251158845,0.9912810373150215,-0.29014079697536704,0.19785427794460567,1.0300341769096417,-0.26636519180880286,0.18626502071043602,1.0379118788543846,-0.24991668871350275,0.17968860387101881,1.0394377596636146,-0.23619939537735757,0.17690547754201047,1.0414198866502202,-0.3020855161998426,0.20647819065519485,1.0538703024019873,-0.27826872525676993,0.19271001269633048,1.067609947868299,-0.26226320016673216,0.18296389008262848,1.074572573661204,-0.24825676784628947,0.17725923381891012,1.07721499783922,-0.31214944621556906,0.2154275158972744,1.061259973787577,-0.2926438024683726,0.20238544307191753,1.0788202570399728,-0.2794919334859085,0.19292027466380038,1.0870790603963443,-0.2647748810809187,0.18878999284739714,1.0899982132870165,-0.32102758570889683,0.22292048097350217,1.063521099708836,-0.30825251142678073,0.21740957180308595,1.0797224627947724,-0.29939526778118597,0.211514159514525,1.0890419087947794,-0.2901331655170458,0.20694337984001435,1.0949455345717256
-0.37385947365224403,0.21632124754351414,1.0235507895779485,-0.3680863168527934,0.20104631138871074,0.9994074919682414,-0.35171422334890856,0.1777069484283864,0.9944318431302019,-0.33546824357407384,0.16680184930023786,1.001482618347995,-0.32283867568609054,0.15780242348262175,1.0085430093389518,-0.33256588533640163,0.1651549709721618,1.046454364889218,-0.31025624614827524,0.1541767175936146,1.0584296070269932,-0.2951818720137802,0.14586541161049313,1.0628811530588838,-0.2817583885794606,0.14273045057192468,1.0660149794419669,-0.34406898764337845,0.1777845171195551,1.0690576320761818,-0.3232580918286202,0.16296639617327327,1.086172246289817,-0.3102826825583669,0.15073809370458796,1.0952137765997223,-0.2978775248184637,0.14270136346446607,1.0993645215288304,-0.3519901246865171,0.18933022461652052,1.0750729788635807,-0.33756289006331824,0.1740310405763637,1.0954866805933359,-0.32791172701966953,0.16207484251797563,1.1052167003003375,-0.3137249070948446,0.15663099219551121,1.1085739234178025,-0.3591936475429786,0.19855161022915369,1.0762255640483542,-0.3495326811470018,0.1913200801497573,1.0938445171854476,-0.3433148836031638,0.18370644678204345,1.1040145862826793,-0.33577122756941147,0.17738263254292852,1.1106954537122975
-0.38378519573863806,0.2120134280168164,1.0258204867055627,-0.3706270533304205,0.21133903269385823,0.999821249933136,-0.3454246143593927,0.22081803402432426,0.989213988545679,-0.32485447290178854,0.2237250084907976,0.9902065896117458,-0.3083880741439354,0.2234310829338378,0.9945787847976306,-0.3150784524847636,0.22008797325053894,1.0336886000072465,-0.28995197264379813,0.2282004189245384,1.0417195842678633,-0.2727838793023944,0.23190230128886483,1.0444914902452338,-0.259819832655171,0.2373663866963151,1.0458756944255512,-0.3280462810710479,0.21527194402969005,1.0622345063634537,-0.30184483537487056,0.22462607567848583,1.0753327725540682,-0.28350504063096466,0.22871872882702182,1.0821550900707446,-0.26921111328007385,0.23357584317088842,1.0849475327485714,-0.34404406606313204,0.2123567538130202,1.0735891424447292,-0.3217488584619235,0.21815302523181795,1.091706987381075,-0.3066782727662695,0.21956040159405985,1.1017899255525647,-0.29271261813958066,0.22600059012367618,1.1041683232325774,-0.3575700854639589,0.21155836733643035,1.0769872654230352,-0.3438629228722979,0.212610114851786,1.093329368393284,-0.3340582086806555,0.21181621373568751,1.1034928336209835,-0.32360736013750785,0.21308918795506274,1.1090327491314882
-0.35412382390934494,0.24005873320767535,1.0215997239512375,-0.33668695258792597,0.25371984518645263,1.002655559375864,-0.3172034803593714,0.2734116584570112,0.9942796898395236,-0.3013186813285343,0.2862568613196034,0.990375794326104,-0.28595168050169884,0.2936185411678798,0.9904514674960991,-0.2973505594871708,0.28004205707061586,1.0165152066747898,-0.27683245846228677,0.29848667873412604,1.017187467211292,-0.26272487862481897,0.30925016845835857,1.016067509689037,-0.252544840176637,0.31900793582920467,1.015071744077013,-0.29965559899904853,0.27641361328769604,1.034048038377737,-0.27969946195728224,0.29938380783391827,1.0384868298294585,-0.26727681660196567,0.3150321791079303,1.0391563492002562,-0.2567452492707133,0.32617078098314417,1.040006815415732,-0.30658597655528974,0.26931110480901227,1.0489085422386442,-0.287534314717469,0.2900765270273086,1.0569559499449828,-0.27664848246410445,0.3040981006317564,1.0609136049844972,-0.26697379452712533,0.3162173180298116,1.0622164080985532,-0.3164559415277508,0.26124675625520133,1.0595164306579536,-0.3016823717494397,0.27242863064163453,1.0701354762766475,-0.2922354887057018,0.28177728087635706,1.0749746770725797,-0.2839135049417466,0.2898864606527733,1.0775275484137883
-0.3164433782238238,0.29405157910612895,1.0075476870216107,-0.2980339753071316,0.31080591543248615,0.9923839825946095,-0.28056959033375106,0.33236709199069014,0.9841596702597872,-0.26862300689609087,0.34854544729874826,0.9788581194768382,-0.2565338789250217,0.36019349953986857,0.9759391068156151,-0.26543644878668704,0.340477685530983,0.998027610980083,-0.24788311700448998,0.3614642888826882,0.9944093938350487,-0.2361532180821814,0.3743771933311245,0.990974689372679,-0.22745844968090614,0.3852664657902791,0.9885948776610967,-0.26665989279049596,0.33821683344255105,1.0113503505724792,-0.24981833951855834,0.36389790868016836,1.0129074538770984,-0.24035798846377543,0.3814903370270416,1.012101153609478,-0.23148343569444857,0.39401379265141223,1.0124343612620612,-0.27077803495624175,0.33266125116340106,1.0244381985443134,-0.2542766021118681,0.3562255179374427,1.0300379659469159,-0.24588783442545767,0.3722168924562116,1.0321997756769892,-0.23788175662490527,0.3855244326280982,1.0331919479394378,-0.27731309828731826,0.32478679422034573,1.0363512644944308,-0.2641239528581655,0.3393906084750883,1.0446477613878276,-0.25615388569608033,0.35057818729264234,1.0480204212327358,-0.24905539318248812,0.3598697229431751,1.050213622497529
-0.3037343205475681,0.32752566566834856,1.0022970393271444,-0.28500045607880037,0.3429267555565275,0.9861291518412256,-0.26838079998645875,0.36457974355257156,0.9765133558435632,-0.25872025429666895,0.3819996040546125,0.9705309822280279,-0.24981595442536178,0.39565213850363384,0.9655644423913547,-0.2546669079090703,0.37530569806818775,0.9897599113846258,-0.23858109847371256,0.39698074503048913,0.9840077338667028,-0.22875254123755812,0.4111192822501228,0.9795769266365795,-0.22089208071023114,0.42249341389513634,0.9766305652119851,-0.25558149153630705,0.3736134937920345,1.0030986125466046,-0.2394157469764703,0.399759083522594,1.0039091390053303,-0.2307463434173441,0.41775807129084097,1.0031881822877167,-0.2225120486816144,0.4307146853072026,1.003356106100925,-0.25942088024651677,0.3687337123881727,1.016422747303621,-0.24349048748563407,0.3926090469990579,1.0223489883703603,-0.23517597811980598,0.4086711777262675,1.0242583846395301,-0.227198630925213,0.42200571831821865,1.0251094263023024,-0.2660025956197216,0.36130245361601715,1.0295169559538864,-0.2536885040645044,0.3762516435243017,1.0385137153091362,-0.2455160809052428,0.38697600910891145,1.042786677666821,-0.23823167619967606,0.39597902221483167,1.0455096476627412
-0.30605749282587025,0.3322189501015395,1.0144479835721973,-0.28825736429375864,0.34556407239788084,0.9956167603360062,-0.27160603759942464,0.36628629908201865,0.9841777467848751,-0.26223295492900994,0.38367936381622153,0.9776821253814733,-0.2545110123094236,0.3976682755595609,0.9717637876548804,-0.2564452901283041,0.379129551169308,1.0008190838671709,-0.24074397409846574,0.40111416117937854,0.9951804608222634,-0.23227891793153355,0.41624411967295405,0.9912360971423768,-0.2248608394130582,0.42800817632110233,0.9887027518644893,-0.2568884813203884,0.3772223297599646,1.0151756438402912,-0.23985313667761848,0.40279087535020225,1.0164510347509206,-0.23050809432295435,0.42046298434950247,1.0165440091966245,-0.2221782121376378,0.4333583165178836,1.0167146726571161,-0.2609690911169645,0.3723295893799383,1.0292632587849384,-0.24411016612353964,0.3953097283671231,1.0360910849158946,-0.23411976611533938,0.410358348921121,1.0382123653554112,-0.2250275746646047,0.42296375439839295,1.0389921860719844,-0.268876609899302,0.36522595044414846,1.0433200843693866,-0.256227797884108,0.37900671264471586,1.0536232371109604,-0.2468910210911136,0.3881523463927375,1.0590307048419265,-0.23861567128688246,0.3960868755879206,1.0622076836846217
-0.31762171234089204,0.3200962747859575,1.0354425793942874,-0.30063526707704563,0.33350295270921726,1.0159163534969056,-0.2829842353999979,0.3532766546065069,1.0042986865854222,-0.2722535288686957,0.36990394431389545,0.9978993388579918,-0.26357612692368004,0.3834254231488743,0.9922233299935698,-0.26562356689970756,0.3649922536390618,1.024117120917368,-0.24929329366871236,0.3868801209098435,1.0201306544689959,-0.24102940105340057,0.402393872704354,1.0174543867569086,-0.23358515349887737,0.4143052393401194,1.0158602477292664,-0.2658134899137324,0.3619428527115465,1.0383056839030114,-0.24717070267460486,0.38628745120385916,1.0406223886484713,-0.23646476893358404,0.4031469535471879,1.0415067306690338,-0.2275476257571444,0.4156409459471764,1.04180734079992,-0.270019954975498,0.3565093560519013,1.0518584235718091,-0.2514460792013966,0.37800102381861034,1.0590729024034693,-0.2394935186738112,0.39151703383395126,1.061358219384709,-0.22913246083967978,0.4031011122549898,1.0621518948008966,-0.2784871936166348,0.34978358434375467,1.0653195174351828,-0.264567169664029,0.36209844256792606,1.0758377876693013,-0.25408231617201565,0.3698860584694448,1.0812673005957079,-0.2448904455735697,0.3768095874825087,1.0842848531478968
-0.33372934872787136,0.30328974553578364,1.054653798028015,-0.3157230084159417,0.31812494819452614,1.0371826703002387,-0.29663649635046796,0.33758432774506225,1.027458165421537,-0.2844282090812731,0.35352708495045687,1.0220403529798237,-0.2743839533951298,0.366495806491477,1.0174284162573615,-0.27905378409962034,0.3458249510427174,1.0476494435768007,-0.26137060290707503,0.3668682029268458,1.0451725250761126,-0.25220153929048866,0.381980230719981,1.0432527039541473,-0.24430079868592283,0.39365134101567106,1.0421562376348725,-0.2794964723085323,0.34164158011067014,1.0602535536117492,-0.25925264465553144,0.36457802653398347,1.0633659449912194,-0.24746613627575742,0.38068760814066166,1.0644620736389885,-0.2379540570450048,0.392730852336445,1.0648936671045337,-0.2836291028657912,0.3356852839617931,1.0720265982128676,-0.26342800840458913,0.3556943821987762,1.0791316048836017,-0.25050657125279713,0.36829539290363716,1.0813721170467916,-0.239533547131544,0.37929748025616283,1.0822201314894981,-0.29141253036226844,0.3291538801706799,1.083736640981546,-0.27607917051324904,0.3403894757311064,1.0934683559785807,-0.2649139117960566,0.3476783317728007,1.0981872859609183,-0.25528594063236465,0.35417161511556994,1.100770076157618
-0.346452021417323,0.29190204398061015,1.0668238286089278,-0.3263218126985662,0.3073101602116643,1.0524392366931008,-0.30596878686211176,0.3265458901766397,1.0451406462491615,-0.29288234911515343,0.34219542957233895,1.041090517756339,-0.2822494945451725,0.35502657334920606,1.0375339851612209,-0.2895439063562734,0.3319133104698563,1.0639451048746567,-0.27029074044096624,0.3516076376464657,1.0621851186518048,-0.2599538522093359,0.3659561684621675,1.0603414185993334,-0.2514588687531335,0.3771978444440642,1.0592017988289728,-0.290418092405175,0.327123914939186,1.0747638517960043,-0.26869165105820647,0.34859729440198894,1.078290299515187,-0.2561593811573074,0.3641390994916016,1.0793083383301036,-0.24619575715554956,0.3758089750200699,1.0798041778934087,-0.29447346522525525,0.3208805440508204,1.084706668469633,-0.2728670127372699,0.3393928257526804,1.0917341848555429,-0.25953980902791446,0.3515815982620506,1.0938762328497058,-0.24829640791131757,0.36230494097320076,1.0947526833068215,-0.30139956062785855,0.3142966908544119,1.0946488874493097,-0.2849024524555458,0.32454435412145316,1.10353075820703,-0.27326425331507714,0.33142620894888936,1.1076842049320375,-0.2633417249435061,0.3375701152506045,1.1099922795776347
-0.3537138505827539,0.28817949747138005,1.0742272011012102,-0.33166137580361876,0.30325849567320623,1.0625711296026223,-0.3101744000200387,0.3219197269518372,1.0573178725848777,-0.29635932847919727,0.33722316302200844,1.054576500705955,-0.28546290217048537,0.3500380681486556,1.0518578850061955,-0.29479761985613157,0.3252725109564622,1.0750687257748248,-0.27412585150079943,0.3435215240512931,1.073928556342461,-0.26286866409815113,0.357171960181469,1.0721758013671472,-0.2538532044690164,0.3679982390776944,1.0710130765670813,-0.2960324394374571,0.32001363680939465,1.0843695747616227,-0.2728216965077277,0.33979517333897447,1.0883106834700753,-0.2594808085763484,0.354644526891361,1.0893873940253178,-0.24906356356587453,0.3659091934338797,1.0899295647073959,-0.30009123252727776,0.313546040793545,1.0927332283457596,-0.27710678753156387,0.3302888327352114,1.0998271381080769,-0.26320873784368093,0.34183239097134066,1.1019150513551637,-0.2515516968394599,0.35210440758020856,1.102793335356099,-0.30648020350266586,0.3069046660469906,1.10113127099013,-0.2889697657448083,0.31590201323893546,1.1094070864590915,-0.2767953235622664,0.321995436639862,1.1132426924865104,-0.2664758786371676,0.3275149613944081,1.115381679494499
-0.3604538640434578,0.28762278136222025,1.0795338154474317,-0.3370235798540131,0.3024705261547461,1.070582944494662,-0.31444421983829396,0.3202671295413879,1.0672690646488758,-0.29969571982601295,0.334857257832869,1.0657938084552598,-0.28823840054849853,0.34734654857995406,1.064035336778772,-0.2997190709592531,0.321325481813979,1.0843436956425347,-0.2778058942051866,0.33810183423022,1.0842205844836719,-0.26576865846592634,0.35111848114479505,1.0828779439418281,-0.2562914056070956,0.36156498029718,1.081933968447916,-0.30121180752836907,0.3154987339233276,1.092053215243198,-0.27656806189623967,0.3333281762589394,1.0965672932102832,-0.26229280376451675,0.34726501159155887,1.0978414688360485,-0.251362135856639,0.3580283639324974,1.0984549836634099,-0.30527788087998037,0.30877142678002645,1.0987605003033891,-0.28096406854146116,0.32351078427536584,1.1058681876678331,-0.26631163340876157,0.3340884681151828,1.1079145632130438,-0.2541085811686743,0.34370518401942973,1.1087958147185482,-0.3112301006725431,0.3021177136998665,1.1054644226017285,-0.2927787762178895,0.3096849204800566,1.1131026695246455,-0.28007500236482913,0.31485028017987726,1.1165656038090868,-0.2693530224530927,0.31963944499363606,1.1184720165811557
-0.37075414246278,0.28521437268188016,1.0832063667487772,-0.3462464955264617,0.2999852766960857,1.077661326651253,-0.32273506591501,0.3168219398513112,1.0765353418039225,-0.30704774327648515,0.33047716163116664,1.076438886691468,-0.2948678022261169,0.3423807347920258,1.0758923036302916,-0.3086027807039233,0.31525754124402733,1.0922804127305603,-0.28554676891044495,0.330389568538753,1.093324703081458,-0.2726838389377304,0.3426342259959887,1.0924620206150508,-0.26273281534846105,0.3526517024089155,1.091779340700038,-0.3102709722208715,0.30892292572456803,1.0981434344892238,-0.2843589861379536,0.32467802947462354,1.1032351724770408,-0.26920516178878784,0.3376380365465974,1.1046640607267597,-0.25776398948877743,0.3478515735148693,1.1053632702590928,-0.31428224295849405,0.3019592779239001,1.1030016299808827,-0.2888085562310393,0.31465239121852734,1.10999487735818,-0.2735070711856433,0.3242813059358387,1.1119741348900332,-0.26082584284229016,0.3332567030657824,1.1128691248546596,-0.3197299332278895,0.29524067225697026,1.1077314910103153,-0.30045834042550595,0.3014115605906484,1.1145566398491977,-0.2873395430503233,0.3057891957423151,1.1175218026953804,-0.27631416039647533,0.30995465305318837,1.1191408348834655
-0.3835961303170387,0.27989133816430595,1.085562544716844,-0.35825993180054017,0.29420944039483354,1.0839436479678208,-0.33405655037404625,0.31003080625742807,1.0851307032398163,-0.3176449997981939,0.3227319469252258,1.0865121917283622,-0.30491416561359624,0.3340330983512575,1.087256912104959,-0.32049663230058806,0.30616346000558703,1.098827197755737,-0.29640965094553534,0.31947495754169575,1.100893555603213,-0.2827032835056597,0.3307895453613944,1.1003971496813207,-0.2722584136541818,0.3403015491639304,1.0998821414577653,-0.3222500757056492,0.29949077857532164,1.10276570959322,-0.2952549911401372,0.31312378491156045,1.1083322758786291,-0.27933345542962557,0.32511744615524885,1.1098484183296264,-0.2674151838658958,0.33476361480569294,1.110630651204969,-0.3261598561536887,0.2923581812619209,1.1057360908856932,-0.29972095746078287,0.30300093375813564,1.1125658642852578,-0.2839149888009699,0.3117943415610567,1.1144675050351553,-0.2708418790412108,0.32018666594660694,1.115381291438117,-0.3311331795244948,0.2855121898055156,1.1083994261200882,-0.31120415466246815,0.29034473732605426,1.11436073983025,-0.2977696538234497,0.2940142258138443,1.1168321293667214,-0.2865133387042125,0.2976183170399609,1.1181875845923912
-0.3955048571539908,0.27311208908146517,1.0876324648190494,-0.3697334369327156,0.28653959346619745,1.0898880931598232,-0.3450305041537891,0.30122612144499306,1.0932938821287825,-0.3280676593933392,0.31291744116686804,1.0961471991116472,-0.31494944513480133,0.32360322781506323,1.0981649179735016,-0.33186022389401165,0.29546992135507943,1.104872245833931,-0.3069111242781747,0.30688114045346127,1.1078680728072525,-0.29243985438921605,0.3172100862016203,1.1077066655634462,-0.28151740260786456,0.3261767502531132,1.1073355336518327,-0.3336066780862388,0.28857404626570093,1.1069448616330568,-0.30569342508548164,0.30000385828116016,1.112927320732784,-0.2890572723878605,0.31097119395590034,1.1145391113395853,-0.2766805757299196,0.3200146348577645,1.115398885416126,-0.33740499493760767,0.2813355510738347,1.108079968698792,-0.31017042092589836,0.28986998248172513,1.1147411103744784,-0.29390718460183773,0.29780305078175096,1.1165693541273771,-0.28046062913718156,0.30558149202468127,1.1174958048489232,-0.342029750748453,0.2743873232424686,1.1087100620258052,-0.32159869725419216,0.27787832335203466,1.1138522191597486,-0.3079081403060283,0.2807922913744286,1.1158859756865085,-0.2964518009807877,0.28379734462110695,1.1170054875212425
-0.4052150387598945,0.26539807419903205,1.0897722510143355,-0.3794636917299431,0.2777321190369569,1.0956281281915252,-0.35441113084706294,0.2911322173541713,1.1011358453912155,-0.3369842789481496,0.3016479388875266,1.1054126327996798,-0.32351703517301467,0.3115407267101541,1.1087459292501471,-0.3414061991103032,0.2836198292504185,1.110846445699623,-0.31577848963156235,0.29306457009630676,1.1148044564921273,-0.3006384178370574,0.3023844725737128,1.1150246124248735,-0.289276421745919,0.3107933339144435,1.1148379260530543,-0.34305913908626495,0.27658056314052243,1.1111034825635795,-0.31439758111217975,0.285708830818526,1.1174886165770355,-0.2970902690764029,0.2955647468549806,1.1192090137752952,-0.2842773906642233,0.3039718650030745,1.1201343062747682,-0.34674215440558553,0.26930450425730235,1.1104357776035263,-0.31887631608224987,0.2756789674256338,1.1169003443587022,-0.30218629751761594,0.28269114628004877,1.118644343106123,-0.2883847169224646,0.28982147482353193,1.1195647239570643,-0.35113364137350944,0.2623484821507156,1.109043493224789,-0.3303347045488508,0.2644984081639134,1.1133838680636867,-0.3164443540528313,0.2666267452225427,1.114992304963035,-0.304821905384011,0.26901052698840366,1.1158684521720825
-0.4125852559367733,0.2557378881915172,1.0899300626615276,-0.3872724168336346,0.2668791429956823,1.0991324781793437,-0.3620501851548574,0.27890633124254444,1.10666335876994,-0.3442811950639503,0.2881191477090048,1.1123160997789987,-0.3305362985549135,0.29702580132689355,1.1170165372390608,-0.34902896590015986,0.2697187223695253,1.1146859978828496,-0.3229083246794166,0.2771495462101834,1.1195995944752277,-0.3071772751308158,0.285413159562279,1.1202140855104588,-0.29540288324544345,0.2932363382864036,1.120232152169913,-0.35049303491262807,0.2625867605239136,1.1131910686293602,-0.3212802826322821,0.2694135296617598,1.1199431379431792,-0.30338198167887204,0.27813313130686323,1.1217490359117919,-0.29016057254473415,0.2858745137048808,1.1227344262132888,-0.3540377436278298,0.2553243859161691,1.1107468239350096,-0.32571809770035337,0.25958311380198373,1.1169750051154006,-0.3086627336296104,0.2656807058269737,1.1186190341651203,-0.2945414652009327,0.27215692014556,1.1195249806526222,-0.3582746732638286,0.2484476169495378,1.1073280765195181,-0.3372324280810217,0.2493177236544125,1.1108669521360486,-0.32320630198281153,0.25071177674228984,1.112043016531342,-0.31146322123973064,0.25251080671138626,1.1126714338531205
-0.41507208186723304,0.24327308477432177,1.08590802991665,-0.3905619469841058,0.2532067537099405,1.0981606762807499,-0.36538503326213795,0.26393392646177793,1.1075723270733588,-0.3474650351356999,0.2718918685582559,1.1145085581644119,-0.33361243711968375,0.2797964831354074,1.1205058381830941,-0.35216511533641237,0.2532963953650238,1.1140144146522561,-0.32574758138825916,0.2588283410758563,1.1197728822398083,-0.3095117538310326,0.2660072437594624,1.120768916655457,-0.29733584612277825,0.2731860470775494,1.120994328333057,-0.3533378428838753,0.24602921117919738,1.110902286596102,-0.3237769476778075,0.25072120563141886,1.1179534407817033,-0.3053794589526613,0.25831034566013344,1.1198453339007373,-0.29176202778838756,0.2653186998497552,1.1209196685832108,-0.3567075995867946,0.23876805518430264,1.1067553714292788,-0.32810868606887467,0.2410827777700985,1.1127281056795337,-0.3107505028636047,0.2462812872707593,1.114289476355881,-0.2963259683115311,0.2520480472297739,1.115211211406959,-0.36085998919852785,0.23200508462521677,1.101385740095443,-0.3396894294733661,0.23171863086451058,1.104175391293503,-0.32558591421085326,0.23246419044953412,1.104945925486019,-0.31376339842486106,0.23372600962918688,1.1053549430239817
-0.41100982612204284,0.228753019323885,1.0790236347551811,-0.3875280456035793,0.2375830100127045,1.0938624042982843,-0.3625562540479798,0.24715781616307703,1.1049195786271837,-0.3446436201108154,0.25398695287457734,1.1129859851517596,-0.33083310819178113,0.2609558655554374,1.1201308285797078,-0.34900990428381967,0.23528946583437754,1.1100237414531116,-0.32246034841212873,0.23910869693506048,1.116518587796317,-0.3058171195032357,0.24521113620313573,1.1178948113361113,-0.2932693179040329,0.25170745810172157,1.1183298203487757,-0.34982054551673586,0.22785595262748048,1.1054526448183584,-0.32007072651772556,0.23057387760542022,1.1127424504408245,-0.3012507272770889,0.23700930684078872,1.114751125745638,-0.287264536536766,0.24322894001371628,1.1159378383226388,-0.3529926269143708,0.2205863171611363,1.0997269993005152,-0.32425206413373847,0.2211184723589373,1.105438935169974,-0.3066450948820909,0.22541813738804808,1.106947715476749,-0.291945953013017,0.230435974154731,1.1079114869584872,-0.35712768945944556,0.21397533599322208,1.0925814279130317,-0.33591815147529086,0.2126514032421973,1.0946931829201205,-0.32178055371126885,0.2127926442814758,1.0951019679836105,-0.30990929722461724,0.21353974182638094,1.095317553662782
-0.4037889792141499,0.21407281556365962,1.0725146116154305,-0.38129541268048744,0.2218178732417687,1.0893551988852892,-0.35657427844663453,0.23018492398801466,1.1018606526737273,-0.33872701011993395,0.23582884339003865,1.1109263939048204,-0.32502547716457897,0.24172475591283188,1.1191635646099853,-0.3428642449431238,0.21707502579730575,1.1060837275396134,-0.3163007904174098,0.21910562127251745,1.1132884508433003,-0.2993295418449609,0.22412175992566324,1.1150048131798742,-0.28647676155495505,0.22997577477907044,1.1156174345450152,-0.3433053737656224,0.20964570650721684,1.100183358242655,-0.313488974509618,0.21030373718990147,1.1076753168450573,-0.29431750666191914,0.21557199494899673,1.1097591062033056,-0.28003907419140284,0.22107738923330977,1.1109930652504567,-0.34628176203194466,0.2024910168646382,1.093010992819652,-0.3175115466713742,0.2011969013378662,1.0984450817578815,-0.2997131383011158,0.2046561538584811,1.0998660444911248,-0.28481922508815594,0.20906665500115074,1.100810047588883,-0.3504284222306185,0.1961746424330741,1.0842527838860228,-0.3292496754294938,0.19383724674700073,1.0856859879821228,-0.31511408384654455,0.19334636273671674,1.0857389812372684,-0.3032197981815329,0.1935858012127645,1.085739464787582
-0.39843659607408644,0.20122935004711623,1.0678570967075531,-0.37681965235454556,0.2077252531167635,1.0862978890162152,-0.3523938773306569,0.2146408476175525,1.1001933723700328,-0.3346697173988391,0.21890146549502204,1.1102067517708376,-0.32117390012215385,0.22346523699059542,1.1195544614796193,-0.33887327567783077,0.20018383744794743,1.1038965171106527,-0.31242331695068937,0.20022309138402072,1.1117734844628342,-0.2951914905676263,0.20413743431884118,1.1137414538880124,-0.28208636192803355,0.20938479580168246,1.1144894892028359,-0.3389680184610538,0.192922779307224,1.09680384992442,-0.309224606477139,0.1914287336596402,1.1044639663615885,-0.28978183573851063,0.19560520447467575,1.106507897592687,-0.27527719998271544,0.2004939822966637,1.1076999747587437,-0.3417482705128155,0.18603452803383874,1.0882745123290005,-0.31307173860834336,0.18284916002471385,1.09341642812538,-0.2951317303366783,0.18556117259386123,1.0946694223961209,-0.2801031286795055,0.18951286032661532,1.0955046524638705,-0.34588896475850994,0.18019758261155006,1.0779511312288794,-0.32481282165926867,0.17683362782448175,1.0786838036600288,-0.31071714132345385,0.17570749998557972,1.0783638712334724,-0.29882540351139564,0.17546132333000566,1.0781244315499352
-0.3961156055399253,0.1919575906058652,1.0646389454980896,-0.3756323458860328,0.19729495842304046,1.084676420692601,-0.3516824690924387,0.20292104366607275,1.0999171213609755,-0.33423953450906213,0.20596707508175138,1.1108273093861964,-0.3211035326336262,0.209416002907948,1.1211178449702837,-0.3381972000289813,0.1873386234617372,1.103003584187965,-0.3119494779441837,0.18581383223438946,1.1113928969892943,-0.29455318533100006,0.18872942533434825,1.113628773765373,-0.28118705600260374,0.19323239406304393,1.1145819869781832,-0.3379256064455162,0.17992182804356818,1.0948463913932494,-0.3083447327581089,0.1767774859121716,1.1026351741687095,-0.28871611833359406,0.1799653634163145,1.1046837908076823,-0.2739666076016845,0.18403363935291536,1.1059513550245355,-0.34049202971282755,0.17315111454583268,1.084977431233888,-0.31197265910727384,0.168498202560221,1.0898687766312256,-0.2939248560764468,0.17043007612830174,1.091014889139906,-0.278717872656432,0.1736267993520009,1.0918521040870408,-0.34465183242004044,0.16777150182808456,1.0731237258227384,-0.32371754680475695,0.16355452155010944,1.073295690218486,-0.3096782975578994,0.1619566264136732,1.072659343996566,-0.29780774490262346,0.16128010283351607,1.072254797333809
-0.39436985165776106,0.1871296404667945,1.0625660080303891,-0.3756088001622669,0.1920757503408445,1.084317117825811,-0.35233902317670995,0.19740571638995796,1.1006767428646356,-0.33532491660159347,0.20003757922876453,1.112345502544191,-0.3225546226365837,0.20331387440717674,1.1231404204679312,-0.33784200992606545,0.18140610574670077,1.1028098437779623,-0.31171541820276794,0.17957656776551245,1.1115105602947686,-0.2942797119145038,0.1817287918911917,1.114248242217139,-0.2806560299719218,0.18524251551925436,1.115622211873668,-0.3370812994768696,0.1730750794562797,1.0936130121755772,-0.30759282075416955,0.16934382202446432,1.1014925713809713,-0.28786525019506476,0.17150993513671542,1.103895238890562,-0.27286500556155807,0.17430533385558292,1.1055934914949752,-0.3394300503151528,0.16591029720447,1.082382098249328,-0.3109853425268269,0.16068942880740744,1.087132938332527,-0.2928745442762889,0.16168789813073856,1.0884637085395146,-0.27746549014458716,0.1635075315082873,1.0896563099443628,-0.3437668454655679,0.1606642192779059,1.0692290086207243,-0.32292028205421675,0.15603022323342156,1.0691683189451633,-0.3089106414986453,0.1542461770585601,1.0683899388668987,-0.29706434023416,0.15322748877562967,1.0679914629807892
-0.3917092445681813,0.18570380357881236,1.0618739889592066,-0.3750198120063246,0.1913893282403794,1.0850836740824739,-0.35250448517781874,0.1978137216342576,1.102092954425259,-0.3359518114852455,0.20104950301162633,1.1142628019804257,-0.32338669728036246,0.2051670824740945,1.1250102768195516,-0.3357300170505157,0.18251470373202966,1.1031520434786006,-0.3096083356283894,0.18166150217922095,1.1120164824906047,-0.2922552342246587,0.18325736170986168,1.1155454949298216,-0.27849046004944583,0.18578196598434624,1.1175445249913138,-0.3342208182445119,0.17268588975116747,1.0930033982208094,-0.3047083150301951,0.16922346765843901,1.1009156608522979,-0.2849923868161949,0.1702692457736134,1.104051010934088,-0.2698947764264736,0.1717310262772448,1.1064239865450605,-0.3363341062155236,0.1645726265146275,1.0805391206201629,-0.30786958291652794,0.15946114791355184,1.085290230948339,-0.28977215639403864,0.15955239503589308,1.087091266992092,-0.27432089652344915,0.1599265134099158,1.0889053554207462,-0.34101732316655153,0.1589871300862858,1.0665672600321299,-0.3201581797403469,0.15440969748787298,1.0665746743772795,-0.30614426149926843,0.15263398054916796,1.0658565868599426,-0.29431405955010864,0.15140554426389852,1.065594616186653
-0.38926669592310814,0.18522759576637654,1.0622250211249866,-0.37428224301724883,0.19237964317980308,1.0861805261779685,-0.35245240358193514,0.20058783831514948,1.103315637304007,-0.33628709668627554,0.2049391994336792,1.115657233083979,-0.32378799082903026,0.21008625518488963,1.1260314771958382,-0.3331854333399441,0.18693324082239202,1.1034524976210625,-0.3070777054306144,0.18744989911982352,1.1123837953891595,-0.289891086529377,0.18863102769057946,1.1167833284108355,-0.2761468564789028,0.19056659578291216,1.1194644611012652,-0.3307631842877152,0.17590695952857868,1.0927846387440343,-0.3011974629667365,0.17287951099692517,1.1006765834239811,-0.2815942244200244,0.17301819527244003,1.1045926659682583,-0.2665546917535321,0.17378726079099316,1.1075804160201488,-0.3325238731866937,0.16678620389403492,1.0795883982541434,-0.30405881396704204,0.16183822106987777,1.0845064485865814,-0.2860248783648261,0.16139259995559313,1.086818913099339,-0.27064914221681924,0.16115145432160538,1.0892065687829193,-0.33743223851588444,0.16054869655478235,1.0653265191923578,-0.3165097818961373,0.1562728553713035,1.0654839987433127,-0.30248567433404916,0.15451697518450863,1.0649362609838027,-0.29065549415122405,0.1532659387746074,1.0648217741219854
-0.3880959150998957,0.183691967136193,1.0622486423765278,-0.37387344102542697,0.19215989280695653,1.086239626088555,-0.3524976368475408,0.2015118437704164,1.1033610862885175,-0.3365442244087004,0.20670960988981552,1.115650851784051,-0.3240420770137987,0.21230900257868648,1.1257843547845494,-0.3319026858374783,0.18920280144836532,1.1029877359655924,-0.30583911360679955,0.19052532500118155,1.111964907359453,-0.2888269783284922,0.19155665589092943,1.1170299280538103,-0.27520897229014585,0.19343197168081616,1.120327178158347,-0.3288509436392351,0.17802645192878647,1.0922713114223084,-0.299261128782705,0.17530376442151432,1.1001839558707176,-0.27977698199801443,0.1752439224023654,1.1046568006418387,-0.26484573755425,0.17618388415719133,1.1081035478375154,-0.33017283768377914,0.16860105969865088,1.0789370020015134,-0.3017628521470416,0.1636863404342043,1.0841951010717923,-0.2837843622000127,0.16317718967838554,1.0868939097603734,-0.26847122139485,0.1632864132095675,1.0896630435373416,-0.3349253588103695,0.1619465193500754,1.0645950813173017,-0.3139403288585579,0.15799206990278994,1.0648133841595508,-0.29991228142083476,0.15621913684957356,1.064453775663554,-0.2880648320017354,0.1551382053591407,1.0644836399131974
-0.3875293599248841,0.18104797658985988,1.060754039852887,-0.3733055070388647,0.19009058831413364,1.0845335481681606,-0.35210709806835927,0.19943924609795,1.1018759368506195,-0.3361651399574103,0.20497599461553637,1.1140317940582658,-0.32362360385250355,0.21055882641086981,1.1241256848989412,-0.33143102339654856,0.18748726566573717,1.1014877390608435,-0.3054204653877478,0.18902789824211172,1.1105831112655273,-0.2885391003394047,0.19037535157532412,1.1159992638100222,-0.2750878852913387,0.19254763432795097,1.119765529519903,-0.32815527914594683,0.1767508418888756,1.0907486815008574,-0.29856802504076935,0.17450196176391103,1.0988181948301803,-0.2791783572824033,0.17506557026431901,1.1036519332405224,-0.26439313347123483,0.17664318639750493,1.1074747514628362,-0.3291653554465874,0.16773386447297017,1.0774182869529214,-0.3007890900273492,0.16309907867226206,1.083095933553171,-0.28285446466170744,0.1627628350117715,1.0860967762348173,-0.2676101965782488,0.16352964916842264,1.0891293658249284,-0.33362639031210206,0.16116266552902778,1.0628806809125557,-0.31257989589939583,0.15754896954783115,1.0630882451963573,-0.2985445905496153,0.15580381990298287,1.0629353359026643,-0.2866775047652598,0.15500610729518602,1.0631947430742026
-0.3865721101626147,0.17867360927874126,1.0583683893789282,-0.3721938923883824,0.18761816661154324,1.0820920817810866,-0.3510215648767108,0.19629839379988623,1.0998097168984058,-0.3349427738182308,0.20179036165334188,1.1118046009831013,-0.322285599290193,0.20725195834311755,1.1218201721397634,-0.33069483520871984,0.1844627063373908,1.099501570087278,-0.30478340238593493,0.18625002461024417,1.1088317155667515,-0.28801181196267905,0.18826930897794647,1.114378522763937,-0.2747052056169319,0.1908277853370239,1.1184068204569415,-0.3272983488288302,0.17407484495167397,1.0885163237456799,-0.29773043071963834,0.1726711107826614,1.096843860100677,-0.27846263268216864,0.17415109180316704,1.101962796739022,-0.26382122608171293,0.17623291774998975,1.1060860076793149,-0.3281565000649106,0.16556074758293407,1.0750113784936992,-0.29974536612472014,0.16165830599407138,1.0810535442773315,-0.2818617153821041,0.1614582465666016,1.0843556520809534,-0.26668626345093327,0.16256811915287636,1.0876184966221794,-0.33250483134646935,0.1592122877669302,1.0602297484765613,-0.3113868618219829,0.15604637778308297,1.0604850635320109,-0.2973355174886479,0.1544314673449751,1.0605875891363026,-0.2854638333653186,0.1539176145247196,1.0611624228979606
-0.38522508563740543,0.1776039815342071,1.0570775971573516,-0.37076502280507917,0.18615833824495776,1.0808952670178915,-0.3495754449146426,0.19418153557528695,1.09889966880959,-0.33329672385802206,0.19931006991131145,1.1107852842053485,-0.32044561983301867,0.20453989405394804,1.1206768379662484,-0.3295084649343071,0.18310289768417437,1.0984677186214895,-0.3037476254793119,0.18536342540303513,1.1081070981249916,-0.28706969002375826,0.1879053814525008,1.1137209874317748,-0.2738347972108796,0.1906970397130032,1.117829881737094,-0.3259785559763852,0.17290390192341906,1.087263410668841,-0.29644904942323025,0.1724191059490492,1.095828066427442,-0.27728623088391957,0.17441317846788063,1.101162104087626,-0.26270688409352083,0.1766368516706491,1.1054286694068807,-0.32674329143993114,0.16459609556493024,1.0735698493282742,-0.2982906777097065,0.16155144398401813,1.079902954265689,-0.28045400362789,0.16143233879877608,1.0834536971821835,-0.26531446217354826,0.1625658849102293,1.0868715431030416,-0.3311023190636349,0.15827327001713504,1.058667585177466,-0.30992077631883586,0.1555933629505768,1.0591335827154038,-0.2958519407804523,0.15418109232595112,1.0594970150658147,-0.28398889108176195,0.15387986259046635,1.0603388434280117
-0.3840370299662024,0.17771120236042603,1.057716743257358,-0.3695022131003557,0.1860386977605482,1.0815692851024634,-0.3483227986798223,0.19390428543887853,1.0996550067007573,-0.33192280958362547,0.19864263782601368,1.1115358674149853,-0.3189386087034286,0.20351691948010356,1.121435194507694,-0.3283552256486761,0.18405485079604494,1.0990328036780148,-0.30273737521908817,0.18666538301725166,1.1089605090068215,-0.2860907923333091,0.1891688456112944,1.1146836880214042,-0.2728588435044865,0.19195622665732326,1.1188049491293373,-0.32475523828578573,0.17405648136797797,1.0879778990878837,-0.2952779514345027,0.17412678639675427,1.0967337388399023,-0.2761414717441111,0.17610372347637196,1.1021677762140496,-0.2615561973360306,0.17829063540341156,1.1064330829597888,-0.32539162402599653,0.16568378532201017,1.0743713922511744,-0.2969501758863317,0.16320678614877826,1.0809954282031744,-0.27913411133970484,0.16320828679543267,1.0846501163463156,-0.2640002778711889,0.16433110379690066,1.088096662371206,-0.32963646991817497,0.1591887674318947,1.059442084394206,-0.30842762037565824,0.1568308021960925,1.0602676203838142,-0.2943481891332059,0.15559142828532793,1.060808261665037,-0.28249190900575377,0.15540695592629897,1.0617705266943678
-0.3833793839354132,0.1781642176926082,1.0585776381640695,-0.3690500408124957,0.18686207615062728,1.0824223234701333,-0.34803073184045014,0.19521335921930222,1.1004770489429214,-0.331706783191057,0.20001152524951762,1.1124383523940256,-0.3187954162636935,0.20467086469368234,1.1225344868543115,-0.32787386583959127,0.1856728247038796,1.0999355919079148,-0.30234503057683654,0.1882892956399381,1.1100884792890593,-0.28569069240463585,0.19037518400940587,1.1159547314590517,-0.27245626271831025,0.19309879882792672,1.1201105164898422,-0.32420345970661607,0.17589242287722961,1.0891795057959117,-0.2948076285671912,0.17602264131754844,1.0982043751829527,-0.275664200094996,0.1778724892563386,1.10365864931197,-0.2610839778882957,0.1800764952219555,1.1079324220103777,-0.3246602767017489,0.16744835311932257,1.075856423530616,-0.2962751524048978,0.16513642289399055,1.0827751695704946,-0.2784632754070351,0.16525519405830089,1.0864482928775283,-0.263326816603679,0.1664733874265856,1.0898506351273642,-0.3286026546520345,0.16085668530002775,1.0609095006716889,-0.3074091913116168,0.15852610327477573,1.0621187598260664,-0.2933331490131416,0.15728698730245852,1.062741936859721,-0.28147774905956874,0.15709956333139397,1.063714421663937
-0.3833590626130851,0.17816791404563148,1.0572773165158007,-0.3699369488973987,0.18777430619670085,1.081300553738921,-0.34932922884289336,0.1969473900191484,1.0994307715477254,-0.3332933455460551,0.20226330344142418,1.1115616407823674,-0.32070958102502684,0.20694296338266222,1.1220542298023766,-0.3283898357313317,0.1858130735621791,1.099320837874058,-0.302920734844605,0.1882066283414172,1.1096767187031733,-0.2862745343773408,0.19002845219802164,1.1156529878240382,-0.2730816594991785,0.19283010937418305,1.11988825942578,-0.32449093512000565,0.1761507650525298,1.0884846880483487,-0.29522911147086545,0.17600438830438742,1.0979347866323397,-0.27610837042397496,0.1779426895278834,1.1034377083586517,-0.26158530997883356,0.18026524769400187,1.1078413538760217,-0.32480056353180353,0.16778418547686305,1.0752884269194498,-0.2964836567836859,0.1653432397132082,1.0824385266024004,-0.27869414202680776,0.16546297536287524,1.0862184382011215,-0.2635684819123577,0.1668482380602166,1.089604847263054,-0.328465812778849,0.16136435202355956,1.0604157488100747,-0.3073155148918595,0.15882997459935827,1.061931875125329,-0.29326611772751515,0.157355535102646,1.0626384105353675,-0.2814119133834484,0.1570502854109158,1.0635955022202876
-0.38372449642191375,0.17733564143910654,1.0535792197860805,-0.3713686747263457,0.18776784327260146,1.0778290583127144,-0.3512126252321567,0.1974926990203225,1.0961781520213152,-0.33549851318156865,0.2032203421271335,1.1085404844838198,-0.32340002305678056,0.20791207443007267,1.1195839873577769,-0.3292484082065149,0.18412015994338718,1.0964050084843233,-0.3038111611719656,0.18611787132053753,1.106921856147156,-0.28718952413372767,0.18806182301049584,1.1129279412915767,-0.274054409018294,0.19095359922839394,1.1172805424947663,-0.32515878411783383,0.17448113607597243,1.085286230115342,-0.2960324399048749,0.1739647180358999,1.0951335392843002,-0.2769701350888901,0.1760623547187476,1.1007789226008187,-0.26250971792872757,0.17849401388851954,1.1053274415033874,-0.3254669592837079,0.16630182450345526,1.0721704537966525,-0.29720550589533873,0.16363263208016499,1.0794570863291268,-0.2794767850244579,0.1636453792693242,1.083514326449787,-0.26438126608863155,0.16518142270404476,1.08696949527316,-0.329011512054675,0.16016040786035085,1.0576997809620237,-0.3079026196266042,0.15744819969353588,1.0594648293920954,-0.29389317127949055,0.15570611962985492,1.060336172526497,-0.2820425875979547,0.15530806297121155,1.0613039430581634
-0.38368460124845005,0.1759670133067705,1.0494902789491571,-0.3713023308331011,0.1868648078913675,1.0735208695783607,-0.3511352935962696,0.196515722063105,1.091896909826227,-0.33545291127879434,0.202160570773327,1.1043373698216683,-0.32367402832579173,0.20679253981105528,1.115745592743847,-0.3288771044189131,0.18243806289581968,1.0919400830088903,-0.3033888537601777,0.18392840442134695,1.102417507916809,-0.28677857549306585,0.18620276110728368,1.1083383847370183,-0.2736500978934041,0.18895313966022362,1.1128012593436827,-0.325083758088418,0.1727516395657843,1.0810976818037326,-0.2959825351360844,0.17201686373908584,1.091005206208749,-0.2769618374595872,0.17408393687286117,1.0968002183657755,-0.26250246608738875,0.17656319990424293,1.1013263082138627,-0.32561754835825096,0.1647114015691199,1.0685388564465144,-0.2973745960842852,0.16199233536186586,1.0758785890908198,-0.27971740648236304,0.1619601624796654,1.080236515647401,-0.2646586808158647,0.16359952525809465,1.0838029682203494,-0.32912568481339155,0.15865872707951045,1.0548964047862759,-0.3080193662012844,0.1560922985182886,1.0568947960705004,-0.2940120284081922,0.15443130428298155,1.057940889229391,-0.28216083360769795,0.15418191570419384,1.0589500223405526
-0.38220337083170774,0.17508290618624667,1.0463913918970302,-0.36869293683561144,0.18648203180733205,1.0695663771558626,-0.3479922062529787,0.19591080029952887,1.0874578966139468,-0.33203891092382004,0.2014360612403498,1.099604103292882,-0.32012986133240734,0.20621469137124993,1.110814990988799,-0.3263215299335277,0.18291471845637067,1.087178701573073,-0.30071992230398015,0.18426039321643892,1.0973961042973037,-0.2840983615853361,0.18692859248291402,1.1031175775967832,-0.27093635968907154,0.18947235821012717,1.1076041930284741,-0.3231651833846481,0.1730310100717683,1.0772735470658903,-0.29398546740228243,0.17240591960442866,1.086955155907867,-0.2749491846219557,0.1743750897239076,1.0927330624741898,-0.26044779531472484,0.1769287605788535,1.0970798001354267,-0.32402625632877047,0.1648787853198506,1.0656947335007747,-0.29575512972017753,0.16252014851622856,1.0730506550737888,-0.2781185757831471,0.1626724848609783,1.077488859943938,-0.2630778256474746,0.1644256107553547,1.0810769928745836,-0.32750426561490426,0.15863630336728615,1.0529484854189837,-0.30635809774293743,0.15659497410052137,1.055123196387308,-0.29229851707644516,0.15547083481109986,1.0561830204939238,-0.2804483593345166,0.15563089977891073,1.0572220119260483
-0.3788700845957912,0.17542400298391458,1.0432371594652798,-0.3649233513320567,0.18796945983675434,1.0655452740664522,-0.3439212916372609,0.19810894074838803,1.0826809913222908,-0.32789716825618226,0.20441499697184143,1.0943440784687348,-0.31569267292283587,0.2097030137361817,1.1049945218110337,-0.32246748873079045,0.18581991496754754,1.0827136619690647,-0.29684231871957395,0.18791287391565667,1.0927445471216368,-0.2802398218916649,0.19109957386456622,1.0982520753585805,-0.26708284069156435,0.19377614068635574,1.1026757154629288,-0.31943732477963716,0.1755375318132854,1.0734225787006089,-0.29022438392923444,0.17539320427303562,1.0830227541732198,-0.2711448078121269,0.17748604357347605,1.0886112867351003,-0.2566305919280963,0.18021650435815623,1.0928050650012897,-0.32035179650922474,0.16695514008095838,1.0623475768380977,-0.29204792228419135,0.16534460668172438,1.069779012466714,-0.27437318059907756,0.16586849744519733,1.0740331808269903,-0.25932004111567003,0.16777780279187607,1.0774871434439668,-0.32375967213030155,0.16044393435208582,1.0498642487908076,-0.3025698149131238,0.15901418164119377,1.0521008906802969,-0.28846265253464654,0.15848158937331788,1.052974412231299,-0.2766223285628647,0.15904635606976422,1.0539839315824595
-0.37460380760637846,0.1766267733941103,1.0381650375231875,-0.36229575869653485,0.1910990772007718,1.0602697019177412,-0.3420451611460963,0.20335999575533928,1.0769163702180837,-0.32677266257229237,0.211653068950061,1.0883418768287807,-0.31493503910214526,0.2178608923594617,1.09890967556484,-0.31904947568219344,0.18960286865715317,1.0780781833826072,-0.29363170773711184,0.19311631204782417,1.0882389540441684,-0.2771207917342813,0.19686104540211652,1.0936701095030525,-0.2640512179514981,0.1999767761970303,1.098065245311434,-0.3152156082255128,0.1788080457851882,1.0683595600003986,-0.2860881678564933,0.17945175213626238,1.0781961230361203,-0.26701729000748586,0.18184161705496613,1.08369449198334,-0.2525503496358997,0.18478615826938524,1.087906732277108,-0.3157198842801677,0.1696696380419469,1.0567553998924193,-0.2874218457918327,0.1689209430906133,1.0643441957825053,-0.26971356388977696,0.16975919975281392,1.0684041196057725,-0.25465060333112977,0.17176132595709942,1.0717613540098618,-0.31903154660609406,0.16298956051753136,1.0437532898022426,-0.29781618965914797,0.16190178454261953,1.0459401097954226,-0.2836942089500319,0.16151338321610562,1.0466311452919812,-0.2718551704639956,0.1622096112366343,1.047571249950048
-0.3709198827342698,0.17780263119172393,1.0309827133124807,-0.361101089887759,0.1941748803135802,1.053007531113417,-0.34249450807400816,0.20883202986770974,1.069635563787467,-0.328718783814988,0.21920984450379338,1.081258681335245,-0.3185426818640631,0.22675120041233468,1.0926569123898529,-0.3167903391035414,0.19270059811741494,1.0721623823740878,-0.29167298707317013,0.1973291920078849,1.0826191131148988,-0.2752618125043534,0.20134590055257318,1.0881571837631203,-0.2622821180567468,0.20469650810054332,1.0926449133817981,-0.31187177312816117,0.18151726551749756,1.061690165280091,-0.2828503316642115,0.1830871094414322,1.0717336526267227,-0.2638765984039828,0.1856477034762714,1.0774854090279975,-0.24947720039939003,0.18870281533048888,1.0818476657414926,-0.3117954433458251,0.1720571650933482,1.04922031233015,-0.28351024287633386,0.17200637162651647,1.0568932650801182,-0.265819806269111,0.17293628546760056,1.061010620602674,-0.2507937054456042,0.17485690065869483,1.064574304694003,-0.3150110083794361,0.16525665521066735,1.0357023093033884,-0.2937799805309888,0.16421785690747134,1.0377568562666473,-0.2796707034609592,0.163538996910529,1.0384822351071685,-0.26782284772571957,0.16410540262411935,1.0393981289564205
-0.3683690493830095,0.17842555496874166,1.0234751791541634,-0.3598134893671216,0.19592290185578087,1.0451592073353944,-0.34248095318063676,0.21165717705621884,1.06217520462366,-0.329873946549608,0.22288413519824213,1.07432367249798,-0.32196572325499584,0.23154528406739,1.0866844684115995,-0.3149355443804478,0.1944093054088286,1.065153738644909,-0.28996008661466066,0.1993360777158332,1.0758121576754514,-0.2735789128961325,0.20322589285697037,1.081526815192488,-0.2605831279624852,0.20639474721726228,1.086099198818754,-0.30955560232166535,0.18314086880912897,1.0544940383001964,-0.28056669167845716,0.18551581846450416,1.0644731558226754,-0.26171946286199793,0.18810360530114772,1.0706154048056857,-0.24734564708463114,0.19114802511463744,1.0750685590774842,-0.3091588407875126,0.17368370110207876,1.0417230763371186,-0.28084760960146476,0.1741614454639519,1.0492845112891416,-0.26320485755937756,0.17508976057925912,1.053601968299148,-0.24825150245486288,0.17686742365933295,1.0575274489149802,-0.3123007938603168,0.1666472527190813,1.0282814927120683,-0.29105429577684955,0.16560827989866814,1.0301692594635943,-0.27696962281646353,0.16468361622160055,1.031077945041709,-0.26512007395841375,0.16509650004310814,1.0320521530837428
-0.36588806341495644,0.17906486356416512,1.0181320182950664,-0.3571635586796431,0.1968311265898827,1.0395281569340773,-0.3400975029676713,0.2122823446745805,1.057064918111335,-0.3277507387793818,0.22318437420913328,1.0697641166339757,-0.32090792741205526,0.2320121175856846,1.0826323585689908,-0.3122405924947368,0.1953835977068847,1.059403919584646,-0.2873225237881231,0.20039911753868106,1.0701548676803097,-0.27092229609706975,0.20408290627436218,1.0759508194570517,-0.2578213977329735,0.2070495007717198,1.0803558773642727,-0.30703049019087236,0.18426391883847817,1.0489894527476993,-0.2780619903351987,0.18719339155755074,1.0588800704419068,-0.259264762598233,0.18996997171696536,1.0650926970494023,-0.2448480084434504,0.19302314830098363,1.0693986194079972,-0.30666315955903667,0.17484481955925793,1.0364601857830738,-0.27830762846528784,0.17591348320834496,1.0437917043075944,-0.2606649165451848,0.1770128184279817,1.048068979349517,-0.2457255451974833,0.1788534819891151,1.052018593807086,-0.30983188838710723,0.16745498580989832,1.023460649548713,-0.28856692629512265,0.16656586449009472,1.0252121229700457,-0.27447751288147315,0.16579193299050002,1.0261858706220575,-0.26263227225923863,0.16624764327127403,1.0271928290322703
-0.3614349650390475,0.1815499969829607,1.0170113296326933,-0.35231974353140494,0.1993111854366668,1.0382482021664212,-0.335178521181262,0.2143895772058059,1.056034404359484,-0.3225952815577016,0.22468958912955395,1.0690012201581927,-0.3152816304307769,0.23278768305961683,1.082088471700157,-0.30742366463583437,0.19805315730900214,1.0577316830719774,-0.28260892087528605,0.20371501678937165,1.068400343321943,-0.2661743866719659,0.20751927025181158,1.074018578443336,-0.25296359286249603,0.21068328990094748,1.0779304402261267,-0.30237127475585945,0.1870953704054517,1.0474112422363355,-0.27345950932599694,0.19055643078540516,1.0572961293600132,-0.25462090032052404,0.19383385400495912,1.0631276990560736,-0.24012617424243785,0.19706544417054464,1.0670219763823339,-0.3021067166024439,0.17756389289774568,1.0350554323613197,-0.27371974803291005,0.1794318584225093,1.042099583815499,-0.2560071148442895,0.18101138299581515,1.0459122772535863,-0.24099902581303467,0.1832531431040968,1.0493625074227333,-0.3053605821367281,0.16998633570483668,1.022248089244143,-0.2840719389352169,0.16952395375817456,1.023871875626231,-0.2699524534979148,0.16923973321209132,1.0246580527459621,-0.2581127703163511,0.17002334555575452,1.0255178296667913
-0.35331047703640217,0.18828180157649566,1.0197790798499362,-0.34445826448847683,0.20662940596213006,1.0406250765819198,-0.3276418797576889,0.22217934487881982,1.0583151018709502,-0.3148384622004575,0.23221722238427236,1.0712719529950325,-0.30701543246641866,0.2395284772276139,1.084526783413608,-0.2992359610348824,0.2055589940045439,1.0600924448449225,-0.2744821201242407,0.21241831601690514,1.0701842996748183,-0.25801146770523425,0.21678129665971263,1.0752649328606139,-0.244777546114139,0.22049694646895504,1.0785658451345046,-0.2940103618243263,0.1946995022048616,1.049540377151155,-0.2651195362254227,0.19903508928245908,1.0591374076074593,-0.24625355406398347,0.20297780193318002,1.0644451030941342,-0.23173065731888676,0.2066245012796079,1.067835192912842,-0.29368120799215625,0.18513068700076057,1.0369761866355056,-0.2652752409260651,0.18787252304670568,1.0436479719749874,-0.24752124287894467,0.19018124100586842,1.0468470778396022,-0.2324940542496435,0.19304928749591693,1.0496984326410206,-0.2969276219670492,0.17780173161742782,1.0238558578841936,-0.27561936865114545,0.17808602810755686,1.0252466579314614,-0.26148705375220566,0.17835243547761065,1.0257618545026588,-0.24967980224326497,0.17969847539272735,1.0263171479836803
-0.3414698688050308,0.20068109011736623,1.022381419139297,-0.3333199254321037,0.22015231010788094,1.0424812163654962,-0.3171946068669378,0.2366370263615896,1.0599671141594278,-0.304356058036179,0.2466880074708736,1.0728789660665699,-0.29702536397423407,0.25388382623486405,1.0864740345811124,-0.28746484559376834,0.21930309508592974,1.0621859472123087,-0.26266294841219956,0.227304003876928,1.071268888746819,-0.24620596262369154,0.2324223050777483,1.0756394077480782,-0.23304778617685196,0.2367104191768386,1.0785226743141665,-0.2819435004542643,0.20861128520711986,1.051314943628713,-0.25303098806042507,0.214127584173823,1.0602153472970288,-0.23422042826836084,0.2187155178407432,1.0651908475048757,-0.21977774129159783,0.22294946221788223,1.0682220457619052,-0.2814438291201239,0.19929738583982926,1.038390155936217,-0.2530435587995153,0.20277888134796254,1.0447331192990332,-0.2353559504753072,0.20587933956749913,1.0476148851124616,-0.22042884350186479,0.20937405813382648,1.0502871000212632,-0.28461717672429787,0.19247140128853407,1.0248002502136673,-0.26332046574359286,0.19362751850067517,1.025882055665961,-0.24919989238066803,0.19433320295994605,1.0262945385659594,-0.23746650646681342,0.19626854613795833,1.0266313831568525
-0.32820309312669493,0.21734505734832904,1.0206579154846516,-0.320572009185857,0.23757785013895882,1.0402015202497554,-0.3049894700676683,0.25470586648016336,1.05756078064007,-0.292256087480304,0.2648444273740884,1.0705082525127914,-0.2857498646182371,0.27220265021721524,1.0844319873454122,-0.27415534468552916,0.23719614537566294,1.059805038607365,-0.2493393132663414,0.2459477398253039,1.0681250537153568,-0.23297264826084232,0.25170271713808057,1.0720164978551385,-0.21993155767191386,0.2564236531916081,1.0747517263746533,-0.2684866446404643,0.22677891443408163,1.0487359047867595,-0.23960757064675006,0.23333866529950031,1.0570153290736375,-0.22090252362666637,0.23849615874600227,1.0618281634429998,-0.20660809880609762,0.24331337888395344,1.0646863908941506,-0.2679001930567141,0.21779387332142908,1.0356471962875102,-0.2395687187479475,0.22193922371986016,1.041898034874832,-0.22201774450632325,0.22572673580763752,1.0447940595570326,-0.20723337483718574,0.22971075868879842,1.0475729600845654,-0.27105528882361396,0.21118341945742045,1.0219389358191122,-0.24980045182267058,0.21305127681378352,1.022833263275983,-0.23570698504393295,0.2141551268861368,1.0232963334337064,-0.2240469841579966,0.21648959462445885,1.0236513013438504
-0.31639851305124383,0.2348552083216396,1.0145858689875198,-0.30892082840031726,0.25511269234186845,1.0341631621320464,-0.29358022977529846,0.27254990148383795,1.0514298399137878,-0.2810260965784532,0.2829378739365786,1.0643546317886265,-0.27460749400466716,0.2902617243695605,1.078337032400261,-0.26224208965764945,0.25545545476116444,1.053192004614619,-0.23757177154876596,0.264775616446394,1.0613257898818849,-0.22133523906006014,0.2709755612519892,1.0650763260990965,-0.20842202571195953,0.2760672100596221,1.0677526649173834,-0.2565499816566399,0.24524621498422852,1.0420377474846185,-0.22777824995955162,0.25250389286590796,1.0501058129026397,-0.20916534723598854,0.25815974633710065,1.0547115778832639,-0.19500422722082703,0.2634398137682008,1.0574114339553748,-0.25597320399300566,0.23630599977260028,1.0290079687305176,-0.22777935957250942,0.24129092938848978,1.0352679178514212,-0.21035514229794977,0.24565192164408,1.0381222658541622,-0.19565773805905728,0.25004053729774217,1.0407487985983452,-0.2591736917838525,0.22939070927612734,1.0155540695638205,-0.23796640527573218,0.2317518415731962,1.016410143087962,-0.22391733525323995,0.23332687067244695,1.016859186110637,-0.2123081057837802,0.23589304376719555,1.017273805540658
-0.30703626954811236,0.25089732990146213,1.0063555806921127,-0.2996479950808234,0.2709718124636372,1.0261540751725573,-0.28453955246382584,0.2887168676124685,1.043311475031132,-0.27215318012067835,0.2995382525181105,1.0560410424201594,-0.26519767973701325,0.3068814047139475,1.0697539524421331,-0.2528596624583353,0.27212264374972045,1.0445930407606925,-0.228413604345383,0.2820738384354291,1.0526560699229612,-0.21230016027805648,0.28863284639771053,1.0563258328043628,-0.19950545000220757,0.2940631699910559,1.0589037642721766,-0.2471030002918902,0.26192500458447215,1.03337074291482,-0.21845573272146435,0.26978950903976245,1.0413120112703205,-0.19990321096087993,0.27582842245192385,1.0456683122774395,-0.18582827932497628,0.2814299700360201,1.0481632309291458,-0.24652984450099605,0.2527627075827798,1.0203845730200911,-0.21847884709573645,0.25875737960390205,1.026395795974542,-0.20114338267536985,0.2636372194814365,1.0289330661030387,-0.1864931446692772,0.2684454847363164,1.0310362600020408,-0.24981121810179052,0.24540352488157774,1.007123646202684,-0.22864916735493215,0.24818032745313184,1.0078404336931603,-0.21465562989873768,0.2502197226084492,1.0081241618361778,-0.20310108978944966,0.25304185916392596,1.0083681098298798
-0.29994567379652776,0.2650900243366972,0.9971713754629405,-0.2928219519593322,0.2853304093557244,1.016897785042564,-0.2780540004398239,0.3034373087076204,1.0339733873520276,-0.2657185741933543,0.31462444907371695,1.0464333884257875,-0.2583580343094039,0.3222980899849534,1.0597481343419253,-0.24581843900265268,0.2874371110464563,1.0348353134589683,-0.22154774440831873,0.2980477067095814,1.0425810939740974,-0.20552634362192207,0.3048943702238663,1.0461263359023234,-0.19280200247820836,0.31051363551276456,1.0486470017063283,-0.23991854515203792,0.2770973060342616,1.0235530807813145,-0.2113798910296524,0.28566364067409766,1.031151978358866,-0.1928728035726821,0.29186824228317154,1.035468519807051,-0.17883363074367184,0.2975813232178337,1.037911466282532,-0.23930964525004095,0.267660481642614,1.010512459487968,-0.21133224795068284,0.2744386683129423,1.016012529968869,-0.19405771363391855,0.27968562646767336,1.018209982554607,-0.1794726806623885,0.2848542137108311,1.0198637153330496,-0.24267490139180997,0.2600367180832568,0.9972038613856895,-0.22156231552362196,0.26323207407045035,0.9975282480592702,-0.20760626852609285,0.26552944271970924,0.9976260963538419,-0.196134270011454,0.26867733465367954,0.9975020441442535
-0.2951617437756792,0.27706970739292286,0.9878333156918812,-0.28835854626308893,0.2976558535963759,1.007313534415756,-0.27379548433706785,0.31604013263738157,1.0242682948662756,-0.26138349624782836,0.32740437793341487,1.0364897087589107,-0.2538859511647031,0.3354491821035608,1.0495055727186964,-0.2410311248741092,0.301268843050439,1.024329890695236,-0.2169552096895079,0.3124734316091951,1.0318436098448442,-0.2010307047011203,0.3195109952467234,1.0354510554353418,-0.18833995380895427,0.32517432593304885,1.0380414768980413,-0.23499608630268068,0.29072596868344186,1.013072680798381,-0.2065695279422019,0.2998801645370185,1.0204014999887816,-0.18810786373026067,0.30601611081804936,1.0250013929335138,-0.1740749218090416,0.3116507405713495,1.0276534003901028,-0.23436151826525195,0.28099748126500185,1.0000490801749473,-0.20638781896256744,0.2880698505031974,1.0051855274062969,-0.18912880668980223,0.29337084297400395,1.0073752483469933,-0.1745938964398075,0.29868026902418676,1.0090240940085051,-0.2378138094647892,0.27313342534568097,0.9867385804829719,-0.21675980723475136,0.2767082250102947,0.9866573025896611,-0.20280729306504414,0.27902860175515193,0.9867011763020033,-0.19141171969590123,0.2824231314100172,0.9863146035284447
-0.2923981549099442,0.2859332614927533,0.9798020267732407,-0.28573162835507676,0.3065690435630235,0.9992769787751536,-0.2710454680676016,0.3251320297083987,1.0159281238357911,-0.25851752318586085,0.3366675359925275,1.027867519499719,-0.250818668042195,0.344893992176332,1.0406502351408469,-0.23816619238253514,0.3120713076103381,1.0147794315053544,-0.21439790629765734,0.3238040770597844,1.022464427916535,-0.19864386907928655,0.3310678289247323,1.026360457296878,-0.18604080165862552,0.33687637662013115,1.0290553081804432,-0.23208694484517944,0.30134548700300173,1.0036441451337679,-0.20377058813871748,0.31074287573094067,1.0110908316882925,-0.18536571676754493,0.3167561917777187,1.0160650288369109,-0.17139471219312752,0.32244026150940874,1.018929996103352,-0.23147245954405768,0.2912884864713646,0.9907884247828889,-0.20350711559714418,0.2984037935579806,0.9959110503277442,-0.18623097206297956,0.30351212654686,0.9984027770918178,-0.17171604304903282,0.3087865780290743,1.0003183214674725,-0.2350151860772309,0.28304274686406355,0.9777240122438372,-0.21401502320258614,0.28691812216859847,0.977546715521097,-0.20006105069648977,0.28922472199428734,0.9777047450747524,-0.1886946633270874,0.2927204118957257,0.9773630540151571
-0.2908012614944229,0.2919888085284927,0.9740079761506074,-0.28407894215495727,0.3122793378670645,0.9938235426399628,-0.2690324757553478,0.3309438590503019,1.010033659491457,-0.2563532492320632,0.34268810010035766,1.0216041605151966,-0.2483421826069228,0.3509906353399156,1.0341435182002057,-0.23635926691190182,0.31910953944663834,1.007893920678622,-0.21286626035364423,0.33119169553506006,1.0158781939276404,-0.19733540167576186,0.33880342943302294,1.0199994510853645,-0.1849196030112068,0.34499195304125074,1.0227176996199439,-0.23034987504701976,0.3083284466301617,0.9968568594026516,-0.20208836315488457,0.31766737428349623,1.0045802970135478,-0.18374770456365666,0.3237293186618366,1.0097295659068077,-0.16995137432405827,0.3298329171680388,1.0125779008881457,-0.22979347142348555,0.29804523348561696,0.9841415342134948,-0.20186857246846182,0.3052659494173756,0.9893367848583997,-0.18458358994448673,0.3101900240775602,0.9921209851909792,-0.17009150906693993,0.3154805439157092,0.9941611578929931,-0.23342484140998324,0.2894583248664346,0.9713581833305568,-0.2124543146874705,0.2934947973239821,0.9713847863443301,-0.19852777175784778,0.2959407204464121,0.9717419794365464,-0.18718105377927935,0.29951463706042747,0.9716396385872634
-0.2897227947183136,0.29710996934541783,0.9698044916746367,-0.28292963983434244,0.31693255568105594,0.9900645496983397,-0.26748348773632297,0.3356027514928521,1.0058875887290453,-0.25452456360663434,0.3473433547627687,1.0171477395837332,-0.24628163931875904,0.35561306940196147,1.029557847963591,-0.23498634528676918,0.3240338343091555,1.003371568628935,-0.21152988162213798,0.33614121582640943,1.0114247727957129,-0.1961308793664905,0.34401105718780006,1.0155560136798727,-0.18390638000379625,0.35058866487459833,1.0182272397044094,-0.22911999585513718,0.31336792401918184,0.992307936796385,-0.20081702829225234,0.3224872666854806,1.000141181918417,-0.1825427358819834,0.3288129337454954,1.0052085353194535,-0.1689622622375468,0.3354350014844114,1.0079333489690188,-0.22864771431879835,0.30306136986736026,0.9795889240871436,-0.20072080667088277,0.31032740260973496,0.9847096610351188,-0.18343997033684634,0.3152277503159347,0.9875606593795099,-0.1689814082696569,0.32067377334486374,0.9894216078180362,-0.23236788528800933,0.2943636814734985,0.9669147514743126,-0.21138575166801876,0.298331653408062,0.967163902271782,-0.19751851244223595,0.30108226842933367,0.9676026710676808,-0.1862208049765138,0.30480949693775766,0.9676332678566074
-0.2890916144890399,0.3029900419845423,0.965805118862013,-0.2823077601704426,0.322491534281113,0.9863775021032932,-0.2665664909643626,0.3411783595388333,1.001886963603369,-0.2532375584861573,0.3526631287982158,1.0129777756142688,-0.2448850080129386,0.3607156626603287,1.0254572135030922,-0.23408206817796662,0.32938582429381924,0.9993451627967569,-0.210528305158656,0.341381175616521,1.007281173537767,-0.19509425465964664,0.34920339130049566,1.0113718766256545,-0.18291447793508292,0.3558861742609572,1.0139857256777698,-0.2283309099301813,0.3188468134119276,0.9881685922948921,-0.19995771974584098,0.3277016305806975,0.9960511302328812,-0.18175676490260642,0.33438438078025423,1.0009202153529042,-0.16824601994349242,0.3411331753779342,1.0036805046672672,-0.22795645748821802,0.3085703217624639,0.9754317895066199,-0.199957048884439,0.3155988892664408,0.9804876481042756,-0.1826900485329855,0.3206089386226865,0.9832297290505679,-0.16825480943841545,0.3262079367127904,0.9847941476783197,-0.231760848615739,0.29988635858961155,0.9628003285159125,-0.21073454961398236,0.3036099026678314,0.9630949102987564,-0.1969308431345784,0.30668704343440584,0.9633131233362593,-0.18566807217321274,0.31051730788441895,0.9632110105881851
-0.2892563093667051,0.3108905448099812,0.9608348764802677,-0.2825246697031787,0.33025281773044657,0.9815553795684919,-0.26665658616593196,0.34914422969640135,0.9966830650901021,-0.25307023390918,0.3604669102039833,1.0076272149195593,-0.24458359133395374,0.3683085725177591,1.020150393469201,-0.23406542999682073,0.33729902045460397,0.9940656048008992,-0.21053145929519745,0.349405468521523,1.0018908594564646,-0.1950148404776256,0.35703065878569595,1.0060407797775288,-0.18275897250174997,0.3635883992946519,1.0086153662684447,-0.22832525060948325,0.32667716870147534,0.9827805810122441,-0.19997410621686768,0.3354179245297529,0.9908671075751398,-0.18185399958848197,0.34241451561766034,0.9955948286186992,-0.16824382095113807,0.3488646280910801,0.9985722001962335,-0.22805409944252716,0.31628353114888613,0.9701367542670368,-0.200006921507651,0.32300036017342953,0.9753491785804702,-0.18277012526341546,0.3281815181591556,0.9779601861956997,-0.1683266214738118,0.33379685441071,0.9793833903395006,-0.23194939872725875,0.3075386772335464,0.957647195823147,-0.21088578495599514,0.31104876605283605,0.9578926749795592,-0.1971194229348239,0.31429055609145834,0.9577008447313373,-0.18580868072120588,0.3179655851952457,0.9573964861238843
-0.29082025832325115,0.3222224590204963,0.9542592659099738,-0.2841638560213131,0.34151427696146636,0.9750695975354544,-0.26830555755203067,0.3607320855742592,0.9897909626975042,-0.2546795923133345,0.37218720524209287,1.0005464162779156,-0.24591603502056797,0.38008111129593725,1.0128440209966656,-0.23556355733213488,0.34919526782456567,0.9869224965678691,-0.2121970676413501,0.3616262866013899,0.9947407702844263,-0.19668848753004226,0.36918239157406096,0.999044262510394,-0.18439823479972806,0.37566345107120414,1.001648933630439,-0.22974394423206618,0.3383360902610666,0.9755538686968341,-0.20153337526799975,0.34725328468236255,0.9839340569434898,-0.18348318093575852,0.3544008700531281,0.9887031664281958,-0.16976806923265367,0.36049664137396115,0.9919347199162803,-0.22955225493176848,0.32772105549230524,0.9630522704520077,-0.20156426104311942,0.33444182766804653,0.968568860787491,-0.1843599469798095,0.3397594557970532,0.9711190200565814,-0.1698804322012198,0.34525815650490815,0.9726290714713635,-0.23353330449944454,0.3187920890795371,0.9508073367513091,-0.21246221128758735,0.3222488017391432,0.9511493558832976,-0.19868749287144294,0.3254314186310244,0.9507171440463078,-0.18725304257160386,0.32870488146204463,0.950454180297905
-0.29413421494597364,0.3363952077977797,0.9467256629229899,-0.2876533875557003,0.35564235533729643,0.9676325522507885,-0.27186542085738613,0.37502376798455644,0.9822143676995845,-0.2583038538069141,0.38667647781267367,0.9928381490324335,-0.24919206519816867,0.3947740656747743,1.0047439942436829,-0.23897270285800556,0.3640789536018961,0.9789520474337507,-0.21578669720861218,0.37674994229272707,0.9869209657938198,-0.20036856955265195,0.3843609552443013,0.9914469625018753,-0.18813217065909563,0.3908767838697907,0.9942134178991534,-0.23303136723283724,0.3531333367605688,0.9674549273272718,-0.20499386620857987,0.36236549265580287,0.9760715360867425,-0.18697988165496895,0.36942081249468767,0.9811074788797529,-0.17322758294516719,0.37527562766829414,0.9846147676403453,-0.23284411015535722,0.34236766424348025,0.9550426666126738,-0.20497580073637456,0.34941674278253887,0.9607520598691286,-0.1877741732267566,0.35472653163836776,0.9633364470173713,-0.17324174285134364,0.36001930746069916,0.9650590335758832,-0.23684789372674825,0.33317408993910747,0.943067776625209,-0.21579343360196246,0.33668845980563405,0.9437125416487314,-0.20198291104970623,0.3397246849759933,0.9433815909800678,-0.19044155283787312,0.3426098642825215,0.9434460385856818
-0.29802458194340203,0.349069339614242,0.9404747941320338,-0.2918815358980886,0.36835695792589035,0.9614462651959479,-0.27622608242360763,0.38766737481524416,0.9762632475648688,-0.26269675021645134,0.39940706333569664,0.9868322286170844,-0.2533289094734469,0.4075853400275207,0.9984814398004572,-0.24313604484413098,0.3776323011738785,0.9723985748958792,-0.22010053992520504,0.3904202371052827,0.9806133591262016,-0.20475884835698432,0.3980348559216758,0.9853862937447002,-0.1925699306098105,0.40452613878090704,0.9884082611532246,-0.23704838113172366,0.36683180744971366,0.9607188805164582,-0.20913689660982873,0.3762628170169869,0.969527126823127,-0.19113840803261806,0.3830750084088411,0.9749391832454061,-0.1773882261232155,0.3887226886398496,0.9787786962923302,-0.23677740796281405,0.35596007679806096,0.9483881469025015,-0.2089784374190907,0.3633425875733465,0.9540135465186017,-0.19174905934736186,0.36851725654715045,0.956685668498997,-0.17715883303421331,0.3735724420532159,0.9586202766256267,-0.24071859908639617,0.34644224712723204,0.9366536627398314,-0.21968763002251915,0.3500512134395844,0.9375083621203469,-0.2058612829510408,0.3530308063929585,0.9373948839822934,-0.19429593371664186,0.35579191179074454,0.9377826423700033
-0.30020074794421475,0.35619839603629444,0.9372185169881977,-0.2944445742708087,0.3755960234506762,0.958198277443686,-0.27901821450738845,0.39485782526123236,0.9733157774325591,-0.26551342495606955,0.4067435751660056,0.9837520643865818,-0.25606733028109174,0.41482378720698243,0.995406515887761,-0.24562126601369855,0.38597608522904875,0.9685568550862774,-0.22273926044053224,0.3989724485395847,0.9768729138797478,-0.20740620484184985,0.40650716032158285,0.9817979873955215,-0.19519305939623727,0.41285086822023714,0.985028344101052,-0.23939702327698767,0.37527026386800566,0.9567785856632841,-0.21156035342086751,0.3847744417196054,0.9657435467540785,-0.19358360632797886,0.3914340795325845,0.9714116756781085,-0.1798443696956872,0.39689969654810864,0.975542784775239,-0.23902039988613746,0.3641568420320155,0.9446312007424428,-0.2112089422100386,0.37173805389755427,0.9499205672507498,-0.19395503377192103,0.37681382128229496,0.9526239230671733,-0.17932359999975708,0.3817004439602105,0.9546768179859915,-0.2428884994744079,0.3543000682806002,0.9330735370936387,-0.22187146599790095,0.3580317363012366,0.933718336497831,-0.20805113926466465,0.3610400447415981,0.9336324638547273,-0.1965148153420407,0.3639145087607942,0.9340591363909626
-0.30024175711589735,0.3588609620847158,0.9359511622744768,-0.29470550039631005,0.3783200040866053,0.9569332350829194,-0.2795065116002593,0.3977409586847636,0.9720773974079538,-0.26608238530836714,0.4099459369863512,0.9822458690221169,-0.25668429115997515,0.4178861912504179,0.9940345483217273,-0.2457674971605672,0.3897854976132904,0.9663477107771345,-0.2229916720957822,0.4030858291669411,0.9744724535661456,-0.20761864773216954,0.4105528194378601,0.979376023997537,-0.19535153336211278,0.4167589881946247,0.9826684593300239,-0.239491519080184,0.3789410753680244,0.9546493705230225,-0.21169311809535676,0.38855302097224825,0.9636181785297266,-0.1937341177422079,0.3952410147409291,0.9693091312625168,-0.17999633779469904,0.4006156557770382,0.9735626346206537,-0.23907881911288867,0.3674672121872337,0.9427590404775419,-0.21123371294202184,0.3752094804396397,0.9476207988137578,-0.19397384820877245,0.3803115184146178,0.9502352168172431,-0.17932466903981967,0.38514666063587716,0.952283450775892,-0.24295596215254106,0.3573597281830461,0.9313076373797444,-0.22195080221124494,0.36121024971465626,0.9314240350415632,-0.20812730634469706,0.3641957425420915,0.9311862969473168,-0.1966142855715714,0.36718242575300564,0.9314341650044684
-0.29994065298253664,0.36141118295145347,0.9344437532758924,-0.29438541774508575,0.38084661428726796,0.9554426866698218,-0.27924675809460636,0.40048866383247356,0.97036043663769,-0.265912677362187,0.412984707241817,0.9802910794740857,-0.25657201782024197,0.42087121571751585,0.9921612030797324,-0.2452978222553313,0.392800243087886,0.9640513538217452,-0.22249147468654168,0.4062375596849876,0.9718588825887198,-0.207055656392817,0.41365748888994613,0.9766349676970864,-0.19474595522846974,0.4198051202483013,0.9798779049382826,-0.23908629046723615,0.3817677355999375,0.9524932045057277,-0.21127959821429815,0.39153758894622465,0.9612634920845567,-0.19330558573282247,0.3982877341989382,0.9668323619631043,-0.17954285678406312,0.40362527931108966,0.9710517883494293,-0.2387331313118609,0.3700594956209517,0.9407813956229407,-0.21087593547703168,0.3779497164653449,0.9453256672615534,-0.1936135101405375,0.38310924701366433,0.9478069612038451,-0.17895296244048312,0.3879403059600995,0.9497821886752383,-0.24269057051263593,0.3598581062345981,0.9293945611464178,-0.22169533712719736,0.36375258646273795,0.9290945486731857,-0.20785132737938392,0.3666299866615277,0.9287442816392804,-0.1963301385287516,0.3695933379190415,0.9288543692915978
-0.3006900356752878,0.3662482051236281,0.9318743510866726,-0.29501132982743505,0.38566478663075177,0.9528576896176606,-0.2797468059877935,0.4053837100645424,0.9675439676013606,-0.26643504081665464,0.41796042611308865,0.9774024461083933,-0.257110309547957,0.4259014101761393,0.9892487505914836,-0.24579233107537835,0.3974509067079388,0.9612061682774795,-0.2228354996372713,0.41075331320409514,0.968800794268249,-0.20731542757312021,0.4180728617837526,0.9734572302958816,-0.19495345353804547,0.42414981850731104,0.9766338560151375,-0.23969896833169904,0.38640372669125655,0.949686426125786,-0.2118380726433696,0.3962612845448641,0.958182257884933,-0.19381173171128407,0.4029781803448485,0.9636206621319101,-0.17999631045510095,0.40824547995183624,0.9677553139111191,-0.23943537780893764,0.3747074818248443,0.9380084572956808,-0.21157364082348637,0.3826542063996647,0.9424246242042461,-0.1942971541316605,0.38779947235459933,0.9448367082503121,-0.17961657597077035,0.3925946857456244,0.9467495245953325,-0.24345881585599666,0.36452081731912905,0.9266703198965213,-0.2224571607096048,0.36837154342237854,0.9262713233673546,-0.20859048047799214,0.3711383405311851,0.9259267396917519,-0.19704293265047013,0.37399719223720684,0.9260384025441398
-0.3021214232473595,0.3720163588574076,0.9289793918673559,-0.2963556695903462,0.39147760995424324,0.9498975089897885,-0.28091348445184205,0.41115320391939747,0.9644556101956375,-0.26757685264968295,0.42368921424761224,0.9743323087450245,-0.25825601663134123,0.43173684961155684,0.9861095050156702,-0.2470563568134357,0.40292679864608566,0.9583069425136584,-0.2239308703808977,0.4159964491224943,0.965793235714524,-0.20831071421616687,0.4231525921196573,0.9703682945730984,-0.1958671485597424,0.429080494193757,0.9735077860571195,-0.24105635285404306,0.3919952534799051,0.9467368215826825,-0.2131247490811735,0.40184679189271033,0.9550043976633342,-0.19503541277226172,0.408467744302928,0.9603504988993649,-0.18115813467091943,0.4136213963252723,0.964420717358057,-0.24085058423307334,0.3804155059155931,0.9350340055457947,-0.21297444941348695,0.3883324956786064,0.9394125589703186,-0.195677535072237,0.3934094474743388,0.9418229984199634,-0.18097140983848423,0.398136324367818,0.9437094841517728,-0.24489503936536172,0.3702532443796116,0.923734323098729,-0.22387941581978257,0.3740306415137838,0.9233714918407742,-0.2099980672273509,0.3767269431859753,0.923060295207563,-0.1984271756778989,0.37948737906651675,0.9232209967905505
-0.30303107721590117,0.3763086277461496,0.9267386231475823,-0.2972216474153611,0.3958378456341074,0.9475811759545809,-0.28164727433475406,0.4154853773578623,0.9620359949006384,-0.2682989549572933,0.4280205806402557,0.971897917911761,-0.2589981332372906,0.43616722202161917,0.9836227514101658,-0.247858172731296,0.4071156877318213,0.9559721265637869,-0.2245985610955713,0.42001577369885834,0.9633360060307953,-0.2088801090392629,0.4270041671402358,0.9678330547105285,-0.1963466109578435,0.4327532891233936,0.9709471803165263,-0.24192343545782496,0.396275311592019,0.9443628399397702,-0.2139313999274035,0.4061122621779377,0.9524412347498015,-0.19578989565176808,0.4126570750789519,0.9577036623311547,-0.18185833055068368,0.41769962055914756,0.9617273278099553,-0.2417549451572874,0.3847607711397403,0.9326645529146529,-0.2138598548201532,0.3926470792857646,0.9369772583750221,-0.19654621788335078,0.39766687374459836,0.9393873503269577,-0.18181757496356674,0.4023301182460305,0.9412564520990949,-0.24581208753023503,0.37459395924100464,0.9213976997697084,-0.2247870966377034,0.3783155046032466,0.9210018882915529,-0.2108942157360407,0.38095098294471164,0.9206843367831741,-0.19930593430338842,0.3836367590684123,0.92085668105938
-0.3030576049300319,0.37868806197347377,0.9255801161597798,-0.29719543913857505,0.39826374903791995,0.9463642284002294,-0.2815178728227469,0.41793381032341337,0.9606761462972457,-0.268180267746816,0.430525145537746,0.970480892360747,-0.25890761066888124,0.43875101500400343,0.9821726703807171,-0.2477519907263858,0.40946240967519776,0.9545965014843553,-0.224372723200416,0.42224124147679964,0.9617909284901576,-0.20856515789780927,0.42908707465404233,0.9661939129415302,-0.19595396066603882,0.4346836751381652,0.969271984322542,-0.24188806380860117,0.398656000812115,0.9429868395763853,-0.2138460733344403,0.40851481622191765,0.9508627929558456,-0.19565978951456808,0.4150134707066199,0.9560269451662942,-0.18168037356513742,0.4199649722835813,0.9599973628794622,-0.24176615755111824,0.3871571692390869,0.9313205370447102,-0.21385618109059007,0.3950472413742075,0.9355287819465881,-0.1965293672495522,0.4000342769748383,0.9379120363688416,-0.18178155618170794,0.40464857814514976,0.9397512227079821,-0.2458527536458002,0.37697867867029494,0.9200881830273598,-0.22482235029657807,0.3806577717532598,0.9195950119653462,-0.21091567248520773,0.3832163725290892,0.9192535458363454,-0.19931009837680272,0.3858272574915858,0.9194125798750391
-0.30287366360290524,0.3805983906491093,0.9252723479168631,-0.2969375960521313,0.40020520941366744,0.9460060787292779,-0.2811431957021736,0.41989735856191035,0.9601582718441914,-0.26781398645188975,0.43253627695780006,0.9699130860174662,-0.2585633946588629,0.44084252809780006,0.9815654469158916,-0.24740710580631453,0.4112693344861767,0.9540903323459363,-0.22389782237032144,0.4239046944189453,0.9611124220564028,-0.20800420299672365,0.43061285213160033,0.9654164095186507,-0.19532250234789938,0.43607228562617056,0.9684508469617492,-0.24162638062555408,0.400497961143922,0.9424828907492833,-0.2135336306554444,0.41038789783980484,0.9501357767370174,-0.19529985717247983,0.4168359255173434,0.9551948617316386,-0.18127140148853932,0.42169785427494716,0.9591025125413436,-0.24156097922431854,0.38902850831162616,0.9308407931309852,-0.21363918133752605,0.3969292595883476,0.9349494037856126,-0.19629820469683537,0.40188226895811535,0.9373003888844905,-0.1815307820174229,0.40644795551684576,0.9391031774545258,-0.24568311004795354,0.3788496162207159,0.9196455634589312,-0.224646472829832,0.38248134703613634,0.919073519336533,-0.2107249009123604,0.38495626627399526,0.9187223286343047,-0.19910052705853393,0.3874822122718979,0.9188801000534234
-0.3029755104347218,0.3831620226597191,0.9251927015069066,-0.29696665753830226,0.40280454962751416,0.9458715954479251,-0.2810410824160461,0.4224941941779772,0.9598795340883887,-0.2677093765592582,0.43515396910531695,0.9696038435624912,-0.25847711361839326,0.4435525287533531,0.9812044594021027,-0.24735764373426233,0.4136886177511325,0.9538719963383385,-0.22371201320579984,0.4261531274099436,0.9607399383942357,-0.20773053959442023,0.43271049578917314,0.9649499557236182,-0.19497547854548922,0.4380196388781972,0.9679433105843745,-0.2416579115485833,0.4029767036884834,0.9422501293651528,-0.21351095217534638,0.41288253592238733,0.949680020243761,-0.1952261403711278,0.4192639430407582,0.9546383665220156,-0.18114612371558148,0.42402496573802734,0.958484331787916,-0.2416455713213204,0.3915590918801365,0.9306192592066588,-0.21371096859781646,0.3994579751955217,0.9346435557326073,-0.19635395184582793,0.4043654519445931,0.9369715473635297,-0.18156559727658075,0.40887601972891463,0.9387411971510626,-0.24579634259396432,0.38138409729000194,0.919460330472385,-0.22475213497320898,0.3849634183067768,0.9188385625784574,-0.21081692796315354,0.3873602811975671,0.9184867406544047,-0.1991742712687693,0.389799812625712,0.9186558382780958
-0.3032474137544576,0.38607103038137464,0.9249833928889035,-0.2971784261197369,0.40575759770080094,0.9456027597487895,-0.28112856909835665,0.42544164546625235,0.9594760702266052,-0.267794451653104,0.43812254638138076,0.96916949794583,-0.2585853678521333,0.4466151549521632,0.9807199588127956,-0.24749598412693813,0.41648069287456596,0.9535272639955233,-0.22372081487491713,0.42877975763788784,0.9602446150501938,-0.20765287310792685,0.43518167262668866,0.9643637844585357,-0.19482364728681728,0.4403309842039231,0.9673191712582014,-0.24186952940613837,0.40583123096931395,0.9418865034967496,-0.21367024853413877,0.4157461169580601,0.9491028534609052,-0.1953362752826858,0.4220599887970289,0.9539651928728806,-0.181206065820419,0.4267165936742024,0.9577545023800648,-0.24190423195322674,0.3944623020429804,0.9302673627995887,-0.21395569274048615,0.4023536941539205,0.934208737674441,-0.1965829954593445,0.4072144554048577,0.9365176969301086,-0.18177385555225115,0.4116678930019565,0.9382579790204981,-0.2460793666754817,0.38428664957182784,0.9191431266653702,-0.2250280476833495,0.38781443737752264,0.9184697096103535,-0.21108031611149122,0.3901366534665018,0.9181135899225183,-0.19942078089337678,0.3924935560162751,0.9182913857800528
-0.30355001203079635,0.38841030973197943,0.9249209550808468,-0.29742391557800124,0.40814461827096893,0.9454777019580713,-0.2812623847667415,0.42783549684228717,0.9592109686262569,-0.2679322622967103,0.4405500545622974,0.9688657256884218,-0.2587500788296898,0.44912783398890854,0.9803745908764204,-0.24766411686300277,0.41872623087233457,0.9533011189795901,-0.22376767948165205,0.4308736801584802,0.9598622338639689,-0.20761899443319554,0.437128709300413,0.9638903111230556,-0.1947209711847536,0.44212599812688896,0.966806962746327,-0.24211115941039088,0.40813018468179446,0.9416487547934231,-0.21386444328143542,0.418058996659855,0.9486574517698555,-0.19548620167919947,0.4243160324904116,0.9534252222725268,-0.18130998473245072,0.42887705895703426,0.9571585271918132,-0.24219331501881647,0.396801485298255,0.9300457610294441,-0.21423124210120217,0.4046861479499101,0.9339037297305148,-0.19684456081933857,0.409505810170099,0.9361935056346831,-0.18201567544026387,0.4139038770265727,0.9379062459283352,-0.24639486831773497,0.38662373810012074,0.9189563896982935,-0.2253367195591044,0.3900984779946607,0.9182233397919575,-0.21137673357899256,0.3923448098113625,0.9178606972669487,-0.19970115405876446,0.3946206302457214,0.9180419338965776
-0.3038773107090623,0.3895952802298966,0.9253169858163561,-0.2976837534747539,0.4093726451800818,0.9458120466322647,-0.2814093212614698,0.4290703615483813,0.9594014254430286,-0.26808339389237573,0.44181921755094217,0.9690166637339149,-0.25892327394361614,0.45048072951780876,0.9804803099253018,-0.2478467447948216,0.41980568889239095,0.9535238812142618,-0.22382852722831317,0.4317973898240796,0.9599248815969453,-0.20760200176498111,0.4379089990200653,0.9638592086282458,-0.19463826288943373,0.4427577494463253,0.9667349432638771,-0.24237264109619894,0.40926070721489516,0.9418660631284762,-0.21408003613590929,0.41920595908249175,0.9486631641667119,-0.1956587626537671,0.4254100345607624,0.953333070814303,-0.18143846479945988,0.42988169235096696,0.957006360962518,-0.24250561184835923,0.3979734066284999,0.9302809870869989,-0.2145308044874102,0.40585374276746733,0.9340545536934736,-0.19713047282787946,0.41063355833008247,0.9363240745527843,-0.18228268008665943,0.41497872290453997,0.9380077932074001,-0.2467357910299154,0.38779639466702015,0.9192269061166674,-0.22567106335579068,0.39121706273876855,0.918431238724859,-0.21169919417540675,0.39338703049946244,0.9180613247884137,-0.20000814337770986,0.395581813247887,0.9182446889927287
-0.30396459892960387,0.38959118047050073,0.925908382646119,-0.29769626336636523,0.4093975735153778,0.9463526140391976,-0.2812964022676301,0.4290881008504173,0.9598008882654115,-0.26796854846783835,0.4418639963436071,0.9693774891472169,-0.25882643917102177,0.45062452318364077,0.9807801106931266,-0.24779174002480495,0.4196823463124794,0.953959295589292,-0.22364577243265626,0.4315037548733494,0.9601942792205623,-0.20733766360230418,0.437459208351323,0.9640295086810938,-0.1943043992917399,0.4421440881664282,0.9668622950396273,-0.24239466566914386,0.40918863491690644,0.9422946104028627,-0.2140535954045655,0.4191481390567492,0.9488651603204579,-0.19558411846180918,0.42528699909183565,0.9534296664571367,-0.18131623711461822,0.42965723317044907,0.9570399671276477,-0.2425777395754631,0.3979419157812118,0.9307290102007152,-0.21459110393009334,0.4058264664695007,0.934404800615843,-0.19717515230419239,0.41056234281346177,0.9366464535381573,-0.1823083917204999,0.41485624422417267,0.9382939223225384,-0.24683571164275153,0.38776465815561145,0.9197089968008471,-0.22576654060814472,0.3911400473807276,0.9188409022587857,-0.21178322465793326,0.39323276109299127,0.9184586076712556,-0.2000771978616061,0.3953460453092584,0.9186438884405818
-0.3035034404045792,0.38892363159628207,0.9262436059479678,-0.29717479975571015,0.40875724697679583,0.9466428177442748,-0.28065102626673527,0.4284397107355295,0.9599504817212612,-0.2673210517387289,0.44124302326523973,0.969487433244688,-0.2582076093082818,0.4501106772837807,0.980830036574767,-0.24720500468132195,0.4189063286454066,0.9541585852420329,-0.2229344774277899,0.4305584929464738,0.9602262904213249,-0.20654435139298935,0.43634930803635547,0.9639627397952621,-0.19344139858165382,0.440862715015135,0.966752101925198,-0.24187487189152979,0.4084624740224249,0.9424787081112145,-0.21348602010764908,0.4184355343578444,0.9488183669830986,-0.19496601754787804,0.42449825307879624,0.9532787306720664,-0.180648031336206,0.4287513205115995,0.9568301167712231,-0.242103009076898,0.3972510846331483,0.9309297867285438,-0.2141051943018188,0.40514319082347366,0.934502793470744,-0.1966726666117191,0.4098333059802576,0.9367115718107197,-0.1817859736376791,0.4140725065220014,0.9383202557563085,-0.2463865487245881,0.387069391662691,0.9199427480425661,-0.22531404846031017,0.3904047243827671,0.9190035479047369,-0.21131920777177107,0.39241696435575196,0.9186110568983146,-0.1995983328647853,0.3944457836702097,0.9188017034367284
-0.30283211308201297,0.38818346728295977,0.9263549465540648,-0.2964631990972818,0.4080742821633609,0.9466858159767916,-0.27984225070043633,0.4277711928263223,0.9598503203418601,-0.26652070868172373,0.44060957372640036,0.9693518450152544,-0.2574484493075382,0.44955769008486673,0.9806642317886981,-0.24641159228223763,0.4180730497595646,0.9541229091777387,-0.22203304104635796,0.429576123720313,0.960040172168299,-0.20557400761136266,0.4352246142509326,0.9636905965103516,-0.19241416579992807,0.4395949139874692,0.9664397417838774,-0.2411483446348893,0.4076849891777241,0.9424244430154348,-0.21272013907211149,0.41767174725268186,0.9485630018288403,-0.1941609945097555,0.4236771816782836,0.9529373369571241,-0.1798013432713608,0.4278317885493638,0.9564366673258274,-0.24142058759070673,0.3965167933689187,0.9308826330262572,-0.21341023395044256,0.40439500110214854,0.9343873842782353,-0.19596487667334822,0.4090442959710694,0.9365811186061545,-0.1810582558128805,0.41322168237837437,0.9381668078252576,-0.24572884505668985,0.38633428146115156,0.9199303357577784,-0.2246485088204678,0.38960887832572744,0.9189539914625445,-0.21064239170684015,0.3915424240819039,0.9185682337604713,-0.19890719906634122,0.39348548688316826,0.9187710221705376
-0.30253249478452193,0.38666049198240243,0.9270600652319247,-0.2961015058196853,0.4066243983930953,0.9472995478141082,-0.2793923550267669,0.4263393787718996,0.9603246089999941,-0.2660820043108987,0.4392111703745658,0.9697965687638997,-0.25703311010289276,0.4482162675376194,0.981082423172203,-0.24596341097353677,0.4164415570379701,0.954641743519425,-0.22148137326152065,0.4277951813323202,0.9604187251756601,-0.20496407794109972,0.43332440665194466,0.9639876812455308,-0.19175619297132213,0.4375717727532374,0.9666988455435431,-0.24078570705581553,0.40611786521679444,0.9429399328187767,-0.21232295899962175,0.416114806346514,0.9488992325940425,-0.19373569079591033,0.4220916342345744,0.9531925863485065,-0.17934517499425343,0.4261872891103447,0.9566341442910273,-0.2411099120325948,0.39500870953258577,0.9314067103097075,-0.21308525352111968,0.40285490221205433,0.9348686642710828,-0.19563063461217692,0.40746713536190543,0.9370669562717335,-0.1807067825560496,0.41158657841272744,0.9386421203048126,-0.2454448952954732,0.3848354695953138,0.9204909245633287,-0.22435349493348522,0.38803000835121565,0.9194886463844402,-0.21033781911424299,0.3898945138569073,0.9191102612027224,-0.19859008829352318,0.39175947813535955,0.9193202404934687
-0.30210263285690225,0.3818088215774349,0.9299142084154212,-0.2955595489165075,0.4017836003148633,0.9501069818845359,-0.27871138633226067,0.42146729137074396,0.962999619876996,-0.2653906863609726,0.4343576001900047,0.9724317653291163,-0.2563340012906822,0.4434730549931776,0.9836223734581693,-0.2453742311826344,0.4114521600215397,0.9573164525860101,-0.2207614508324866,0.422611207798268,0.9629142350360869,-0.20416751383590453,0.4279783366488744,0.9663734267943298,-0.19089281743639752,0.4320425786268796,0.9690385963328843,-0.24028559542992575,0.4011791490916146,0.9456262947923962,-0.21177666740447315,0.41118426428024835,0.9513463302446166,-0.19314287776600667,0.4171010525403681,0.9555195062216699,-0.17871009176353464,0.42110937077823024,0.9588860664961572,-0.24066457366714336,0.390112525299689,0.9341252794316187,-0.21262919676418365,0.3979700477979855,0.9374728653642845,-0.1951587447451967,0.40253631736194756,0.9396411347494488,-0.18021949329690984,0.4066156323522408,0.9411741932441173,-0.24502834992921638,0.3799424883440903,0.9232417755898465,-0.22393627322031834,0.38309814015797966,0.9221358956795673,-0.2099123982906679,0.384892748396669,0.9217247533395679,-0.19815335824063465,0.3866864039407925,0.9219225901139158
-0.30025973016119445,0.3713939652666477,0.936141743167678,-0.2936360167605789,0.3913192357450799,0.9563571296488482,-0.27661390831669,0.4109444472164085,0.9691096701519524,-0.2632691639065873,0.42385224988323145,0.9784837249818711,-0.25423791058992,0.4331511890761333,0.9895431537395437,-0.2434298352502751,0.40092597115849815,0.9634537502091048,-0.21867273335145782,0.411872583960345,0.9688301845241817,-0.20197916098364782,0.41700949793872816,0.9721569819549284,-0.18861855296349325,0.4208212341125523,0.9747653486272049,-0.23838843932387987,0.390676268858391,0.9517482001933001,-0.2098240966882426,0.4006982193611056,0.9571536558251573,-0.19111541440790056,0.40647919120672155,0.9611795059458871,-0.1766158721969264,0.41030031330458633,0.9644761643383012,-0.2388049915658777,0.37960765976662375,0.9402854200924743,-0.21076642592699793,0.3875367765812319,0.943431416426444,-0.19327039396003276,0.39204625479570626,0.9455104487131695,-0.17831143287453888,0.39608366281428853,0.9469599771562902,-0.2431940010414163,0.36941552679781137,0.9294285715988625,-0.22211406127336933,0.3725920585835498,0.928162635648585,-0.20808012956327104,0.3742936413048323,0.9277020905416512,-0.1963080958378282,0.3760009679807128,0.9278908233882864
-0.29676320188273553,0.35644175681088386,0.9449780843734038,-0.2901852579420626,0.3764432600852484,0.9651330429125378,-0.27310133005974613,0.3961179289430659,0.9777257075987839,-0.259781495272256,0.40908217800407015,0.987057198611969,-0.25086124813650457,0.41846898975941815,0.9981324741000059,-0.23987751347305694,0.3859409483122236,0.9722092835966777,-0.21504007558143798,0.3967729499606643,0.977445493244358,-0.19828734830035208,0.40176042241049076,0.9807015755488504,-0.1848818917842189,0.4054400902654324,0.9832691689932014,-0.23486235001775127,0.3757409139262906,0.9604458714031132,-0.206268325313223,0.38578039254303265,0.9656584267240408,-0.1875199909889931,0.3914757829278701,0.9696213026711746,-0.17297505302198424,0.3951461281663467,0.9728891766493357,-0.23530399799733606,0.36469853565527366,0.948967018128493,-0.20725460799355117,0.37261076672515087,0.9520585661859016,-0.1897454086305768,0.37708121976667736,0.9541108553653929,-0.17476176507984945,0.38103409050757964,0.9555382837606944,-0.23971075425925645,0.35449143928646837,0.9381448704163143,-0.21862139824272064,0.35760849840829134,0.9368879639443095,-0.2045744545416202,0.3592110305742133,0.9364708451220414,-0.19278804075770625,0.36081079951076656,0.9367000872702983
-0.29264216610132365,0.34064566647428796,0.9541237733128032,-0.2860835403977847,0.36096238086693155,0.9739673460406132,-0.26912637837472275,0.380844148107187,0.9864051263080534,-0.25592696338334453,0.39393271397773294,0.9957341865152071,-0.24707019792794296,0.40315451622701964,1.0069974382646882,-0.23556314239349263,0.3700872508683741,0.9810105770860328,-0.21074534167297534,0.38092931032998567,0.9863185886001394,-0.19404208998367994,0.386040915626912,0.9896357709976461,-0.18068899556489068,0.38989429973288686,0.9922213185989913,-0.23068721442064916,0.3600451661293604,0.9692455700959389,-0.2021048299747197,0.3700284767791717,0.9746271052419151,-0.18342839620434298,0.3758886914626099,0.9786879675673228,-0.16892916906021938,0.3797345541089314,0.9819571276581756,-0.23119744370252232,0.349197872024374,0.9576910693725755,-0.20310347064892587,0.3567992746324115,0.9611373290745047,-0.1856178946431577,0.36126791474620007,0.963385615285172,-0.17062060098637,0.3651082075877795,0.9649685387944538,-0.23562449488304274,0.3390654626098318,0.9469149970054119,-0.2144759032607455,0.3418744334965967,0.9459644373854468,-0.20042072923374163,0.34343967065416686,0.9457177786986196,-0.18862639951485988,0.3449655120633901,0.9460291578481106
-0.289211885641062,0.32643362230270995,0.9621782692023262,-0.2823076219208603,0.34701324965465385,0.9816297964938344,-0.2654802048232936,0.3670555508997351,0.9939858713187589,-0.25245023888992957,0.3803312906077608,1.0032886235991896,-0.24335232558105555,0.3893275488694004,1.0145420711484179,-0.23167340956808535,0.35553970145367236,0.9884438737807629,-0.20689892173538857,0.3663560455556237,0.994000844637449,-0.19033271295734328,0.371806837721456,0.9974621184279716,-0.17709985056958444,0.37599630981497534,1.0001413781444537,-0.22711426024127504,0.34572354076102796,0.976848283795076,-0.19854493782566043,0.3554475956844397,0.9827488503129671,-0.1800234367514975,0.36164848685064316,0.9870085268318887,-0.16567140650947185,0.3660045766272014,0.9902871492196349,-0.22777641507840826,0.3352433627945803,0.9652427692962974,-0.19961076847725304,0.3422201673698055,0.9693597947925476,-0.18216792172101243,0.3466550551621995,0.9719766193782454,-0.16718485847094525,0.350419341057311,0.973850193587504,-0.23225003065485067,0.32531472138621315,0.9544598841038672,-0.21103179836228597,0.3276478372417901,0.9538274306085632,-0.1969808906859157,0.32926618894612875,0.9537194675233295,-0.18519288971420197,0.33082923125965874,0.954081813098059
-0.287403994922097,0.31376433040001883,0.969259338470256,-0.2797804551288393,0.33414259201445984,0.9886541812906882,-0.2628681102812151,0.3540445085404875,1.0011207245485145,-0.2499492159550561,0.36749759756582223,1.0103230634945046,-0.24029295079175386,0.3765641668131048,1.0210421416362743,-0.22936791557537886,0.3420832304208512,0.9952896179901713,-0.20458352035099253,0.35271444451857814,1.001151316752136,-0.18813076077338645,0.35841926365934185,1.0047419386507086,-0.17497792035677226,0.36276604780470834,1.0075609832748276,-0.2250900764484169,0.3323296713204084,0.9839470559082236,-0.19649225403743847,0.3415402343240786,0.9904976433000907,-0.17805782945847032,0.34782756182884533,0.9950013529522892,-0.16384343048857228,0.35253624545181894,0.9983902783622367,-0.22590913960897666,0.3221434224928313,0.9723404612093419,-0.19766763098402657,0.32836150929097285,0.9771030168926355,-0.18022084782771022,0.33257274657309427,0.9800431090094373,-0.16525813612872356,0.33626145574149313,0.9822071321741065,-0.23046887082706746,0.3124713546868493,0.9613727556013599,-0.20921564133268303,0.3144448764961391,0.960692861221484,-0.19517151906029262,0.31611594293017425,0.9605228866122661,-0.18340321019989697,0.31782496688349904,0.9608656783738808
-0.28721637075160344,0.30219000646865735,0.9755529308918591,-0.27901589064919935,0.32201498302540804,0.9952829654597362,-0.2618911793847832,0.3414462852798213,1.0081940904014757,-0.24893311125907447,0.35487878602230255,1.0173713923614016,-0.23880467773333508,0.36420613377145,1.0274093298642102,-0.22905321043734705,0.3293709877609574,1.0024966332072265,-0.20424506655820687,0.33974644804517184,1.0087058435731975,-0.1878092404078875,0.34543236431470165,1.0124024365583957,-0.17465415423692718,0.349694302535845,1.015338138596728,-0.22472696160961877,0.3192726074894657,0.9912591032461229,-0.1960774458671947,0.32784320846465675,0.99842361016018,-0.17757149976556683,0.3336640231727876,1.0032495787011488,-0.16335428199747823,0.3381218565347518,1.0069514830249517,-0.22558593962527376,0.30902553807437305,0.9795884232366339,-0.19727617017684485,0.3144941801248834,0.9848401141432863,-0.17975051065478612,0.31818576858332814,0.9880011798774149,-0.1647697771976185,0.32162289661763344,0.990437588901848,-0.23025370837725848,0.2995410943249712,0.9682237637535933,-0.20899861109982684,0.3013649744680066,0.9672485152769158,-0.19494767035527347,0.3029484634892076,0.9668987274707029,-0.18319978999822667,0.3048028927138538,0.9671811489037204
-0.28790499778599565,0.29111708778215745,0.981087016938021,-0.27967578212666727,0.3107048706883998,1.0010407284695995,-0.26245035511285225,0.3295248027474776,1.0147017391180333,-0.2492787942918443,0.3425656708830728,1.0241363679299917,-0.23907460669667266,0.3519409411135445,1.03405219541222,-0.23004895023792624,0.31715840008208696,1.0097619166244447,-0.2052484137086556,0.3272826723741264,1.0164012667901814,-0.18877243913897482,0.3327496046208019,1.0202464896127672,-0.17559716554415636,0.33692470801417174,1.0232162426968558,-0.22538050380170785,0.3063660038458897,0.9984531786746378,-0.19668302517933064,0.31430819811160005,1.0061314847141785,-0.1780476049065885,0.319394538298688,1.0112785374728601,-0.1637411607394399,0.32325326663949194,1.0152961892565544,-0.22618220944398235,0.2957300335838188,0.9865949985949176,-0.1978277118150351,0.30044740241331347,0.9923132365241545,-0.18021728563628892,0.30342794760477176,0.995742251509502,-0.1651865283468789,0.3063899699513607,0.9984763092810942,-0.23095512778559196,0.2863267348754107,0.9748225810316389,-0.2096920550892134,0.2880092631013987,0.9737701329722194,-0.19561489338725568,0.2893247622576401,0.9733680071418469,-0.1838704538648643,0.291210952345,0.9735724325751275
-0.28907604784316043,0.27949016488031614,0.986647839647374,-0.2810255309472762,0.29946049758096843,1.0062928599571013,-0.26375986219355285,0.3177324375331628,1.0206302684859567,-0.250299993795219,0.3301345849881441,1.0305087885277122,-0.2403520862954227,0.33932095918713484,1.0408526000341518,-0.23143881196186325,0.3047256757671221,1.0164612608945065,-0.20661628780783378,0.31451669807246124,1.0235058793401919,-0.19009046876407193,0.3196649464423802,1.0275708108796286,-0.17691624948269438,0.323873191871539,1.0304981599804783,-0.22654801731474059,0.2933099227498178,1.0051595941087332,-0.1977768470433362,0.30060387643954584,1.0131968892668621,-0.17904663971534596,0.3051797533138218,1.0184772852390536,-0.1646586764500499,0.30874382095813147,1.0224759837615935,-0.22734287209610918,0.28232067794890586,0.993153447963817,-0.19896649991724533,0.2862670623265618,0.9993289561849449,-0.18132378292627904,0.2885935621206854,1.0030827328817855,-0.16625625434304117,0.29113260327992957,1.0060314894601117,-0.2322140430203738,0.2729441835226698,0.9812311186043478,-0.21092021799366428,0.27435420448895526,0.9804300785010962,-0.19680942053103445,0.27529303422616586,0.9801796419028164,-0.18504721875084482,0.2770729028341257,0.9802981303792097
-0.2909700764509831,0.26762404624533376,0.9929500172889463,-0.28266654437875444,0.28798307870978923,1.0120840964586366,-0.2651462664687572,0.30582340756506105,1.0266543030030002,-0.25145262801809115,0.31768524961444683,1.0368693627771177,-0.2418627722467946,0.3267350878092776,1.0476619466179895,-0.23300084246079414,0.29217445140314025,1.0226916980314942,-0.2080608626033346,0.30155110438741606,1.0298836557432924,-0.1914667866572243,0.3062879982061492,1.0341649295269477,-0.1782849558706788,0.3105268729526039,1.0370127416736408,-0.22830231189551867,0.2805874698066933,1.011608160223386,-0.1994116747226661,0.28718787089088477,1.0198146151186083,-0.18061540543653645,0.2915577687315536,1.0250343997048326,-0.1661790237642973,0.2952707045713767,1.0287100828568032,-0.22922426087087014,0.2695730566242885,0.9996563835557222,-0.20080467896213897,0.2728270966204582,1.006033525338298,-0.1831404476469994,0.2746879923744914,1.0099426048518148,-0.16804946837148788,0.2770912824245455,1.0128851979964135,-0.23418639855623552,0.260242047290217,0.987792658717795,-0.2128670131568468,0.2613329904358482,0.9872006638818092,-0.19873296344276467,0.2618649326576667,0.9871343242323456,-0.18693744219160818,0.2634102323567741,0.9872296644231853
-0.2938188292634334,0.25682546854666266,0.9992596824997504,-0.28477043833429416,0.27686279702289585,1.018395615258941,-0.2667812009952777,0.2942852066051902,1.0328999378822319,-0.25288972529887055,0.3057504114162225,1.0432990945128506,-0.24353584952570304,0.3147187249434712,1.0543634124550583,-0.23524370315404325,0.2799839624753001,1.0289305573847227,-0.2100760760864366,0.2889318914783199,1.035871276839441,-0.19336515042293803,0.29319004199055676,1.0402007043362358,-0.18012498763580354,0.29731971879501307,1.0429361412090254,-0.2309568579451821,0.26863550245237877,1.0180298988997152,-0.20191077011581363,0.2745644659654891,1.026200106127304,-0.18304154930191135,0.27874236365231186,1.0313127936921573,-0.1685663529463781,0.28255448395819704,1.0347248435471712,-0.23207506171016687,0.25785066298037423,1.0061861445342977,-0.20354101776642616,0.26058114540589417,1.0122920557209614,-0.18580483973795067,0.2620483878862545,1.0160396005240535,-0.17067701729808243,0.2643490017442309,1.0188730572605422,-0.23713312605143738,0.248638896028186,0.9942407769397255,-0.2158018490065554,0.2493732632597016,0.9935378309643692,-0.20165826847523233,0.24949877538192117,0.9934919914863543,-0.18981872106471415,0.25064186184324755,0.9937152244466441
-0.29837935104745705,0.24606082616943745,1.004450273336284,-0.2886159076116982,0.2651165587636872,1.0242266749555988,-0.2701973296936935,0.2819923768159508,1.0388380110683053,-0.25602790682888715,0.29288583975911586,1.0494741004716117,-0.24668207700774583,0.3014648094415536,1.0608495791503847,-0.23943922788530084,0.2665640041950562,1.0353275081330242,-0.21390996869440682,0.27478971207425795,1.0418269794389463,-0.19702276338564728,0.2785395062802797,1.0459369873511204,-0.1836625652962305,0.2823504406749625,1.0485486232512928,-0.2354695033513838,0.2555174411046258,1.0243587855709229,-0.2061973420704814,0.26063782923568724,1.0322646259440298,-0.18719439649128547,0.2643782353655929,1.0372183436023799,-0.17262128327715442,0.26784882865737536,1.0405776602623629,-0.23676802628426138,0.24495709719485675,1.0124594040562467,-0.20807013152656376,0.24719489655579693,1.0179687089103195,-0.19023472854184595,0.24810684363561547,1.0214090078074305,-0.175045223997983,0.24984972675204142,1.0243096324173537,-0.24195104664436384,0.23591408042981438,1.000164442687913,-0.22061711451546562,0.23606122779455774,0.9992165522864873,-0.2064769309782472,0.23577264837618048,0.9990414630245166,-0.19460206636305355,0.23634055183399358,0.9994846768915833
-0.3062023296142522,0.23296721346692423,1.0082394426481267,-0.2961368455131497,0.25111356491526116,1.0287076568437803,-0.2774412397103552,0.2672416509240151,1.043803601856066,-0.2629283535569575,0.2772605300179113,1.0548292389900975,-0.2533949190283034,0.2850588018389404,1.066604015154524,-0.24726728456614022,0.2499990913677423,1.0411681179412815,-0.22129600492983306,0.2567767992372372,1.0475871351787436,-0.20421898233742425,0.2599540022004869,1.0513833840476299,-0.19070757228134566,0.263198238204582,1.0539825160316456,-0.24351491934967637,0.2390320904227148,1.0300781977501052,-0.21393569491936798,0.242823097410312,1.0375800549064607,-0.19472761409362857,0.24585312721339855,1.0422179906245832,-0.1800022666742893,0.24865859356398415,1.045534488311357,-0.24499397891564864,0.22860601807772554,1.0180291061330857,-0.216160023130127,0.2300864274540001,1.023063063951348,-0.19827582632096027,0.2302181551021253,1.0263656471710174,-0.18305499081488477,0.23093059539149935,1.0295264869809913,-0.2503134863207617,0.21977551620787467,1.0054297006670057,-0.22899303129619786,0.2190813937499036,1.0044231222053885,-0.21486999231666892,0.21836577727205037,1.004129204128501,-0.20298501398297497,0.21835084146662853,1.0046568682526151
-0.31655681488169546,0.21893432436948843,1.0100297121423725,-0.30650520664617315,0.23679974625973893,1.0307503227993535,-0.2875923640108366,0.25206558529694145,1.0464597763988397,-0.27282148925323413,0.2611829446340167,1.0579167172918007,-0.26299055640681296,0.2682057616375055,1.0699324391483436,-0.25774152821204416,0.2328747823810955,1.04458615496577,-0.23150199713995145,0.2377616758962938,1.0516042567813686,-0.21430549532932275,0.24032421150175193,1.0553250848496414,-0.20068405441969087,0.24288438061912568,1.0581072849969988,-0.25424645972655324,0.22171370338598392,1.0335482166716794,-0.2244303205783116,0.22374622377660175,1.0407902343344126,-0.20503764321734652,0.22595560887413252,1.045112800656112,-0.1901773310633395,0.22812225212394197,1.0483037933988821,-0.2559303909564041,0.2114436390240642,1.0214159356910935,-0.22704640921475416,0.21181515761182002,1.0263663823543565,-0.20919272540133624,0.21116703872561424,1.0297714990638063,-0.19398411104550675,0.21099451756324247,1.0330640055250662,-0.2613378455548879,0.20297102850289125,1.008798069816128,-0.2400530006208951,0.20148107755884498,1.0079079962457318,-0.22595823117603012,0.20035501139912051,1.0075499821445946,-0.2140722749711894,0.19996029267690557,1.0078655843078903
-0.3248427662718041,0.2080699500513731,1.010447634742754,-0.31491864519458745,0.22607867325100242,1.0311055519417152,-0.2958059259919994,0.24063370343388518,1.0472419533841555,-0.28089538339034464,0.24908206213683548,1.0590261560114635,-0.27077588664863017,0.2556432699078064,1.0710632283012573,-0.26618300001747164,0.22014960971966066,1.0459558831013933,-0.23999104096185497,0.22368896849067696,1.0538996034215733,-0.2227859897765367,0.225826673465124,1.057842604298906,-0.20913383449519649,0.22791595004245885,1.0608579542921368,-0.26284337988825013,0.20870662017068017,1.0349240744714867,-0.23300691338026408,0.20927490292221046,1.0423431332867992,-0.21355245117450672,0.21081428738307942,1.046678579412351,-0.1986393195807034,0.21258897222315196,1.0498652163159232,-0.2646397168060275,0.19868027910112007,1.0226438081623959,-0.23580723814043641,0.19785134829339732,1.027833258729948,-0.21801486288446073,0.19668656154864805,1.031417049766676,-0.2027847620742278,0.19624553063758318,1.0345827778059862,-0.2700169346336558,0.19076692522195696,1.0099873650422009,-0.24877441367771586,0.18872890354116428,1.0091758358033112,-0.23471701720087743,0.18722925649088457,1.0087293071769639,-0.22283429720878054,0.18665606522723344,1.0086678265846576
-0.3282495482974078,0.2012720574375577,1.012699033087631,-0.3185105712450211,0.21935939238347396,1.0333763751306158,-0.29929907258781263,0.23361375417877772,1.0496631759093402,-0.2842754356248001,0.2416523315613136,1.0615895367574582,-0.27410405377470864,0.24804506997800932,1.073673437527676,-0.2700387439379866,0.21264853991551202,1.0491654554302654,-0.2440146762442068,0.21588354702921284,1.0577637751411264,-0.22686777206216666,0.2180161769141774,1.0619550030651999,-0.21322762673869547,0.22005202051970293,1.0650599237393124,-0.26648590140136913,0.2010839412834931,1.0377717652280731,-0.23680852892118778,0.2009651022750265,1.0458228243283134,-0.21742475170057113,0.202171179669089,1.0505616485835694,-0.20255867863669333,0.20387164040045036,1.0539987927369956,-0.26816089719412783,0.19134997284648012,1.0250370222905172,-0.23944972464594977,0.1896096175387084,1.0306556594731693,-0.22171788405239765,0.18821493077869048,1.0344511280359978,-0.206465798774823,0.18798124498404378,1.0375319718503153,-0.27339791474040875,0.18406276456717893,1.0119136247292297,-0.2521994282034486,0.1815812044256663,1.011190550426772,-0.23818861139334524,0.1797089988279467,1.010689967456444,-0.22631836789566925,0.17894755904405596,1.010468853775446
-0.3289354022417486,0.1963117806177124,1.0172413774285436,-0.31931984652576584,0.21435318242597617,1.0380163802564824,-0.30011781581234587,0.22867179355795123,1.0542579252010174,-0.2850335690382986,0.2365360076306201,1.0662239652013605,-0.2752439803365273,0.24302301271614105,1.0785701180069804,-0.27130788665395517,0.2076956444096892,1.0546205046061239,-0.24537580975301915,0.21104833999787073,1.063448601349094,-0.2283012573759636,0.21345056051682895,1.0677867832801946,-0.2146999326020401,0.21569891350547044,1.0709153019802864,-0.2673930573476295,0.19619940976628975,1.0428529474760313,-0.2379245375376406,0.19583070629474947,1.0516307895019104,-0.2186761485164051,0.19693270529066179,1.0569153912505154,-0.20391483991108372,0.1987942228393984,1.0607027617955105,-0.2688100352648729,0.18672522485470336,1.029665463958888,-0.240257509490165,0.1845030928910969,1.0358899921257283,-0.22262174005194868,0.18298451993793166,1.0400664111795497,-0.20743377584947115,0.1830118516050368,1.0434571794313596,-0.27387248049946245,0.17981812044350617,1.0160116805065755,-0.25271612086132583,0.1769209262196815,1.015744246156193,-0.23874999788017254,0.17469854411864866,1.015485110151555,-0.2268979275977323,0.1736718284810233,1.0155602601222016
-0.33042627830928584,0.19139208542856745,1.0215172384193534,-0.3206036037626675,0.20950180756681025,1.0421353096740105,-0.30138830330512606,0.22386874393177159,1.0583183797864693,-0.28645652483510703,0.23169459965952194,1.0704988744751773,-0.2773461599331624,0.23844300032165638,1.083219138265125,-0.27278637275131956,0.20314356396014357,1.0587632596270478,-0.24685750082573965,0.2062163378322734,1.067701947092439,-0.22986426642482813,0.20874608364152847,1.0722802869118577,-0.21634361426294652,0.21113951941189274,1.0756421593595644,-0.26901054762698007,0.19170076863469152,1.0474293611037084,-0.23966778207050599,0.1909113273657144,1.056592275741178,-0.22054088486990642,0.1917877709564372,1.0623399315634368,-0.20585957412195527,0.19374270423957776,1.06638257989732,-0.2703489590742641,0.18237154053634153,1.0345811281538608,-0.24199408145769769,0.17989423033612703,1.0415663410353895,-0.22450625869652954,0.17823498329171555,1.046277164522288,-0.20947410309237366,0.17830948167411534,1.0503022186656148,-0.2752079856106879,0.17538062013274147,1.0212903865034628,-0.2540744996393626,0.17239090360726192,1.021993361920937,-0.24013585877951665,0.17001704538663195,1.0223645935537096,-0.22830882144725684,0.1688960265991708,1.022993773431031
-0.33360979737155,0.18678094522069696,1.0239647125646358,-0.3232259126813686,0.20499611419809108,1.0442115491397963,-0.3039363883457184,0.21911736193679246,1.0605220673308218,-0.2893739174331234,0.2268189094197334,1.0732180148850126,-0.28070253167306725,0.23360750460355695,1.0862205844564319,-0.27527634844243654,0.19880664862655043,1.0600245690513488,-0.24933765944665126,0.2013603511130145,1.069097136989748,-0.23243554140873746,0.2037894791902159,1.0740517880756293,-0.21902215160780683,0.20612076579604605,1.0778576825610127,-0.27220246134762455,0.18732469661908524,1.0498928590358703,-0.2428874261588485,0.18596083180123063,1.0590770137227408,-0.22384720928703825,0.1863634633463595,1.065155658855866,-0.2091898020411786,0.18810654424588655,1.0693779493216689,-0.27376399872444296,0.17800314458358965,1.0382037550844074,-0.24562274069639561,0.1752543096654577,1.0459136741936164,-0.22825466841289485,0.17351682782326278,1.0510225023966653,-0.21336467579239246,0.17349917564201534,1.0555457889380122,-0.27846975977711685,0.1706656314819287,1.026277989125013,-0.25734740183818644,0.1680711311371706,1.0280588236769173,-0.24341726286253018,0.16585448273798747,1.0291059257683541,-0.231600864942449,0.16495517063977058,1.0301525109024146
-0.3365991161183512,0.18375688716252866,1.0247927950751938,-0.32578709833058045,0.20178925752230997,1.0449790707098885,-0.30653641333673015,0.2156201716456557,1.0615816407589314,-0.29229547519262983,0.223122125484055,1.0747529294731524,-0.2834688573395062,0.22950546674547112,1.087855926941074,-0.2779362512016855,0.19569454217132284,1.0603439234521306,-0.2520027310588467,0.1982043744982709,1.0694434699736826,-0.23516539254154145,0.2006449164926093,1.0746086041629739,-0.22181273966001636,0.2028770347396726,1.0786783787489589,-0.2752568735623077,0.18428378650378158,1.0508749157300032,-0.2459611313971708,0.1827726894265789,1.0600975069759608,-0.22697881429513517,0.18282628539824314,1.0663673285245183,-0.2123384385815521,0.18424258749001646,1.0707672310598992,-0.27698615243325053,0.1748965372143513,1.0399291252476448,-0.24897671135575594,0.1718915616355622,1.0480143390219407,-0.23161932077627817,0.1702323796720409,1.0531851234003997,-0.21675486495745572,0.17019698962117788,1.057791533469838,-0.2816455227944995,0.1673703703935211,1.0289235311155358,-0.26051915621618105,0.16520519384659435,1.0311697400015587,-0.24656892299831978,0.16322404860610304,1.0324045604338274,-0.23474210918134003,0.16257727944659872,1.03351790094389
-0.3377553802908206,0.18284654611649628,1.024625917199124,-0.3270807275462378,0.2004806812549054,1.0452327340357477,-0.3080903698063181,0.21448476733817415,1.0619892335608712,-0.29390824944140803,0.22210677213952032,1.0751550598461594,-0.2846866311766718,0.22811851767130123,1.0881614214922821,-0.2797879792701621,0.19492146741897717,1.0612551234512726,-0.253905171581254,0.19794618684797652,1.070342466887126,-0.23708666503691517,0.20062394574072287,1.0754511134492,-0.223701579305644,0.20292547438804748,1.0793730009891696,-0.2766060698810185,0.18378856904491347,1.0511457171942282,-0.24738110811786101,0.18289755980335504,1.0606687327432214,-0.2284172622635595,0.183138255655682,1.0669898492001564,-0.2138030838142493,0.18451249417082263,1.071489061545235,-0.2780714360259451,0.17434705086763594,1.0396892869787113,-0.25002230945194265,0.17139900470644687,1.047657026416338,-0.23260725060913134,0.1699044204891121,1.0526820485181647,-0.21767995220866093,0.17001322227800025,1.0570793474171818,-0.28262826907678745,0.16689101009179466,1.0280756723526525,-0.26147279671819296,0.16468645497810283,1.0299842673007593,-0.247496965252319,0.1626944714730373,1.0308599735012764,-0.23565266387469586,0.16206062695192744,1.0317776490962602
-0.33759279537497106,0.18357074898094072,1.0235268118123813,-0.3273533436034992,0.20099791091438043,1.0445267996171546,-0.3086989228075662,0.2156748440670279,1.0610836292790848,-0.29445020621170587,0.22393118348723726,1.0737869127821829,-0.28515586002694804,0.23021819869179885,1.0866100691738294,-0.2806362276807454,0.19668770830486776,1.0613635245501565,-0.2548916973228802,0.2002552836247467,1.0706446901664064,-0.23809724384099895,0.2031188574450756,1.0757316442635354,-0.22466875995638497,0.2056907362394268,1.079323303497362,-0.27658417216147607,0.18584548617689364,1.050288703129242,-0.24747606152993518,0.1860280228935595,1.0602015578382533,-0.22853385919061642,0.18689767605385912,1.0665323217146159,-0.21393732398071263,0.18860088951164683,1.0709759552226963,-0.277548483242322,0.17639787891149727,1.0378289181991567,-0.24934271620747006,0.17402477532183566,1.0454271044832126,-0.23188466281655287,0.17268194416776594,1.0503446323068937,-0.2168874748205832,0.17307940259503088,1.054479688773907,-0.281994494574161,0.16901260490136555,1.0250655516475038,-0.26081853041452385,0.1666207629852874,1.026449185558174,-0.24684448528776304,0.16449140699236922,1.026949815808225,-0.2349844743950289,0.16383183364070225,1.0276104723881005
-0.3378912693127359,0.1848786191252927,1.0212215517041596,-0.3278435299604771,0.2024078070891775,1.0422292249849188,-0.3094244687702085,0.21776266841842465,1.0584309165287646,-0.2952008671284176,0.22675108017791018,1.070656467125303,-0.2862125606861561,0.23367225743008854,1.0833707277712494,-0.2812448727700899,0.199517392335003,1.0589656126126172,-0.25565405152285875,0.20349540170699446,1.068501533204512,-0.23891215296097534,0.20641950524846014,1.0737254470426452,-0.22550828855503852,0.20937889120847322,1.0771043832289382,-0.2768305781211754,0.18883877770985996,1.0476664850140829,-0.2477967539501174,0.18997312826099397,1.0577327859982655,-0.2289188921274024,0.19147037033424533,1.064137978931951,-0.21434247096920558,0.1935707517158518,1.0684764117413372,-0.2775043568050386,0.17945408746875915,1.0348345963933436,-0.2491461539181371,0.17802018597489375,1.0420930814288074,-0.23167092373489973,0.17686082451771365,1.0469962553661267,-0.21663940447563998,0.17759993630903398,1.0509559845856167,-0.28186899967222306,0.1719660596187973,1.021720993969202,-0.2606467299421003,0.16986138744152365,1.022835637934164,-0.24665397610632472,0.16784074055986137,1.023258190969423,-0.23477527104334858,0.16736791977819937,1.0237100416458524
-0.33920004497831574,0.18595127712648818,1.017531045609378,-0.3289798152421653,0.2037212396208757,1.038251257252207,-0.31070624487530796,0.21939690744370485,1.0543098516741676,-0.2965348403134522,0.22872746275603048,1.066338089588292,-0.28780878996014797,0.23584262883395862,1.0791277427479455,-0.2821699151708309,0.2016598611108044,1.05425333774321,-0.25661032818452933,0.20629626967398454,1.0635731929422605,-0.23989957045846821,0.2094135675218711,1.0687850884817256,-0.22655800850002827,0.21276596311293,1.072041301671039,-0.2779468927033397,0.1912123526698036,1.043295318994794,-0.248857553158785,0.19301976209090765,1.0530995889175896,-0.23002315631991394,0.194955623842125,1.0595151818237258,-0.21545834366748848,0.1972520442134171,1.063792837823096,-0.27861879456438926,0.18199461677684772,1.0307815802694384,-0.2501232852778877,0.18154175929471997,1.0376175308311828,-0.2325998782731113,0.18069925481066962,1.042412246333112,-0.217552608254724,0.18164648998497632,1.0462664289301806,-0.2828808616322687,0.174402741587398,1.0180402070728962,-0.26158160798357816,0.17311964292793797,1.0189075365831388,-0.24752935363698303,0.17156414899298286,1.0193238431931106,-0.23563710676419344,0.1714166658490609,1.019613801013182
-0.339412484846661,0.18741555496063012,1.013314388942395,-0.3289274607333296,0.20552036038907034,1.0336080363025035,-0.3108445723708193,0.22129058231168164,1.0497894342468646,-0.29664706341701114,0.230643503752197,1.0617694207679345,-0.2878523307566789,0.2373888104160626,1.07471153367398,-0.28197888941954885,0.20379027580298534,1.0491050677549452,-0.25634410344884456,0.2094511756579795,1.0576174371826792,-0.23960259275606854,0.21301805384149827,1.0624268055937542,-0.22629564244809813,0.21670461809822433,1.0654555138177895,-0.2779454795396818,0.193826787494865,1.038296957236229,-0.24870279493547853,0.196330567589535,1.0474717376177722,-0.2298080212886061,0.1987307786741268,1.053543674123042,-0.21520892137470196,0.2011066788102114,1.0576579219544302,-0.2786637504440797,0.18484693172467714,1.0261328590059833,-0.250004389298562,0.18530865881619518,1.032244910732087,-0.2323586514261395,0.1849688525681925,1.0366359664430416,-0.2172634535340218,0.18594644754694772,1.0402899535295766,-0.2828116949208568,0.17733118248929275,1.013680917104397,-0.2614624203885827,0.1769292083693321,1.0140029456636523,-0.24734961183644155,0.17600087059545658,1.014162784785259,-0.23545439938151774,0.17615916458617875,1.01426390927914
-0.3351616464726907,0.19167737090812306,1.0107780267655224,-0.3245124024570804,0.21021218367991165,1.0305923183462473,-0.30673640789570766,0.22624319699922119,1.046857281296201,-0.2925440849386009,0.23573665877434552,1.05873240780569,-0.2834113467685869,0.24213711037368021,1.071615423130981,-0.27762602269459297,0.20912326419406035,1.0458923380948688,-0.25199638269627084,0.21593545622293894,1.0535319758823822,-0.23521908728328458,0.22011705024129183,1.0576753386298263,-0.22193604081986917,0.22418141825972365,1.0602983798581715,-0.2735079123297261,0.19964018817632592,1.0348370369270852,-0.2441535179840552,0.20313323834229918,1.0433045185957845,-0.22514001935162287,0.20626036588283536,1.04862897541699,-0.2104814393936794,0.2089592507819573,1.0523096966627183,-0.2741889301902072,0.19080036546415116,1.0227312046777663,-0.24541047561925,0.1922887820580019,1.0280711033686902,-0.2276158585169095,0.19271135796561556,1.0318049934833733,-0.21243995474756733,0.19389594470685292,1.0350393422600823,-0.2782644476822116,0.18343699885746206,1.0102457021252778,-0.25691251068141135,0.18367245810967375,1.009935615210192,-0.24277554385930616,0.18338614109369072,1.0095850208097166,-0.23089026624912126,0.1838841162352644,1.0094315301398131
-0.3249605264819817,0.20175175103319926,1.0102698229188252,-0.3142006685519657,0.22059917429560355,1.0297262338707174,-0.29678187491344776,0.23724519653559206,1.045758200756216,-0.2827531617055499,0.24719098589975108,1.0574561901845438,-0.2731520856424905,0.25365610260110105,1.0699608443380344,-0.2674892239473655,0.22084125150865933,1.0446262257105234,-0.24207667086183982,0.22889732190301282,1.0517641769349908,-0.2253481799025444,0.23382544794494792,1.0552285655831388,-0.21217826678302765,0.23850944316977246,1.0573386208388853,-0.263137946929337,0.2114590943779185,1.0332298208547348,-0.23383498239694406,0.2162052711935414,1.041254170543095,-0.21479516327352588,0.2203010499816514,1.0457654653913129,-0.2001725495211483,0.22377714400084156,1.0488962148845515,-0.2637680781495932,0.2024670893627511,1.0210537132083723,-0.23501951423759596,0.20520504672447043,1.0260490121946233,-0.21715852917323472,0.20671199011250294,1.0291284988013585,-0.2019586773236103,0.20867138392717,1.031829904472812,-0.2678828981698241,0.19506232524382197,1.0085744586137806,-0.2465497865836917,0.19580743050434996,1.0079420213877566,-0.23244128548365847,0.19623999122778665,1.0070354825151808,-0.22059242454856293,0.19722870621480224,1.0066376135496249
-0.3115465598389362,0.2182935634838574,1.0087476506743671,-0.30065885126937236,0.2371317153952818,1.0281418165007594,-0.28348917092238246,0.25447141680055674,1.0437002618733309,-0.2696797841271698,0.2649289976362329,1.0552114006708797,-0.25964872065803474,0.27167563178724585,1.0672199586334208,-0.2541153497087028,0.23892469913158013,1.042269798592954,-0.22909461982466958,0.2483302997337906,1.0491361095084502,-0.21252738636222962,0.25411188347632885,1.052005062208456,-0.1996083931853204,0.2596177322331299,1.0536249389896672,-0.24956770122940175,0.22927384079939092,1.0306903022485419,-0.2204410534035789,0.23524774959591316,1.0385344664993876,-0.20151493640750576,0.24033649463692677,1.0424776462695324,-0.18708494642634066,0.2448062549292286,1.0452166765803765,-0.25020342230042386,0.21986444601053076,1.0185390518321837,-0.22160814644326318,0.2238439936398388,1.0235791657989286,-0.2038188989732421,0.22661889575310684,1.0261504488088793,-0.18874920991465396,0.22980009613755675,1.0283768245104834,-0.25443465886689015,0.21214426539632836,1.006319640861962,-0.23312564295252985,0.2134023398582229,1.0056872659333238,-0.21910520206416323,0.2146681056274466,1.0043147503196173,-0.20733260756739885,0.21628518003771272,1.0037469020432697
-0.29979257972441753,0.2378190948438561,1.0042741526245795,-0.28879774256884544,0.25641673719315816,1.0238392513568926,-0.271624544732465,0.27407267001404734,1.0390339116936682,-0.25786573876411983,0.28477633493342447,1.050378218311089,-0.24762436229424312,0.2917239771286415,1.0620909996613332,-0.242293590138696,0.259287412666821,1.037148148163404,-0.2176199528601765,0.26980494668696764,1.043647499961039,-0.20126311675474365,0.2763687435571972,1.0459929866977777,-0.1886297856967774,0.2825843069894076,1.0472596648826757,-0.23769962952433174,0.24936513258232382,1.0255950323100869,-0.20869952757732804,0.25624325702835504,1.0331624363458989,-0.18993987970659273,0.2621885071539104,1.0366797520911468,-0.175753375357995,0.2675057200599543,1.039164907267369,-0.23838369358408726,0.2395664667860261,1.0136130565171368,-0.20990552437609966,0.24443971382090415,1.018529833040135,-0.19227512764092083,0.24839615460576428,1.0205997583724171,-0.17745245718320996,0.2527838660596906,1.0223910544597339,-0.24270672386354675,0.2314775775459722,1.0017308181495739,-0.22143143457535183,0.23320169386348477,1.0010627633106515,-0.2075567592807338,0.23530992782787918,0.9992999644517684,-0.19591630512699504,0.2376474602005148,0.9985468827828099
-0.2919213169018759,0.2562960408173585,0.9975005209871004,-0.28088433523949735,0.27466657799499933,1.0172555262522098,-0.26348457081977156,0.2921560397339107,1.0323848129728188,-0.2495742917437389,0.3028228048267959,1.0435781473951893,-0.23936898303100537,0.30984972038796377,1.0552751086588321,-0.2342724663249173,0.2779996937769683,1.0299548509228382,-0.2097353086559475,0.2891152328837722,1.035956613672193,-0.19356250669980596,0.29626328824881415,1.037821179614058,-0.18113112177997595,0.3029116603360893,1.0388693082265223,-0.2297825716217351,0.26804574683963417,1.0185752951489322,-0.20077502138038295,0.275502795491235,1.025541970616902,-0.18217471370024274,0.28220441840280186,1.0285014810318944,-0.1681887196411676,0.2881636180179748,1.0306428742925835,-0.2305133589211166,0.2580818258014593,1.0068382616259601,-0.20203326940816943,0.26349108340691707,1.0111456718654355,-0.18459583453085934,0.2684725368890725,1.0125204044611875,-0.17004756180002065,0.2738566493490092,1.0137579045788185,-0.2348486251981258,0.24974733745722089,0.9951982010161062,-0.21361821658968852,0.2518373839688656,0.9942192911436176,-0.1999483839957522,0.2547478914239859,0.9920459646600828,-0.18853888118345571,0.25793318279226973,0.9909466344213144
-0.2873529598752422,0.27199758678196606,0.9897592725065737,-0.2762943280918014,0.29022076101173255,1.009638266885191,-0.25861127988565574,0.30734999610204067,1.0248510083151006,-0.24450475178566689,0.3179084555732347,1.0359005004106816,-0.2344305626645267,0.3249978940657306,1.0476731528918242,-0.22953206534678755,0.29380294650247085,1.0218371854624082,-0.20502521857650202,0.3052339798822226,1.0273502979639866,-0.18902041677967032,0.31285289593708715,1.0287392768547203,-0.17674035490332565,0.31980235637014465,1.029601736144552,-0.22520118877904935,0.28394724835609253,1.0106826637336814,-0.19614720436801555,0.2918960890044149,1.0168682950566676,-0.1777347457853271,0.29935813283130674,1.0190911689189224,-0.16395141413283865,0.3059199248278109,1.0207246649620796,-0.2259654918903239,0.2739442551988241,0.9991990282285287,-0.19745997292070452,0.27980181926965014,1.0026708693694308,-0.18028968307209647,0.28577571405547414,1.0031833449374572,-0.16607740920999356,0.29209225308051295,1.0037171233437236,-0.23026914749597693,0.26545079552631173,0.9877452666071409,-0.20909816076244928,0.26786266327168806,0.9863208287011193,-0.1957127125435655,0.2715931510439581,0.9836803814365228,-0.18467547259406214,0.27574202669829995,0.9821000246412289
-0.2850224929825765,0.28455366363230156,0.982667989841574,-0.2739262233440728,0.302626951050594,1.002662511977416,-0.2560081379348027,0.3194741171126287,1.0179151708078469,-0.24176555787512505,0.33000118548640395,1.0288191252147794,-0.23177222036724243,0.33719002152721567,1.0406004075244861,-0.22704128025973455,0.306594550039054,1.014292353136454,-0.20261656120512261,0.3183880415425513,1.0193908950325778,-0.18679570036502477,0.32644677058356913,1.020333271436971,-0.17468353271056086,0.3337050419434146,1.0210053187575578,-0.22284408375346448,0.29678028663944483,1.0033508445321284,-0.19379947613173465,0.3052686784576064,1.0088224151580132,-0.17561970629873763,0.3134435328396213,1.0103421592131991,-0.1620805073568555,0.320592327061683,1.0114781557596908,-0.22364211274008353,0.28669582797310744,0.9921114947438178,-0.1951683761618529,0.2930609277572694,0.9948793783197686,-0.17833798625151714,0.2999481407744912,0.9946088678271622,-0.16453594340136174,0.3071356552463822,0.9944841206745673,-0.22792883505244513,0.2780282544766337,0.9808758986699269,-0.2068238792481763,0.28075880511215295,0.9790921547513031,-0.1937641456343168,0.28524836133981263,0.9760350372183483,-0.18316564273316321,0.29026921576245673,0.9740365078541934
-0.2842374331870792,0.29446141125881636,0.977144310006096,-0.2731391419545964,0.3123909705867802,0.9972667021963723,-0.25504263616825446,0.3290872449824864,1.0124745715435681,-0.24070233002346159,0.33964918817834827,1.0232154957408581,-0.23072183681622593,0.3469467600328072,1.034940681086876,-0.22613315332785755,0.31691347967520445,1.0082492829538494,-0.20184134375261556,0.3291253950678403,1.0129848486232915,-0.18620096041193077,0.3375615236354841,1.013568773714769,-0.17425400596883076,0.34510057246977693,1.0140900972541789,-0.22202438831783616,0.307048147806499,0.9975044788106299,-0.19303431514579344,0.3160634818815299,1.0023911465574815,-0.17507595019385194,0.3247889802204526,1.0033934959633797,-0.16176243745039626,0.3323935383308769,1.0041851583572758,-0.22285331329389355,0.29679794148248134,0.9865171528548614,-0.19445234146763468,0.3036846800706616,0.9887278044377537,-0.177943279941533,0.31126799803353344,0.9878833639090566,-0.16451883349864482,0.3191162569658521,0.9872822130074064,-0.22714190348485033,0.287904940736759,0.9755344921361144,-0.20610372603439275,0.2909448163249491,0.9734824067061468,-0.1933210366562772,0.29599849258573735,0.9701474504380158,-0.18309291409641001,0.3016396057930176,0.9678903033046814
-0.2847196981996091,0.303007694681217,0.972519244175552,-0.27365954989515245,0.32083498270406763,0.9927531947208363,-0.2553967056571749,0.3374211650843227,1.0078824863381421,-0.24093429686095616,0.3479919727415189,1.0184495689202246,-0.23096957287753606,0.3553752870956426,1.0301344187742698,-0.22652505038303625,0.32592499627474364,1.0031117646567052,-0.20236513973133172,0.3385401417476896,1.0074482718000612,-0.18693615117090948,0.3473738075554402,1.0076568027694202,-0.1751694628687227,0.35520060972561535,1.008010314031227,-0.2224889375498883,0.31600579473760015,0.9925643729218019,-0.1935669342600251,0.3255303971022343,0.9968515384387457,-0.17586582013362223,0.3348083874818691,0.9973325275660994,-0.16280486467953242,0.3428656641894359,0.9977768131216478,-0.22333602430812258,0.30558074352182013,0.9818328756296226,-0.1950274940386624,0.31300349065149297,0.9834010875128883,-0.1789195348764002,0.32131904636405806,0.9819334062044119,-0.1659388576946003,0.32983031707800975,0.9808231793316622,-0.2276202572423583,0.29644443399403547,0.9710854440567248,-0.20667206400436358,0.2998372180485107,0.9686939957374353,-0.1942277297430292,0.3054889082150661,0.965053162336958,-0.18443962648756793,0.3117560366559,0.9625139698934726
-0.2863618447778487,0.3113534587456835,0.9677002764943972,-0.2752339990831487,0.3289781633254407,0.9880740997022904,-0.25673035493404356,0.3453164623507927,1.0031805065753585,-0.24209999287985162,0.35579790034992087,1.0136044425231963,-0.2322275716057964,0.3632550058540712,1.025320740859987,-0.2280245766752371,0.33445681596140536,0.9978784157992011,-0.20403108457736288,0.3475511912046663,1.0016860589211647,-0.18895339356681926,0.3569664376766343,1.001302402266707,-0.17748910618350122,0.3652372988209577,1.0013439564255697,-0.22411309821776026,0.32458645620036575,0.9875347589084803,-0.19529165321039882,0.33471242474974267,0.9910517435967596,-0.17805561381923252,0.3448338396399731,0.9907085176257814,-0.1654648204473204,0.35361753974133386,0.9905529870305478,-0.2249870507581148,0.3140775749109473,0.9770294555455317,-0.19680546669480736,0.3220880833910002,0.9777774014343245,-0.1814477542204958,0.3315234491789147,0.9753518203472941,-0.16929096055687523,0.34104880086349765,0.9734407065154108,-0.2292625552091822,0.3047466453386204,0.9664757444952061,-0.20844666486447083,0.30857389971477617,0.963628352401087,-0.19667054356036506,0.31519975060370203,0.9594474683049541,-0.18772015817010668,0.3224282366579776,0.9564191101313676
-0.2888595673503966,0.32045558889396736,0.962250022649871,-0.27752644211868815,0.3376831189318697,0.9828491564838663,-0.25870060166130054,0.3535657598711734,0.9980431631417344,-0.24390976622310648,0.3639313674140088,1.0083558661976315,-0.23417488727686991,0.37148241246101504,1.0201269588244584,-0.2302828817937309,0.3434016561716392,0.9920824205068564,-0.20649657156877996,0.35701017744258723,0.9953486211906574,-0.19181015729239212,0.3669814741786579,0.9943419922275424,-0.18069174071269903,0.37570757774999797,0.9940687062111515,-0.22656126408294405,0.3336509493621139,0.9819535562082081,-0.19787366651002541,0.34439098877954016,0.9846467720330776,-0.18120232944737882,0.3553549078459632,0.9834216611851463,-0.16917941561048336,0.364869183203634,0.9826255693186557,-0.22749465324054824,0.3231314878850156,0.9716578179545847,-0.1994505845819042,0.33164379046762243,0.9716741669676796,-0.1849278419448479,0.34207831482223616,0.9683606263543881,-0.17370136934507235,0.3525239436750504,0.9657096899520973,-0.2317753470537659,0.3136748659144266,0.961305607349437,-0.21107768773795854,0.3178502383636029,0.9581071745460262,-0.2000576996897805,0.3253881944655823,0.9534383624894925,-0.19204994464974467,0.33348213597630555,0.9499894014084846
-0.29202256840201346,0.33125648768102783,0.955930146519582,-0.28071960800234114,0.34829584647144013,0.9767016455422884,-0.26170022563220063,0.3638997748296354,0.9919433286679767,-0.24683702654006215,0.37433903965021664,1.0020761239271418,-0.2371086647389028,0.38200310197606036,1.0137793669119075,-0.2333064559828635,0.3545335687398966,0.9852272060302902,-0.2096133850448084,0.3683572982388678,0.9882589323487224,-0.19497252547725044,0.3783849956201427,0.9871537893179511,-0.1838800141822766,0.38714550761310784,0.986933837468461,-0.22968794132323683,0.3447311758244641,0.9753273733564086,-0.20108133649867338,0.3557953881604166,0.9775240705292442,-0.18450320871370615,0.36687461661923965,0.9760894021899857,-0.1725239696128262,0.37643635119888946,0.9752080864899305,-0.23065949005458086,0.33405848779710456,0.9653131706957793,-0.20270157900980712,0.3428427728641519,0.9649654706063446,-0.18819667590487243,0.35326991589308737,0.9615520591492083,-0.17700804026442918,0.36374019626023096,0.9588391318534522,-0.2349418103775264,0.32441641623429385,0.9552381803262202,-0.21427538405240992,0.3286800399623121,0.9519553242076987,-0.20323007961677042,0.33621941312798526,0.9473490429538715,-0.19528515868308494,0.3443927489032102,0.9439422591096206
-0.2959814082106477,0.3430440286468656,0.948901910942662,-0.2853451489454428,0.36068429951365116,0.9695233237464695,-0.2665045892941133,0.37679373200715466,0.9844581115660251,-0.2516521317794327,0.38756830372475054,0.9942499238134043,-0.24167577836920534,0.39530908864287156,1.005690963648785,-0.23755227650810923,0.3681281080077185,0.9772664590144935,-0.2137465142979291,0.3817346531123412,0.9803963293176434,-0.19878902345834262,0.39132888329842697,0.9798004772504898,-0.18734719151572668,0.39962890177203747,0.979981946693538,-0.23374558100484139,0.35790997381579437,0.9675869543949998,-0.2051378979497837,0.36898249986921816,0.9697269893691389,-0.1880712659651625,0.3793597031203177,0.9688989659829704,-0.1754959761335118,0.3881610794428358,0.9685772278125785,-0.23461815628463523,0.34675294285487435,0.9579636436730569,-0.20676000802030475,0.35583331195387147,0.9573313290461628,-0.19149155697732537,0.36530379867100143,0.9545111893875753,-0.17935081077502507,0.3747977412328411,0.9523572048804192,-0.23884565999193905,0.33668025241908994,0.9482040865590544,-0.21822335622978134,0.3410344485620523,0.9447663006247051,-0.20635103288691567,0.34759357650409867,0.9407557515502137,-0.19745001578381202,0.35492293641010436,0.9378259494413627
-0.3000419073157314,0.3527110616710947,0.9427731759720828,-0.29045287734336867,0.3714811969858991,0.9629048514584481,-0.27210225317488596,0.3887797550539161,0.9771014310411411,-0.25722717550268226,0.39987368607462453,0.9864941535306327,-0.2468916474475052,0.40760853198852115,0.9976159245019334,-0.24235958874884006,0.38053429741882305,0.9700923950950259,-0.2184270729024884,0.3939384936457869,0.9731273054692359,-0.2033985251306507,0.40343410696396886,0.9728003431671253,-0.19178329396607433,0.411487984851054,0.9730457244978696,-0.23810564128943862,0.369750368465577,0.9605772860946393,-0.20955921283051882,0.38100170712756687,0.9625993922308032,-0.19222701626825905,0.3909547746932689,0.9621830922176773,-0.17929676860851265,0.39923210503872114,0.9621954526692708,-0.23871724261737606,0.35797178062941737,0.9513130862345258,-0.21115614329597432,0.36782482122028587,0.94981884904139,-0.19569104046518057,0.37698036393398177,0.9470303842925007,-0.1830514469590453,0.3858242385701599,0.9449812697538583,-0.24281511036684442,0.3472790335084372,0.9417411332064104,-0.22247173514737967,0.3522253609806598,0.9375295138197486,-0.21023996379483673,0.35822816492989984,0.9337336161495409,-0.20076492098266294,0.3648718568846846,0.9309738546714531
-0.302597965865095,0.3577959496387164,0.9393132330279805,-0.29364820812507325,0.37722472761799597,0.95911162326714,-0.2756482728386132,0.39540417742121226,0.9726407889837976,-0.2606454390540112,0.4065052424910424,0.9818194495482773,-0.25009899741615294,0.4142038356038957,0.9927670065310527,-0.24553463383382476,0.38725745618999474,0.9662115196914723,-0.22170976418441596,0.4010049520447276,0.9684543786079214,-0.20731673172294865,0.41138411657791235,0.9673388585847615,-0.19618919604835672,0.420085293736855,0.9667854853983117,-0.24093702194190336,0.3761654772457763,0.9567463570327825,-0.21266444291443726,0.38819483289555146,0.9579857078547176,-0.19592962111538584,0.3990631847111872,0.9567746894788334,-0.18356839478603235,0.4081424931706865,0.9560877422445808,-0.24133227853453362,0.36408073404179936,0.9475798388934737,-0.21432872187183039,0.3750781457933453,0.9446143352583454,-0.20005224258684123,0.3855892521131441,0.9405562954896525,-0.18837633526526404,0.3953959877973929,0.9374460806400852,-0.2453267756095176,0.35293587248348324,0.9379462114429776,-0.22556476451276175,0.35887722038520514,0.9324489292814996,-0.2141702501833033,0.3658637798037789,0.9278216454688192,-0.20543795127860973,0.3731663419182847,0.9243646373835802
-0.3031955714944096,0.35922832386036563,0.9378707341917355,-0.29407813336250843,0.37823236955678746,0.9580020630727241,-0.27590903436659203,0.3962212775129509,0.9715597702046275,-0.2607773842504042,0.40710273471986885,0.9807898043771655,-0.2502215192231633,0.4148418526951352,0.991699641109249,-0.24604821641433466,0.3879819983230639,0.965350327865194,-0.22258200314071452,0.4024781300212344,0.9662709106113849,-0.2092963746047589,0.41402450052611556,0.9637600885678194,-0.1991802394472135,0.4237412832822107,0.9620031883517491,-0.24148815419520406,0.37692490136232876,0.955827659250081,-0.21370876483127121,0.39011009808254077,0.9556373261493107,-0.19824376617068987,0.4024800054197815,0.9529058235889126,-0.18714447233500156,0.41291133660126744,0.9509826332441736,-0.24192593036498836,0.36502624004278683,0.9464576414014526,-0.21549084119195328,0.376927349047863,0.9421589189933642,-0.20289681260504547,0.3888644540672011,0.9367123722603806,-0.19280011723711984,0.39990978146334794,0.9324427354687455,-0.24596651263214472,0.3538690456121284,0.9366092708919878,-0.2267456940437109,0.3604859798716827,0.9300645690320284,-0.21663056625257185,0.3686256216030664,0.9244530498927727,-0.20907580519722055,0.3767868650411733,0.9202279991902321
-0.30290528463135047,0.3599131756493897,0.9361493446291476,-0.2932045454846183,0.3776731398683598,0.9571262644312352,-0.27453291211576314,0.3945984158501335,0.9713541782183315,-0.2593919517630684,0.4053211331936533,0.9807531744083529,-0.24886056616057237,0.41320239725705316,0.9915846269925467,-0.24522724780479144,0.3864420724918218,0.9647357707151606,-0.22215235354879406,0.40157650168023423,0.964352651384168,-0.20975499274980716,0.4137993044794554,0.9607416457462694,-0.20054426314440077,0.4241833147659023,0.9580632980221756,-0.24095077745539936,0.37554732330598223,0.9551398114535626,-0.21374373720462442,0.3897704234074734,0.9533903838418568,-0.19936582365420932,0.4030982819449457,0.9494806925390703,-0.18928617140286383,0.4143362449903253,0.9466852583950571,-0.24161119302919426,0.3641004962264399,0.9454670918175104,-0.2154923313766758,0.37640697761284125,0.9404386794098429,-0.2035903768808026,0.3887571951507263,0.9343901664066154,-0.1941893175855567,0.4002290522509933,0.9296796577534473,-0.24580284263516575,0.35325853806893026,0.9354385366351557,-0.22674502563064564,0.3598888054756959,0.9284459710274903,-0.2170267475098505,0.3681972250398876,0.9223975034935755,-0.2097657066771889,0.3764648594117123,0.9178747973989038
-0.3026805112158198,0.36142448717176784,0.9334413966775905,-0.2925509305719436,0.37794394824086636,0.9552141051770172,-0.2734639407567833,0.39373993012040315,0.9701707815026755,-0.25840398455940605,0.40445860251860094,0.9797035805860572,-0.2478286524038203,0.41250723247476795,0.9903678516186624,-0.24456861906028957,0.38590164643082725,0.962964247504095,-0.22175803431813532,0.40137723879536147,0.9616108307559788,-0.2098132950395958,0.41385348699209995,0.9573921509545553,-0.2011196152958122,0.4245295507906162,0.9541858524178249,-0.24054160209486347,0.37509756554644275,0.9533217453563697,-0.21382556233567027,0.390029429794075,0.9503430271171913,-0.1999648969232596,0.4037177159514421,0.9458536314183915,-0.19030694865530742,0.4152220671485315,0.9426787938227855,-0.24140350706873004,0.36404059602796973,0.9434216005244456,-0.21540098889653547,0.3764632604402709,0.938085327753788,-0.20324971316908338,0.38855175092381705,0.9320038970315171,-0.19363817358605556,0.39986705098004094,0.9273397138817301,-0.2457328227491465,0.3535239802546559,0.9332961382368531,-0.2266057063527553,0.3598286292834765,0.9261925034191844,-0.21643676751748572,0.3675641768373429,0.9201251554150719,-0.20862754193611946,0.3753376538668699,0.9156395770589081
-0.30269476757385666,0.36346281229344113,0.9310236869390988,-0.2924476798431689,0.3793491737765222,0.9532086490824905,-0.27319174707602456,0.39455607753750005,0.9685542517661511,-0.25821115931209737,0.40531952546304084,0.9781613666302702,-0.24759222313661458,0.4134891851022372,0.9886894066620068,-0.2444103826318189,0.38696087243784894,0.9609985713857742,-0.2217279503020169,0.40256929737253894,0.9591189951387407,-0.2099552839321733,0.4151184895704268,0.9546409457318372,-0.2014561708476304,0.425878499206272,0.9512020468620285,-0.24047629996754258,0.3761577246606837,0.9512999501866106,-0.21403459154220925,0.3914375118183803,0.9477021352055325,-0.20027015491431596,0.405170898793368,0.9430571094948268,-0.19065591659680434,0.4166878454634243,0.9397964322731355,-0.24143196518733648,0.3652723159714826,0.9412664635062256,-0.21544018531062603,0.37767643121771344,0.9358355654886159,-0.20285504650967093,0.3893874006495399,0.929899541572504,-0.19283784929845021,0.40040824499549843,0.9253863317494497,-0.24584067843803073,0.35491357447462685,0.9310612703415585,-0.2266393624884035,0.360940332099303,0.9239167292802656,-0.21596291042530885,0.36805340529029124,0.9179605320101379,-0.20756353252401255,0.3752632513777603,0.9136016407790153
-0.30298341811615886,0.3659726309078876,0.9295539247576086,-0.2928145510797284,0.3818454828240652,0.9517845016434601,-0.27357553823223046,0.39700601475916564,0.9671970629669976,-0.2586519894043419,0.4077985190986831,0.9768601896594329,-0.24806672448728778,0.41604103634115214,0.9873653239837774,-0.2446892164180587,0.38944377414831655,0.959530808177702,-0.22199966397760393,0.405038447154396,0.9576232295838764,-0.2101479052977541,0.41752632636704173,0.9531825636731353,-0.20154587452437886,0.4282192165703004,0.9497905256870474,-0.24072471917151084,0.37861776910741446,0.9497375876612263,-0.21425260268891133,0.3938647698925526,0.9462253051181205,-0.20022208572901218,0.40739628249293075,0.9417885655579302,-0.19036387904165591,0.4187473770185661,0.938678249022537,-0.24169039702513345,0.36771362790683015,0.9396263736455175,-0.21554643130836781,0.3798831159603673,0.9343989491750708,-0.20253206056480527,0.39124924922043336,0.9287239097506567,-0.192138361833124,0.40198945863257096,0.9243890231971553,-0.2461368084192179,0.35737680509972497,0.9293235426866758,-0.22683506869795728,0.3631798169351925,0.9222648809147367,-0.21583500239537817,0.36991139986733595,0.9164560034532018,-0.20710344520249166,0.37679274285725484,0.9122206297812595
-0.30368785386292785,0.36977163820623576,0.9281663767326315,-0.2936913788364031,0.3859416437395263,0.9502605669538793,-0.2745564294948219,0.4012889210505613,0.9656177536521813,-0.2597035575557062,0.41212416717651884,0.9753417504416235,-0.24920986522921149,0.4204322555096244,0.9858870271395256,-0.24544420895624866,0.39368492120311005,0.9578910261083506,-0.22264433279332327,0.40915549773296017,0.956317691752395,-0.21047977810231613,0.42143753772657744,0.9521576523859316,-0.20152857700269494,0.43192556603941085,0.9490405997704874,-0.24139277039226967,0.3828294358971853,0.9479714734862016,-0.21466740223120812,0.3977546041182714,0.9450433063289299,-0.20003686184577987,0.41081007724857027,0.9411518019006186,-0.18964479993124375,0.4217787343774429,0.9384316429117789,-0.2423346768143083,0.3718063684620798,0.9378083303957346,-0.2158653205122321,0.38348788126604394,0.9331344898931729,-0.20219782217928495,0.39431914589166295,0.9279719227474756,-0.1912497153478695,0.40463099261013996,0.9239747878941342,-0.24680606078108724,0.36144360153976296,0.9274023398645636,-0.22730696835554023,0.3669326245743374,0.9206412135274517,-0.2159143367921947,0.37324025309604314,0.9151202993558115,-0.20683477519626733,0.3797946519437779,0.9111037362143796
-0.3046105834787259,0.3746812850544432,0.9264117841945865,-0.294821853216899,0.3911722176272605,0.9483613112094278,-0.27580554061334867,0.4067046797848479,0.9636796291569167,-0.2610478695519543,0.4176073952717676,0.973472913430637,-0.2506430935566071,0.42600122790551526,0.9840383751447513,-0.2464330420426687,0.3991223911985054,0.9558350413073522,-0.2235082997392931,0.41444402077087117,0.9546721441591309,-0.21096093405167074,0.4264554209065388,0.9508746837119632,-0.20158464449843103,0.4366665879155714,0.9481077325827318,-0.24227975771527374,0.3882215887219306,0.9457755053971529,-0.21526486494882466,0.4027427304051745,0.9435591738097461,-0.19990140542674942,0.41513467924054076,0.9403896923195985,-0.18883223730751877,0.425545934508969,0.9382022426962427,-0.24319449235818325,0.3770592285232841,0.9355621321632129,-0.21635093365914485,0.38813729414338277,0.9316087579124124,-0.2018310127650896,0.3981560763316345,0.9271855459233845,-0.19013632816706297,0.4078115695924085,0.9236958303164797,-0.2476941512304761,0.3666722005880207,0.9250506679617375,-0.2279549831741556,0.37177089852475886,0.9186925760754292,-0.21603322665664262,0.37743539781038526,0.913608887043155,-0.20646063031618148,0.3834679720443792,0.9099339979410899
-0.3053231601597192,0.37878916088340675,0.9252259129132706,-0.29571410408521087,0.3955089557066123,0.9470814919690203,-0.2767976972289363,0.41116499566396963,0.9623977041298227,-0.26213183924565236,0.4221275128896902,0.9722618970872247,-0.2517909485541878,0.4306063875512558,0.9828221733719522,-0.24719315119310165,0.4036306598877273,0.9544067977691603,-0.22416257765270012,0.41881456169501113,0.9535759665509025,-0.21126974027582654,0.43055877014647015,0.9501148775621572,-0.2015050336092584,0.4404855245091549,0.9476758598166494,-0.24295632367385245,0.39268927332484554,0.9442151188848967,-0.21570989434366136,0.4068530182895289,0.9426025029965853,-0.19968323230969495,0.4185468904596574,0.9401445861837371,-0.1879812212738724,0.4283474494552989,0.9384960607634527,-0.24385491072016463,0.38141463842552836,0.9339483500799839,-0.2166949092403304,0.3919208760890838,0.9306494655334869,-0.2013757796050659,0.40101878155096193,0.9269996316975677,-0.1889514490899996,0.4099137886523262,0.9240522306572747,-0.2483881831916844,0.37102281836687495,0.9233362958027213,-0.22844152347068586,0.37574464910086297,0.9173453118155316,-0.21601460478684179,0.3806774376728875,0.9127303347055752,-0.20594125022799956,0.38607879562808567,0.9094312101747026
-0.30579692832392974,0.38055661725370254,0.92521521699929,-0.2963149706556216,0.39745601368272343,0.9469880145353547,-0.2774807270733927,0.41321400394247515,0.9623009307211122,-0.26288460691641985,0.42422466428136896,0.9722148155437058,-0.2526035557549437,0.43275194748222395,0.9827945224988469,-0.24767701078940416,0.40563699292214767,0.9542112856694218,-0.22451792990287073,0.42063782441374564,0.9536816638628485,-0.21126478140851634,0.43207513389461283,0.9505715462458925,-0.20111893219534782,0.44169364818855356,0.948477582887806,-0.24339201907725092,0.39467604934107986,0.9439153320261031,-0.2159550751187036,0.4085146130256031,0.9427802663725604,-0.19938001360038887,0.4195418191865474,0.9409609375706993,-0.18715153386731911,0.42875249880695476,0.93980624310072,-0.24428892531392568,0.3833158181924314,0.9336099836735814,-0.21688355063478035,0.3933191180831072,0.9308155643293011,-0.20093853818587373,0.4015490213081384,0.9278500669821489,-0.18791782894593165,0.4097097483248091,0.9253932441514353,-0.24885741179677304,0.37293095541265414,0.9229306885142743,-0.2287430574769361,0.3772972410553625,0.9172381399968843,-0.21591879615210896,0.38154383765238087,0.9130472613764367,-0.20543538113125828,0.3863314876034025,0.9100963666060967
-0.30625462717694113,0.38014388657657705,0.9255997837159424,-0.2969294034766453,0.3972896680288868,0.9472472827577332,-0.27818704228695373,0.4131933804674191,0.9625222367072811,-0.26366464079580665,0.42427578443540215,0.9724644021772023,-0.25346523322029657,0.4328456767423613,0.9830886104764067,-0.2481687723911529,0.40554384362785706,0.9543851569428232,-0.22487653177379663,0.42034509354958477,0.9541777925677538,-0.2112600403610821,0.431444745881052,0.9514355846081222,-0.20073868796811356,0.44072666561515295,0.9497076187818436,-0.24382216273797286,0.3945477236118187,0.9439884276385232,-0.21620620473905627,0.40805755368539376,0.943337683558161,-0.19914390788990413,0.4184065501078748,0.9421468029511921,-0.1864495491529793,0.4270154923824715,0.9414797016531811,-0.24470906306883342,0.38307952905159626,0.9336524400160958,-0.21708371629680837,0.39259148046353654,0.9313519301723707,-0.20061076326531896,0.39995471911041164,0.9290730184459888,-0.18707760092640965,0.4073823854890593,0.9271094496925497,-0.249311699909938,0.37267481316929185,0.9229175630015739,-0.2290449946509707,0.3766807875813334,0.9175074210813728,-0.21589555919192238,0.3802721593017046,0.9137320904904139,-0.20507524816192327,0.38447522212060253,0.9111270003474414
-0.3064432145712208,0.3779773620544121,0.9259033778266654,-0.29739060524462574,0.39546578941743704,0.9473919097956833,-0.2787765030902771,0.41157362305594547,0.9626097048697012,-0.26436746904166347,0.4227426033599104,0.972619704558336,-0.2542653235818437,0.4314321022505802,0.983239687475781,-0.24849856482093075,0.4040574325114934,0.9543633417493984,-0.22516611260568178,0.41879629862860446,0.9544680862543226,-0.21131540473797306,0.4296693601843607,0.9520053136838299,-0.20048992582863284,0.43864763319515043,0.9505775965720541,-0.24400953895513086,0.3929813552665935,0.9438014698849264,-0.2162154538267971,0.40613688829108396,0.9438313930097535,-0.19864516290614015,0.4156628610737976,0.9434040560845437,-0.1854502901944074,0.42351105624791596,0.9433214631005729,-0.24484940121774235,0.3813488923324572,0.9333970199168525,-0.21697309949936328,0.3902599651269257,0.9318369129857729,-0.1999640593538175,0.3965479081189441,0.9304501073535834,-0.18590824036194153,0.40308836125009956,0.929097798853268,-0.24948886029661518,0.3708851579999039,0.9225298778531746,-0.22906695524757878,0.37454751411197695,0.9174712465642779,-0.21561784928819844,0.37744403736501636,0.9141863680681154,-0.20449585491042668,0.38104188449082493,0.9119754633621953
-0.30601177030401605,0.373657423307045,0.9272272894541169,-0.29721277836457205,0.3914065988865294,0.948607100971843,-0.2787309053460079,0.4076743086564501,0.9638159924179837,-0.26444068729857456,0.4188731206574099,0.9739620633291739,-0.2544092605600039,0.4277214264057328,0.9845177600850507,-0.24821153906220317,0.4004357114269589,0.9553302894714322,-0.224891043533788,0.41518813301357327,0.9557414072724028,-0.21085821771632896,0.4258827624298798,0.9535424243278194,-0.19973307279444802,0.43453214746831775,0.9524207982991916,-0.24357717444363802,0.38930897646524815,0.944558633489117,-0.2156002398289362,0.4020429338345401,0.9454057296788604,-0.197496799266468,0.41050679646185245,0.9459256975320341,-0.18375825210448296,0.4173282579394249,0.9465781085671908,-0.24437003506684835,0.3775303430809529,0.9340549318722974,-0.21623229984557715,0.3857024312514295,0.9334113628935429,-0.1987338975612032,0.3906492850817424,0.9330897135800557,-0.18415634354528954,0.3960601707770059,0.9324655758715641,-0.24905619171041588,0.3670498765051293,0.9229987289912702,-0.22847493423667795,0.3703858027479673,0.9183791786297574,-0.21475087387493103,0.372491501107741,0.9156819714813605,-0.20334358850130177,0.3753789151578855,0.9139303884812869
-0.3050583416087132,0.36652641178868356,0.9308948062314468,-0.296234215367336,0.38428814639752057,0.9522538186898153,-0.27780523941366225,0.40056288319185646,0.967519275709741,-0.26354747140256674,0.411743257866033,0.977731119348269,-0.253544774010278,0.42057802647131715,0.988325347946828,-0.24713835079072005,0.3931549912400647,0.958893296838236,-0.22362162812794165,0.40757658000727087,0.9596870252791218,-0.20909867688694125,0.41770498296942166,0.9580652467943513,-0.19749856114475747,0.4257663991734979,0.9575270650623129,-0.24255325267061412,0.38209417861384143,0.9480465949279693,-0.21439423958627285,0.39438107484377394,0.9493436206885814,-0.19589279931869827,0.40183801264584273,0.950659935234051,-0.18176434371009656,0.4077024671316154,0.9519639945390512,-0.24338948534743174,0.3703024713425426,0.9375290562482808,-0.21508062502434788,0.3778852422125253,0.9373306560963279,-0.1973001890500085,0.38168537142085607,0.9377596294842455,-0.1823576484716588,0.3860318476880853,0.9377290011308292,-0.24811900871346823,0.35991557060648777,0.926457748696607,-0.22740247430340238,0.36285523292408406,0.9221868710191777,-0.2134823661145377,0.36412492056664025,0.9200241860913085,-0.20183685497419324,0.3661809590159147,0.9187256720660653
-0.3034598414678579,0.35555313532053373,0.937174566014663,-0.29441580362063186,0.3733137297558815,0.9584423467676305,-0.27595771602550423,0.3895687008857549,0.9736936846220868,-0.2616399543622399,0.40084875904469913,0.9837100944527459,-0.25170038541871154,0.40938170202466206,0.9946068198483261,-0.24520289569483372,0.38116232729582256,0.9654238069210147,-0.221166767778768,0.3946628346211771,0.9667080689530345,-0.2057984981328946,0.4035813733281768,0.9660702757347285,-0.1936215965984404,0.4107538933678824,0.9664120085606775,-0.24084745550257197,0.3701906600644396,0.9547489040015664,-0.212537230271809,0.3821514545408575,0.9557739189035501,-0.19391214161224962,0.3892645845466054,0.9572406674457513,-0.17971781525749642,0.39492758721530963,0.9587093931110454,-0.24180743308401043,0.35846715633136733,0.944372395801095,-0.21347824350821706,0.36594651708193277,0.9437049152991426,-0.1956284620135152,0.36940206391702973,0.9441668679666119,-0.18056705797125355,0.37331337035362305,0.9443345080813107,-0.24655622529851726,0.3481587947330187,0.9335995799465238,-0.22576708739346085,0.3505664925763458,0.9293485159737885,-0.21176837022864908,0.3511907510895855,0.9274236929053372,-0.19999074865100136,0.35253873095840077,0.9264227220038969
-0.3009153542103182,0.3396662323566481,0.9455416950644207,-0.29188685341162107,0.35788664195714465,0.9664236174077615,-0.2734269434723287,0.3743613414992198,0.9814350927011748,-0.2590803588094457,0.38594279062202796,0.9910586067026956,-0.24931275682489862,0.39408481778473325,1.0024008338288988,-0.24253158348076057,0.3646442038646094,0.9740926724725466,-0.21792790356835384,0.3770097814724202,0.9759365535422893,-0.2018718619728784,0.3846425119455448,0.9762118326276585,-0.18932492475986018,0.39106958211578263,0.977263446446282,-0.23828900429449282,0.353569416804099,0.9636543183148801,-0.20985709595344124,0.36526902793450305,0.9642251073795003,-0.19134386332807377,0.3727379889393568,0.9652818649714633,-0.17736961145177388,0.3789926499348877,0.9664242989081089,-0.2393165118817038,0.34179411276020066,0.9534394466670878,-0.21104909083656723,0.34940855623510947,0.9520601325247644,-0.19325891946464857,0.353184915434612,0.952193614206021,-0.17825970202008143,0.35732988863237114,0.9523160323978824,-0.2440812842703994,0.3313597884242137,0.9430178459165968,-0.22327721211553922,0.33317255112775074,0.9385500408854279,-0.20927751522998173,0.33353131654523005,0.9365654756221214,-0.19746322743087288,0.3345983589065812,0.9356624878606066
-0.29830151522069787,0.3208757357136743,0.9548249990340351,-0.2895906809309142,0.34000113623586603,0.9750213416305781,-0.27118538962766287,0.35689369086443695,0.989630080132461,-0.25689171818298057,0.36874843197047974,0.998996111680086,-0.2472885761291132,0.37670356779841346,1.0106081850385138,-0.24012937980138113,0.34626758212586123,0.9834428056017993,-0.21517925305004212,0.35779011411033756,0.9859668705702876,-0.19887342185454968,0.3648425318040842,0.986683877169196,-0.18621530418069357,0.3710041611023005,0.9879665062544256,-0.2357453636626458,0.33490094651364727,0.9730855227624133,-0.20707848641935778,0.3459890528351331,0.9740043045616483,-0.1886392609999716,0.35366340911140853,0.9748651872592461,-0.1748709560301678,0.36039744891364245,0.9757552103888846,-0.23672148304062218,0.3229354555026824,0.9628858254622841,-0.20835428981419526,0.33020528544253747,0.9617105507799351,-0.19058996200378064,0.33409575893491966,0.96195910068304,-0.17565484233141498,0.33845724337046157,0.9622623610726228,-0.24150617626970927,0.3122464299462322,0.9525221992873073,-0.22066093923275365,0.31353340525430107,0.9480638816595405,-0.20666092947411469,0.3138471533291323,0.9460739033430396,-0.19484541593307547,0.31496945620045774,0.9452581591888661
-0.2970043121263967,0.30459021724376717,0.9638164168296671,-0.2884849186010495,0.3244987511326845,0.9833259541329802,-0.2700982522293686,0.3416472107747756,0.9976573609757594,-0.25585411015363263,0.35347276294197444,1.0071350827208856,-0.2462433131949106,0.36146143813732273,1.0187177603677244,-0.23903079209415748,0.3304027592735357,0.9924608875918645,-0.21391175528828288,0.34130025754758303,0.9959144355528119,-0.1975740934686539,0.34824416504216343,0.9969113205712522,-0.18482840036598036,0.35420082396698227,0.9982912762987809,-0.23447970848555796,0.318846410302787,0.9820059814641569,-0.2054091034216767,0.3286030036377149,0.9843057467542694,-0.18672182115478328,0.33555372833121355,0.985759983686068,-0.17279390678147505,0.34189425373207055,0.9869914843242195,-0.2353972364148772,0.3068377988582016,0.971616181619473,-0.20673550360643958,0.3129536434937534,0.9717918696678648,-0.18886459511252868,0.316144053495584,0.9728967756492111,-0.17384557585882482,0.32010421511537057,0.9738551563539887,-0.24020730069731885,0.29613609504702443,0.9609693759330595,-0.2192280544576834,0.2970041924418228,0.9570739372195913,-0.20517533196518775,0.2971288688250325,0.9554726342673158,-0.19333925079072992,0.2982255526561522,0.9549870114664297
-0.29726844817270415,0.2932804779383146,0.9725718506181652,-0.28883286329240304,0.31349825041301227,0.991797729462157,-0.27052168124490733,0.3305930343867939,1.0062890152355588,-0.2563656138621126,0.3421460838850579,1.016223766392753,-0.24670463121093672,0.3502198479726735,1.0277052523027015,-0.23935131265880458,0.31855164266082264,1.0018070298316717,-0.21413277920069004,0.3287704332413179,1.006416841270359,-0.19769472253087883,0.3353630686318145,1.0079847303907656,-0.18470298776829497,0.340649223465031,1.0097482924004595,-0.23469470234501916,0.30707525271445923,0.9909472658390527,-0.2052507133641537,0.3149794155252265,0.9949666981159399,-0.18617040820344793,0.3203461974460515,0.9975708302419694,-0.17186798666807393,0.3255130926965741,0.9996802345809909,-0.2356101708229846,0.29533494942659727,0.9800119926049577,-0.20672438971908386,0.2999318235140285,0.9818585429348049,-0.18878061357384296,0.3018866012644148,0.9840875887398998,-0.1736440115544216,0.30498145082413336,0.9859523939526784,-0.24049033011463358,0.2850779803571752,0.9687714987299292,-0.21934843967123252,0.2855310105001742,0.9657929016089236,-0.20523607481331002,0.2851473531482395,0.9649253245519593,-0.193363069856055,0.2858845559445278,0.9650654952360459
-0.2986151754069444,0.283278770791841,0.9820363990331714,-0.2906933375157965,0.3034894732159289,1.0014869472358985,-0.27277467359675645,0.3204761251186067,1.016583421358916,-0.2588716465303149,0.33173847245004046,1.0271868098732955,-0.24935567527204944,0.33984021103067724,1.0387692489088365,-0.24102575191875764,0.30757959339384083,1.0127064231508307,-0.21580651196936965,0.31714160715844864,1.0185550384866993,-0.19920465252527383,0.32302621701324113,1.0209800033567973,-0.1859361670798702,0.32728292791549474,1.0233604365744806,-0.2360326913155818,0.29632233639783445,1.000923522790081,-0.20638428907642392,0.3022994715527937,1.0064756586563377,-0.18708056740658954,0.30589682487086306,1.0102262954209031,-0.17254049648999084,0.30973903910899925,1.0133132652068633,-0.23688254708745501,0.2849414481951825,0.9889384158568932,-0.20791823978786717,0.28806447026249243,0.9921391947153841,-0.1900202837998124,0.2888354376046868,0.9952757030307018,-0.174859629087142,0.2910818534526328,0.9979739390275206,-0.2419242965828214,0.27531244102555125,0.9767297824592562,-0.22067994084851816,0.27517924582069364,0.9745580510964305,-0.20657688716901482,0.27411809543191984,0.9743668403173364,-0.19470996227367232,0.2742739048691443,0.9751933870166266
-0.30102727144992414,0.2697786991970094,0.9919146611010203,-0.293563710356716,0.28993900968286473,1.0115973684950026,-0.27605832929240653,0.30690403043404696,1.0271947431189086,-0.2623223533273016,0.3177931705097605,1.0383892091494291,-0.2529097254304326,0.3257187985876583,1.0501761352404444,-0.24386762467863343,0.29319055043251474,1.0240453638465443,-0.2186694926021304,0.3019123569392086,1.031161029895567,-0.2019635883123383,0.3069455262818874,1.0345831334875213,-0.18855972329948478,0.31024174087346573,1.0376343837407078,-0.23848817464017721,0.28210849042111374,1.0114149939485237,-0.2088049192809051,0.2860308107891649,1.0184221236661428,-0.18949442228957214,0.2880863018088868,1.0231678122312229,-0.17488505824816386,0.2908202723572339,1.0270145696081916,-0.23924594924178996,0.2709557161846425,0.9984722970195714,-0.21030542003486524,0.2723467235182378,1.0028814031988151,-0.19253712427113248,0.27207333275115214,1.0067520396769827,-0.17742011036303376,0.2734538644595871,1.0101787488384966,-0.24448053607074827,0.26173661389560193,0.9853366740820638,-0.22320010089965234,0.2608295634093693,0.9837948741648532,-0.20915321001409665,0.25918538723512874,0.9839955379481881,-0.19733208877238675,0.2587824497803835,0.9852722902714259
-0.3056580367934226,0.2525108653306622,0.99974497358086,-0.29700764061860246,0.2726303774082264,1.0189784785452356,-0.278996600965986,0.2893042711401409,1.0343118444151904,-0.264829134192442,0.29948375163471186,1.0456356043513648,-0.2549249430392243,0.30687742908374827,1.0573652804939218,-0.24784450523528806,0.2740811418903113,1.0319946370539914,-0.22244544241210815,0.28100584798352424,1.0402762145264957,-0.205703180969931,0.2848893052826249,1.0448310214349932,-0.19231360220244667,0.28740522144727043,1.04860303711708,-0.24302139468247855,0.2630172862422374,1.0199858121817345,-0.2134740482678758,0.2646282055120849,1.028348788424342,-0.19432897700903395,0.2653421411595954,1.0340582927571411,-0.17970226718813576,0.267118019114045,1.0383723711380966,-0.24399931337790134,0.2520716756838519,1.0074474842648602,-0.21526316335809914,0.2513776094328727,1.0131642406491657,-0.19773236202005515,0.2500461109575354,1.0178190252694614,-0.18273560001683,0.2502699389363432,1.021968644942127,-0.2492020526824004,0.2430162203307956,0.9944485686075083,-0.22791197553714068,0.24146682161163782,0.9938250404217267,-0.21392868539319487,0.23944802242158963,0.9944964355193248,-0.2021575559325363,0.23864857172239842,0.9960237705508465
-0.31386145005945626,0.2343057711478386,1.00298425081229,-0.30195008800752426,0.25394794577024327,1.0209246037521296,-0.28229514825155216,0.26950557554485466,1.0353873797456388,-0.2672221026879695,0.278644478055436,1.0464259591538407,-0.2564383370821706,0.28528138956358395,1.057828001778798,-0.2541247592554757,0.25198066872872393,1.0340784274939165,-0.22835343439100803,0.256142881957222,1.0430318217093468,-0.21164293228511805,0.258451173995612,1.0486498046214243,-0.19833895642896546,0.260253925837281,1.05307621041398,-0.2510535695718272,0.24072054464708398,1.0243722425875221,-0.2217164572637075,0.24037530563523318,1.0335806498395064,-0.20283318488773278,0.24002139411601361,1.0401334102007955,-0.1881980475839892,0.2409817612750194,1.0446717034913797,-0.2527990992082299,0.23009727550329007,1.0137079444178672,-0.2244127860509248,0.22778854174156749,1.020622879213779,-0.20720802145796818,0.22556695059393045,1.0260845192311017,-0.19242875600555695,0.22467887374727064,1.0308758598759358,-0.25787864609523253,0.22122814296135024,1.002368107502266,-0.2366111210312389,0.21949781639593527,1.0032371047806985,-0.22274795259950064,0.21724064389584405,1.0049033755074044,-0.2110445499184958,0.21621089250747766,1.0067745623668447
-0.325290753601329,0.2167512650737264,1.0007941371082276,-0.3106323130579078,0.23514582519126775,1.0180081462970367,-0.2894814740974573,0.24883820581406804,1.0322450390269355,-0.273840684450383,0.2568990208407207,1.0433335663111603,-0.26280288643592026,0.26298843934295113,1.0547978922104773,-0.264205574430244,0.22948846138675424,1.0316824321717823,-0.23818636551016367,0.23123808465227993,1.0407150429686813,-0.22156266639611394,0.23200409395970817,1.0469757683477663,-0.20830157483045852,0.23317793385981905,1.0517301669848511,-0.2627298798146197,0.21786347642242446,1.023779467637319,-0.23348012901622373,0.21664295686850338,1.033189171294882,-0.2148021158413292,0.21569314636265585,1.0402511526869995,-0.20017523243861918,0.21609124974662358,1.044898888758474,-0.2653546139850724,0.20760240585362835,1.014405796613452,-0.2371985059351774,0.20478201452067885,1.022035234449262,-0.22022971622769877,0.2021643248366846,1.028033299152715,-0.20559769633413927,0.2008417834233965,1.0331643020778618,-0.270665178282874,0.19922520986052156,1.0045838918563246,-0.24949999744442863,0.1976058098745294,1.006922582173954,-0.23586664565019136,0.19511761602403432,1.009750891742144,-0.2242480854699866,0.19392335763550905,1.0120123445360207
-0.3370052422145809,0.19986176016681764,0.9944707479655768,-0.3226694197368835,0.2170858723098039,1.0131085050250794,-0.30136855234259713,0.22915894758291366,1.0285371242813204,-0.28594287574721033,0.23626023161584894,1.040544902746509,-0.27579855360429656,0.24220899845356073,1.0528757450697432,-0.2764884160304265,0.20894018799059322,1.0276824620595337,-0.25044707234653346,0.20948378870608572,1.0368039416328152,-0.23391001849707954,0.20925012350373995,1.0433309681625083,-0.22062426511302452,0.20994381742241078,1.0481107486793702,-0.27513047287030923,0.19696695401078373,1.0190991538921585,-0.24587555548465997,0.19556224656875676,1.0284670094863742,-0.22727482780515312,0.19432163746793196,1.0356861310529462,-0.21268704816488346,0.1943023968255453,1.0404717313220346,-0.27790359934504627,0.18698347488773728,1.0086997785020313,-0.2497530960864287,0.1841091168728032,1.0163297576479644,-0.2327844744758777,0.18145440952118785,1.0223120074856384,-0.2180937875999869,0.18033412926467202,1.0273220977278037,-0.2834069539471265,0.1793676984590253,0.9980337889105115,-0.26229653168428874,0.17747950641528468,1.000649436312426,-0.2487702948031857,0.1747101387871091,1.00372030647785,-0.23715740599307455,0.173288763693569,1.005877125623257
-0.3459187902941678,0.18378301926882518,0.9875374181874358,-0.3335601683201699,0.2003520028409566,1.0080869943321038,-0.3129677733796727,0.21167298958858596,1.024978321104379,-0.2980511784098658,0.21784456963290896,1.0380921790902722,-0.28912555254838684,0.22367985929992412,1.0513823020585544,-0.2870400403533501,0.19130585588281115,1.0239300244543592,-0.2612462409508818,0.191173618722118,1.0337438360444025,-0.2448294363474527,0.19044116513992881,1.0405322720298564,-0.2315635939796375,0.1907259260543823,1.0454082430631977,-0.28464116690278135,0.17918358082615915,1.013370021619685,-0.25550819085074167,0.17693430598689808,1.0229507617644584,-0.23696957035888955,0.17515496795030847,1.0302168063384884,-0.22247534118974305,0.1745629799997888,1.035243985073086,-0.2869497945103572,0.16931476857952976,1.0007528254779954,-0.258791412568757,0.16552823787391654,1.0079428923153229,-0.24175521796302615,0.16255334407823105,1.0135720115950315,-0.2269502497972407,0.1614381794043751,1.0182348045706537,-0.29256431485993906,0.16236559005079557,0.9878057614157824,-0.27146470903525405,0.15957326020984441,0.9895568572848743,-0.25781623591190056,0.15656679975410737,0.9917338050852994,-0.24612924963416222,0.15485407824767747,0.9931523604363182
-0.3511443094412374,0.16985003756929362,0.9831909682444531,-0.33995596781861737,0.1862125442351195,1.0045601334312733,-0.3197782638283747,0.197251951779406,1.0221248746251106,-0.30506113664916973,0.20260017321978238,1.0358131605669931,-0.2965228384952323,0.20800729782041838,1.049531952030413,-0.2933956687923336,0.176564719394148,1.021501927608689,-0.2680539864016615,0.17541587951901336,1.0323705877265652,-0.2518353429259305,0.17440874925808642,1.0395866889738106,-0.238717766583611,0.1742839668849111,1.0448547413925764,-0.29034603980673523,0.16431781160439318,1.0099564356959283,-0.2615905915138932,0.1601898271905377,1.02003929495457,-0.24325657886317642,0.1574416364905234,1.0275194904961904,-0.22893778057843342,0.15608885773731304,1.0328904922925586,-0.2923746533309638,0.15444820851545363,0.9962382252010404,-0.2644920870456692,0.1488418959499763,1.0033136125574431,-0.24765318034403633,0.14496399179069366,1.0089865292702334,-0.2329724572408701,0.14301006736071495,1.0137646943430767,-0.29806616062911356,0.1477850559524912,0.9820398660824247,-0.2771038524675252,0.14391590908049195,0.9833314339908236,-0.2634123528494909,0.1407182373781659,0.9848730106804825,-0.25173178339733254,0.13870292476488078,0.9858899545543388
-0.3529460815955087,0.1598727864818139,0.9819762765037447,-0.34204754973059465,0.17612535561630108,1.0035778466585605,-0.3219610137408653,0.1867196993358115,1.021517170601769,-0.30735718677883467,0.19152367906935447,1.035524900389058,-0.29858061368969113,0.19631990569618443,1.0493202889658306,-0.2958956412588138,0.16491277237178364,1.021568799230031,-0.2709332532509164,0.1628734075856945,1.033160548382715,-0.25491600757234106,0.16179915689597477,1.040804150353883,-0.2420207552762319,0.161367251702631,1.0465803672947325,-0.2930514466830682,0.1523490209478364,1.0102508414600357,-0.26481039584411725,0.1464767634779797,1.0209063448452553,-0.24681188957786487,0.1428945822213892,1.028835004692277,-0.2327142033836227,0.140956528025671,1.0345973692133759,-0.2951788101695236,0.14250194698360225,0.9968932473335974,-0.2678443209060641,0.13526638694663795,1.0046004982790466,-0.25151679111452896,0.13044242837629072,1.0109965985145994,-0.23735130202417054,0.12725751890359027,1.0165972755678572,-0.3007106758740447,0.1358785836416736,0.9830803373895073,-0.2800273647127115,0.13097948536504161,0.9851434137622752,-0.2665144222067287,0.12738940100267104,0.9872812640605086,-0.2549936497309952,0.12496138538142895,0.9889865218720784
-0.3522531029742967,0.15399170017860636,0.9820942902866044,-0.34177811781752876,0.1697590312722744,1.0042577239010833,-0.3220392287770983,0.17968681452864727,1.0229484641089308,-0.30786707254247964,0.18429899289420143,1.0374551617137202,-0.2990883923796568,0.18880181176739042,1.0513477557056012,-0.29649384159774417,0.15645549049696442,1.0237182805352802,-0.2716585946299951,0.15444132084521847,1.0355842866397453,-0.25573618459519953,0.15360068543784516,1.043452006484882,-0.24298802027290994,0.15309884777864044,1.0495406205636202,-0.29393438497299396,0.14364443530422444,1.012676746088522,-0.26609634723502973,0.1369992422812948,1.023922419801582,-0.2483273851404041,0.13337212667811163,1.0323337167183522,-0.23437235673463105,0.13138405515845658,1.0384173347863845,-0.2961354290493165,0.13400160523798893,0.9997725964591271,-0.26940092490017986,0.12576326423302597,1.0085090359435258,-0.2534809870005495,0.12066014054728039,1.0156702236610087,-0.23986501009668343,0.11678400893525834,1.0221318867327664,-0.3014192193769131,0.12753856336516828,0.9867446840759951,-0.2811888668805855,0.12158955451659616,0.99012091573784,-0.26807111691957747,0.117403460415673,0.9933551044978353,-0.2569044795597105,0.11449690033635895,0.9962515645920016
-0.35114399524307766,0.15012956142431944,0.9807273275904839,-0.3412760998716408,0.165020926384065,1.0037582573157318,-0.32207443479602355,0.17438979837003674,1.0232787257139924,-0.30852092610462895,0.1790283441144415,1.0383569475103545,-0.3001918870132194,0.18378239426698625,1.052441367483857,-0.29715641492999,0.1503881091367432,1.0246931823101604,-0.27236727207083666,0.14893934216732796,1.0367367674401429,-0.2564532480849536,0.1484070835188099,1.0446482379781439,-0.24370727932275932,0.148025235482664,1.0507501416495044,-0.2945824450660488,0.13750365213490648,1.0136636725419093,-0.2669596067350192,0.1307639516240517,1.02537415298614,-0.24919179263206837,0.1277344628313415,1.0340210528351608,-0.23525658260236734,0.12612171477900844,1.040259211226762,-0.29662259354054693,0.12800256892107004,1.000705633093383,-0.27033816068675043,0.1191137229759417,1.0101420708109152,-0.2543209040901207,0.11445303641360038,1.0173873724257871,-0.24075251557626293,0.1107594906942997,1.0240528706164476,-0.30167548015563894,0.12171235175184299,0.9878551982917226,-0.28183535746745847,0.11490234799841033,0.9918614670341662,-0.2689053355467458,0.11036343108887978,0.9953645358623308,-0.25791880268656414,0.10728030166959855,0.9987293198367706
-0.3512323718260319,0.14624070648495763,0.9772810283662118,-0.3417436296318318,0.16032639864532902,1.0009687653068848,-0.3229191938348495,0.16920372911085355,1.0210775198974695,-0.3098349511142707,0.173660866828264,1.0366178864571087,-0.3020711890597918,0.17865045250414477,1.050941740846679,-0.29881169532855273,0.14522393346236825,1.0230932636792867,-0.27422142343537315,0.14388324192052368,1.0355499705721796,-0.2583610088815234,0.14332648262722003,1.043566708938572,-0.24557272967396138,0.1431073998324165,1.0495875621723392,-0.2963844997204586,0.13199803304581256,1.012384910507207,-0.2688206248218659,0.1253515277295421,1.02428603987918,-0.2510352783606417,0.12264787795588111,1.033004619264422,-0.23712979107893783,0.12123542490005575,1.0393566311342433,-0.2983812608629893,0.12215073868315958,0.9993661648361373,-0.2722176221307297,0.11303057212569334,1.008916867413995,-0.2559020899309666,0.1088665836800528,1.015789531589422,-0.24202084158538473,0.10578961268590255,1.022115312714523,-0.30336241467376635,0.11570443472539427,0.9863077465143307,-0.2835436772997427,0.10867605503466193,0.9900328420114801,-0.2703772158110971,0.10438612166661422,0.9929137252722717,-0.2591881657515422,0.10161327749848678,0.9958544490747719
-0.35105254282449017,0.1427197638080943,0.9760260551840918,-0.3421051413762744,0.1565592246563341,1.0000669612441753,-0.32396624690330794,0.1646751099514755,1.021106003608976,-0.3113913398321656,0.1684111980000208,1.0372453913066735,-0.3043295372888411,0.17305923004980273,1.0520396981147815,-0.30077050070600253,0.1402507166414814,1.024123270308224,-0.27666292655451663,0.13837872952294,1.037426240088124,-0.2609928077502539,0.13746224543716573,1.0457771836483847,-0.2482349294037936,0.13747421520226522,1.0518661205708486,-0.2987817375626595,0.12640769283252923,1.014040586883696,-0.27127164386181385,0.12014504664789571,1.0262698190758537,-0.2537120499260418,0.11700826770258585,1.0352955143953415,-0.2399708054933793,0.11528120170146702,1.0419213048719933,-0.3008657911324439,0.1160578715431647,1.0011607560390634,-0.27456297232623966,0.10754182988808583,1.0108853694944033,-0.25827606198427494,0.10336538562795779,1.0178181011681362,-0.24426943205031726,0.1006340030724091,1.0240250472933778,-0.3057484682421309,0.10935214736887597,0.9878422022151869,-0.28568136807089545,0.10285673756039589,0.9911855464657846,-0.2722732097400802,0.09908906987624377,0.9936522639595754,-0.26091401667467184,0.09670143300993903,0.9962598079373399
-0.3474832568738684,0.1413297951434513,0.9814104413232398,-0.3395520330353449,0.15564493658080053,1.005529401655045,-0.32299037559230753,0.16274321717693097,1.0281756884537958,-0.3112966126289592,0.1654924070928158,1.045154037595404,-0.305349377647615,0.16957653936439768,1.0605908452541797,-0.3011972170173346,0.1362665021534596,1.0331761407265152,-0.27797787190922246,0.13371938794885335,1.0478738512348016,-0.2626014541732198,0.1324921252000491,1.0567163864210016,-0.24994904880051833,0.13288673389691893,1.0630092139480591,-0.2993278814992829,0.12234545142079985,1.0234113922473,-0.2722527267847355,0.11673703906563251,1.036867313646842,-0.2551057834159525,0.11304852869406269,1.0464599734285573,-0.24153578163157757,0.11100569552558558,1.0533438342049468,-0.30088091191375593,0.11227566577905063,1.0104861828049305,-0.2747013497591417,0.10479354851248783,1.0213295123711161,-0.25879080827454204,0.10032766939977641,1.0289242142759059,-0.24496252907022104,0.0975537005349104,1.0355011515537993,-0.30492059549412975,0.10582607432813812,0.9966873518682822,-0.28470129733008626,0.09999171687537663,1.00032012814923,-0.2713320062449029,0.09637431694308343,1.003189831688983,-0.26007128427460785,0.09396486753501135,1.0061768129002044
-0.3409742221399773,0.14186817919579917,0.9898516794271106,-0.33347367173471254,0.15682114467047925,1.0137201188517224,-0.31845953819520073,0.16277104960595096,1.037734756383231,-0.30742195746062634,0.16485757765281012,1.0552386042244444,-0.30216272527525423,0.1690124921939529,1.0709045524244507,-0.2999478473452611,0.13376734774660615,1.045519759663891,-0.27811818087058393,0.13027984047892274,1.0620410013505355,-0.26304357261900513,0.1287997887870564,1.0713520946169934,-0.2504728261750461,0.12939927650883792,1.0777907050522684,-0.29755998504139475,0.12059320892305779,1.035742909739822,-0.27177156396268226,0.11485700598973063,1.0514792824745927,-0.25477075383306735,0.111255730136483,1.0613608392601792,-0.24103037586884268,0.10957751589663561,1.0680009646608255,-0.297665150602012,0.11155386627172756,1.0225118460843032,-0.2726007235105974,0.10396822028416601,1.0356709425202055,-0.2569736390102728,0.09942562607227269,1.0437905466639386,-0.24322607797296836,0.09672912692941345,1.050565926422402,-0.29995125445031146,0.10587727167690132,1.007941705108629,-0.28010240773951084,0.09970275066439495,1.012836128788467,-0.2670202297877261,0.09575147503580535,1.016483424463531,-0.25597642831393796,0.09313245433060108,1.0200480481536003
-0.3373740642412786,0.13897043105536558,0.9945902369714976,-0.32829215774541615,0.15343470809091242,1.0182092017598752,-0.3129368531940155,0.15779078010097164,1.0423497827228534,-0.3011489578125348,0.15927431816557075,1.0594205505525993,-0.29447272320529727,0.1636810186949578,1.0744656046549466,-0.3010338797762155,0.12865830384532168,1.0530776123756174,-0.2809728280302418,0.1232647525980864,1.0712466046425297,-0.26621919326008225,0.12086886448932757,1.0808757689886654,-0.25363043529910834,0.12077586008886579,1.0873064205268546,-0.29850744674897733,0.11591539177676037,1.0435930590447358,-0.2749397902149931,0.10801265359361023,1.061695335348495,-0.2577273005694155,0.10451335547737643,1.0712413821866251,-0.24354443367094392,0.10338389556984934,1.0770099402238138,-0.2974213118963131,0.10733422353312694,1.030146497816621,-0.27484292948916017,0.09735492371756901,1.0459439524390084,-0.2591555642940651,0.09278669824849091,1.0539318678682377,-0.24507571728053973,0.09041836327066202,1.060122280655909,-0.2980485030050158,0.10217922547157485,1.0147244306827794,-0.27955196555601775,0.09400901079125291,1.021593382794693,-0.2667527266634349,0.08959333482659695,1.0256848390565079,-0.2556814892593202,0.08705591585319325,1.02922328077479
-0.342664611516293,0.12694043843019778,0.9950942576941144,-0.3302166299935877,0.1387184889813331,1.0186713040456095,-0.3128000894607384,0.14079818012708395,1.0416901526497229,-0.29910450998661264,0.14060868406530158,1.0573414040732163,-0.28903558316681893,0.1434562303784666,1.0707895624497805,-0.3102261524962253,0.11544811545340407,1.0556202433962394,-0.2919254329872712,0.10737654920028109,1.0746355518576434,-0.27770813987595594,0.1028375884182652,1.0842997764189888,-0.26521822492568664,0.100618879361136,1.0905382145792142,-0.309341306481542,0.10181293203204551,1.0470710902865692,-0.28840563276045,0.09021969756103901,1.066381051265742,-0.27112723083733087,0.08555157470439025,1.0752865188738776,-0.25661783167124413,0.08386704145355432,1.080013604502135,-0.30864434894903525,0.09213868079193259,1.0337307576877348,-0.2892338199758222,0.0786221574800656,1.0510357948740179,-0.2735372178053062,0.07337471122781139,1.0585756815930203,-0.2590583107413523,0.07082523015611908,1.063678005521557,-0.3085702387587507,0.08645920626372451,1.0175513705943309,-0.292481992877024,0.07543276278345135,1.0262486516215226,-0.2798960369215591,0.07040933911665706,1.0303005218252161,-0.2686161973563616,0.06794692344751636,1.0331698581516706
-0.35696369612676504,0.10772370307113559,0.9944388186489097,-0.3415127754155515,0.11571095366648392,1.0178273780431557,-0.3222975029725928,0.1155475115826143,1.039467040288239,-0.307156819623354,0.11250022002459197,1.0533968715467081,-0.29418707148839196,0.1110052707090061,1.0643465533178198,-0.3286107829569338,0.09544356465003771,1.056832989621494,-0.311740361960465,0.08500292357254684,1.0760171075709655,-0.29847644445397326,0.07758535186533722,1.0852463516957693,-0.2868062856361739,0.07196812802351239,1.0909114152878463,-0.33135970006791754,0.08016407835138799,1.0494690633666788,-0.3126623725149849,0.06527538436893093,1.0688163331107026,-0.29598147528008106,0.058041502711338476,1.077126599107871,-0.28163761582586516,0.054142778676446804,1.0809683827858447,-0.33297269692361964,0.06855199384323926,1.0362877001753565,-0.3159199477156275,0.05236454910788562,1.0537834061304765,-0.3007026636048378,0.045594914086422356,1.0610892400714322,-0.28625854608638795,0.04165588325439288,1.065334686831289,-0.3333980895660108,0.06167285533556017,1.0195278589158832,-0.3198517685732576,0.0483315832266854,1.0292522845914054,-0.307733288956784,0.042110404038575404,1.0330599224537986,-0.2964556951362124,0.038899306661230204,1.0350689256270036
-0.3726257764867554,0.08724656491512517,0.9930952372018655,-0.35578902743464097,0.09286176157230455,1.016215472522739,-0.33590328519925117,0.09135914911691118,1.0371875444759278,-0.32054095267857236,0.08565462664311364,1.0499947158998202,-0.30725332762287066,0.07927109613682323,1.05854072840177,-0.3480123272468314,0.07421058506695014,1.0569071749731398,-0.3321269883718621,0.06230253620053887,1.0760775389036672,-0.31989240854971784,0.0526125906355241,1.0845952167731616,-0.3098169715163335,0.043900852272593265,1.0893312424599848,-0.3546374576861311,0.057964547054314704,1.0502127404674895,-0.3373056052287695,0.04121874244921457,1.069311563237414,-0.3217024750199967,0.03149308252432214,1.077159860126204,-0.30825257074461554,0.024789653633140826,1.0803014793034507,-0.35899267511416594,0.045292439358648316,1.0368594877652053,-0.3429643571116693,0.02783346146288759,1.0540991647437628,-0.3285304128022668,0.01950272401689728,1.061381263952382,-0.31470274558102335,0.013531680077506828,1.0652946469473963,-0.36048325346255844,0.037803286753539264,1.0198047806367894,-0.34859912961130923,0.023202421655449126,1.029886404876764,-0.3374061662505607,0.015334377118652924,1.033473906956,-0.32666230962020854,0.010401057203156048,1.0348017856463685
-0.381234313605075,0.06683924890663025,0.9873503156265655,-0.3641225747082213,0.07213251177614524,1.010344262516027,-0.3442749540982574,0.07030739031106777,1.031326857165256,-0.3292505248060513,0.06336812048705016,1.043923663735332,-0.3169185477400761,0.054386890804317994,1.0515134348820405,-0.3583532542758607,0.05332318825357173,1.0517047660135375,-0.3429637846608069,0.04080833788130345,1.070893075405805,-0.331171665856165,0.030256270374672177,1.0790005182948144,-0.322069200439385,0.020273055067149125,1.0831621635805235,-0.36675700084678287,0.03705069196939051,1.0451990377686124,-0.34994777259631055,0.01971281441516405,1.0642365785817294,-0.334936736223132,0.008938096691768545,1.0718665289305473,-0.32220962471509484,0.0008135414029136062,1.0746446378181203,-0.37232431563114804,0.024271526550366206,1.031734104121008,-0.35649876629548743,0.006481355200921454,1.0488218523945747,-0.3425145222468042,-0.0026013899822045945,1.0560822629842317,-0.32927783079565004,-0.009790480788234203,1.0599911356839815,-0.3744456166955098,0.01669752870678507,1.0146486639452776,-0.3631263199215202,0.0016931695754096136,1.0247876745597093,-0.3527477119579204,-0.007261635018388141,1.0282740331501858,-0.34273761710110234,-0.013603318853573281,1.0293287414466321
-0.38335742365323444,0.04488792864914354,0.9737184088285928,-0.36634977876527275,0.050684033549940666,0.996668289368134,-0.34663760672002636,0.049035224110897724,1.0177926850079038,-0.33176028786631195,0.04218165373200394,1.0306090976806213,-0.31974391125688156,0.03301985666648778,1.0384839271225692,-0.36025205195900606,0.03134026838156502,1.0379860115251243,-0.3449300001824649,0.018776352643659178,1.0571961969197035,-0.33303795430985617,0.008355161010848475,1.0653269308768472,-0.32380273651475117,-0.0014929890186848038,1.0695178077894851,-0.3684447930648823,0.015240558138173377,1.0315290673034185,-0.3516455704957736,-0.00205062192535857,1.05061784216607,-0.3365298575624748,-0.012680657275441744,1.0582440776931994,-0.3237067516719066,-0.02065680410543822,1.0610107891050562,-0.3738621942907051,0.002521714530783835,1.018173602588659,-0.35800667554602655,-0.015233131455064962,1.0352703075002716,-0.3439767557497691,-0.024286446604227338,1.0424791728011122,-0.33075684938192335,-0.03148418389195495,1.046428725501798,-0.37603451533826215,-0.005101056076711373,1.0011584298043135,-0.36463996052493125,-0.02006153133748708,1.011277970763182,-0.35436224008782063,-0.029126593125315892,1.0147782339241507,-0.3444579894949378,-0.035624129615855774,1.0158824088405554
-0.387123650698155,0.022905561614882802,0.9547400433065072,-0.3701703540860247,0.02886293317996018,0.9776888404743764,-0.35043975709815156,0.027322940545531443,0.9988042461214681,-0.3354666028423464,0.02083630367072381,1.0116997752186856,-0.32316946431076876,0.012352802748343827,1.0198946130489481,-0.3634760241535487,0.009505073940110714,1.018841047550579,-0.3480507844353088,-0.0029440647813685494,1.0380433754546252,-0.33603159328576604,-0.013126211730344783,1.0462892078799204,-0.3264954661711043,-0.02261183580584384,1.050639377023233,-0.3711816153637892,-0.00659109106615112,1.0123527532981802,-0.3542766877762708,-0.023761854151283415,1.031456900256575,-0.3389714194300983,-0.03408757218815315,1.0391230730446017,-0.32590288361663916,-0.041626281452346904,1.0419668186895534,-0.3762711186372423,-0.019290825120853852,0.9990458806863578,-0.36040331005667287,-0.03699641109640986,1.0161822229329234,-0.3462282669181281,-0.045838876838593556,1.023368867158418,-0.33281484062627154,-0.052680223654034394,1.0272992973940331,-0.37828163749163396,-0.026900589102995948,0.9820648394518197,-0.366755733767924,-0.04176758384183287,0.992173391248574,-0.3562439672100781,-0.05054928915116086,0.9957008748403238,-0.34609900712392655,-0.05665128212579787,0.9968742584461439
-0.3972996602963916,0.00512656225730955,0.9377854564818758,-0.38030474634827205,0.010890923439557346,0.960752756573351,-0.36051161536062176,0.009289126507483147,0.9818049441733917,-0.3454631723866567,0.0028091170105658536,0.9946158894152587,-0.33300201671938634,-0.005520050423634043,1.0027207854860456,-0.37367308898051116,-0.008237999570947188,1.0019017233040146,-0.3582086818905891,-0.020656966169124144,1.0210920816695284,-0.34621719834828335,-0.030868779881279132,1.029341566982486,-0.33670007228953774,-0.04037085874488047,1.0336974325538675,-0.38141330683922486,-0.024412136378085245,0.9953920048885773,-0.3644929605620807,-0.041592032570169774,1.0144742783737692,-0.3492081590229448,-0.051944386671253305,1.0221453606843807,-0.33614778446678645,-0.05949273487620599,1.0250010061106418,-0.38653385636798193,-0.03713961239802853,0.9820459092291564,-0.37067906754778224,-0.05485745006690546,0.9991816394232572,-0.356504619838505,-0.0636868217577936,1.0063855363746468,-0.3430593731576009,-0.07047829919479362,1.01029366749906,-0.38851042085327775,-0.04472723259666565,0.9650403044896817,-0.377001857508724,-0.05960322464431976,0.975155374384795,-0.3664195178157747,-0.06830136984306245,0.9786788785385047,-0.35620372244004794,-0.07428683170547234,0.9798378149618913
-0.4078702133419294,-0.005992531553025718,0.9275786058737132,-0.39084871433991736,-0.0003255566238922064,0.9505504538688645,-0.37105554482592856,-0.0019823510937344857,0.9715983483746908,-0.35603665209495816,-0.008617611712661025,0.9843644227386235,-0.34366536737711706,-0.017215328372104474,0.9923252866178252,-0.38447848572570065,-0.01941502142909801,0.9917688380034406,-0.3690502129049945,-0.03187566772058362,1.010961262654189,-0.3571159298813347,-0.04219244987125083,1.0191629526954369,-0.347727381435557,-0.05185077803379767,1.0234537115106048,-0.3924280262246474,-0.03560207775554647,0.9852694976443208,-0.37554780485808237,-0.052831731515785206,1.0043424436829111,-0.36034677053065683,-0.0633174588707005,1.011998811918307,-0.3473907493125607,-0.07105408740400396,1.014825779923928,-0.39769031113783804,-0.04834262336053298,0.9718974398681404,-0.381839603164941,-0.06608035628750399,0.9890163544613093,-0.3677273052455849,-0.07499773512576918,0.9962338544228839,-0.354358640470348,-0.08193486832743947,1.0001488637514644,-0.3997292510529355,-0.05593474631745246,0.9548728955455894,-0.3882765449592077,-0.07085028618964709,0.9649931229191302,-0.37778100091007616,-0.0796574167267411,0.9685054912955842,-0.3676520013064929,-0.08579418188742817,0.9696345807037898
-0.4102664660860502,-0.012430407676762303,0.9218583752413636,-0.39325963417964954,-0.0066920597598874865,0.9448233674061262,-0.3734944082700282,-0.008329409750274769,0.9658990244588448,-0.3585133792008879,-0.014990304726041084,0.9786962008334328,-0.3462287432806092,-0.023694812813796123,0.9866751750961775,-0.3868995062888387,-0.025877498128659762,0.9860524793664887,-0.3714935958409375,-0.03835702534648602,1.0052505989592273,-0.35955505668757687,-0.0486755942561502,1.0134438427189376,-0.350176823265919,-0.05834921498572309,1.0177226925519394,-0.39486325319141047,-0.04203135021413734,0.9795640993594592,-0.3779952945322381,-0.05926358169217519,0.9986455637066391,-0.36279721740057846,-0.06975654798640755,1.0062978840860664,-0.3498530193651062,-0.07751629259216422,1.0091156413223792,-0.40013188598053917,-0.0547613594286443,0.9662058728199145,-0.3842755266375936,-0.0724960324035979,0.983322723942059,-0.3701720684082,-0.08143183133359536,0.9905347186078597,-0.35682921388958094,-0.08841222630576334,0.9944608658670371,-0.4021951450311558,-0.06236395729056233,0.9491891771076504,-0.3907424500512295,-0.0772809870632219,0.9593072208463809,-0.3802913638333793,-0.08614078000736285,0.9628197115083759,-0.3702077780658013,-0.09235148062449706,0.9639510197823495
-0.4059664554634335,-0.018043958645015082,0.9152546472930574,-0.3889737576550013,-0.012251161754066098,0.9382164320409113,-0.36921276712480205,-0.01386093731880883,0.9592981840162508,-0.3542240465884037,-0.02045621018718996,0.9721203175939467,-0.34191120243277034,-0.029057591329362836,0.9801673594277697,-0.3824980709324027,-0.031468865635515736,0.9794163871074785,-0.3670794047413662,-0.04393268538116467,0.998614470408779,-0.3551145128417307,-0.05420455911521767,1.0068279225811332,-0.3456797210408309,-0.06381069831553188,1.0111343769651904,-0.3903701128030668,-0.04761212247925639,0.9729252910007898,-0.37348612176757356,-0.06482257588974857,0.9920122303256681,-0.3582508186700651,-0.07525700325812718,0.9996705697254497,-0.34526099827212164,-0.08293587767574268,1.0024998998013772,-0.3955761691240963,-0.06033507482990227,0.9595809732544734,-0.37971721732696273,-0.07806045580274298,0.9767050459809797,-0.3655871757440918,-0.08695974730164521,0.9839101441266705,-0.3522134511276702,-0.09388156798419041,0.9878349627589206,-0.39761509433563097,-0.06793773565859237,0.942573946586628,-0.3861374288628953,-0.08283733141859012,0.9526893828167237,-0.3756537674884374,-0.09165651379447451,0.9562069943932311,-0.36553705065762354,-0.09781054324492613,0.9573521252096174
-0.4021989635556777,-0.025731632887098677,0.9064511268177835,-0.38520172131943586,-0.019962717636978794,0.9294155603321272,-0.36542879113857,-0.02157709878045208,0.9504857619457663,-0.35042193631594787,-0.02815103723196677,0.9632976360701624,-0.3380661212586041,-0.03668883171229974,0.9713465285846299,-0.37870422944365567,-0.03914216606242031,0.9706062289155308,-0.36327363892763875,-0.05159518414793959,0.9898017411278957,-0.35130672997154455,-0.061859266961665785,0.9980219916590758,-0.34185895860295695,-0.07144841062973875,1.0023378572621797,-0.38655620153912973,-0.05529868312824472,0.9641097679663877,-0.36966432819559425,-0.07250473519111547,0.9831937009999283,-0.3544221348744009,-0.08292711836287217,0.9908547302468127,-0.34142030667756795,-0.09058349457596543,0.9936898707714616,-0.39175007876217244,-0.06802523559390924,0.9507613029431983,-0.375893300333055,-0.08575062311983625,0.9678873814314106,-0.36175531631255775,-0.09463615258438937,0.9750938838823819,-0.34836548751830637,-0.101529747685985,0.9790134686064491,-0.39377450408828907,-0.07562309429102082,0.9337522054214302,-0.38229311783465364,-0.09051942232642864,0.9438682317854161,-0.37178473640849174,-0.09930886201554132,0.9473865260525769,-0.36164293094335737,-0.10542126335190827,0.948532691097012
-0.4009136372249106,-0.03531274413357066,0.8978406338407069,-0.38390937850420526,-0.02957185086064465,0.9208068952522523,-0.36413274816017027,-0.031199291384638186,0.941872619071515,-0.34912656312814877,-0.03779944874029201,0.9546717913367935,-0.3367767116993465,-0.04637411471211901,0.9626905845245017,-0.3774603773644738,-0.048731054050990166,0.9620092836402176,-0.36203370291047765,-0.06118948949340563,0.9812044281779362,-0.35007827247261236,-0.07147334025592783,0.9894166703385996,-0.3406537601685401,-0.08109022641816599,0.9937216470397034,-0.38535038187133663,-0.06489438387866014,0.9555133053183096,-0.3684645055433464,-0.08210954437710463,0.9745943310329177,-0.3532379170161528,-0.0925563769232477,0.9822530900001101,-0.34025456101681917,-0.10024560924444685,0.9850839605863575,-0.3905704627115667,-0.0776247559685691,0.9421580359202082,-0.3747151746278983,-0.09535431176289576,0.959281179340695,-0.3605878892752007,-0.10425415349847314,0.9664910010618102,-0.3472093669152792,-0.11116976400190601,0.970410412216963,-0.3926036155352015,-0.08522198999381747,0.9251442791731017,-0.38113285426204174,-0.10012564460079554,0.9352615675356315,-0.3706352556358344,-0.10892882680284459,0.9387776919641988,-0.36050430103991304,-0.11506031644606467,0.9399178481942834
-0.3988438010985006,-0.044038000767331706,0.8909784515734832,-0.38184050913804235,-0.03829064967339789,0.9139438135637875,-0.3620686681271616,-0.03991800584620793,0.9350140391292737,-0.34707071999772615,-0.04653170042200533,0.9478158777853326,-0.33474105317828484,-0.05514041171990863,0.9558292526636255,-0.37540864813006036,-0.05746393601396238,0.9551521215971964,-0.35998791361936866,-0.06992803402195878,0.9743483629012678,-0.3480351347877364,-0.08021837252590108,0.9825563368560394,-0.3386200020199732,-0.08984707188164709,0.9868554274233746,-0.38331342843857336,-0.07362233532008552,0.9486586044571813,-0.3664319948595509,-0.09084084666405814,0.9677405377996774,-0.3512108720565391,-0.10129678028523251,0.9753977416017449,-0.3382357418776135,-0.10900108306632263,0.9782253502147088,-0.3885429451773469,-0.08635164563327669,0.9353041501812326,-0.37268690684048034,-0.10408182868995128,0.9524259493424029,-0.35856480980698485,-0.11299000607418275,0.95963564106069,-0.34519524618236774,-0.11992160951637304,0.963557369656702,-0.3905839218525716,-0.09395090845019763,0.9182906168619326,-0.37911644045910814,-0.10885713744086992,0.9284078307278499,-0.3686315789346304,-0.11767574060376641,0.9319233167347155,-0.3585135573128345,-0.12382880418265167,0.9330620921970444
-0.39455336527893986,-0.05037804220176895,0.8855907589009131,-0.3775533680586471,-0.044617139121436875,0.9085551644809475,-0.357783913594318,-0.046238622736644044,0.9296280819705034,-0.34278690532013995,-0.052842608702603905,0.9424360322045016,-0.3304575909784247,-0.06143998182400927,0.9504621118392702,-0.3711023376513187,-0.0638016434127633,0.9497591178479059,-0.3556807456818834,-0.07626416927289799,0.968955691045225,-0.34372320952195873,-0.08654662191227477,0.9771666180007466,-0.33429903062486177,-0.09616467505946194,0.9814697170929705,-0.3789922759027421,-0.07995625080821883,0.9432657745977608,-0.36210882398907807,-0.09717118392054427,0.9623491506641197,-0.34688151535816775,-0.1076175288922491,0.9700071429553347,-0.3338993055118521,-0.11530937000491115,0.972836182151718,-0.3842114611937894,-0.09268371177499796,0.9299145118271834,-0.36835464024961767,-0.11041211939975663,0.9470374246084161,-0.35422852371645935,-0.1193151411480882,0.9542456101668975,-0.3408552248580441,-0.12623929007451892,0.9581677718491035,-0.38624971264544006,-0.10028359035565101,0.912903099475495,-0.37477795816370474,-0.11518692249243934,0.9230197367118429,-0.36429017338512953,-0.12400169762213419,0.9265361033946264,-0.3541692086502037,-0.13014945657840704,0.9276773724901906
-0.39036809493553326,-0.05484671601041549,0.8808617859454752,-0.37336816168991144,-0.049086660206505914,0.9038264514169229,-0.35359691848872415,-0.050707293038980375,0.9248977561215445,-0.33859635656968934,-0.057303733550759656,0.9377054331825375,-0.3262580352973117,-0.06588410286444271,0.9457358666483934,-0.3669065417233603,-0.06826654254697767,0.9450270867926956,-0.3514821544301377,-0.08072628941623627,0.9642232180901468,-0.33952271039029897,-0.0910046368920807,0.9724365058721262,-0.33009296016114054,-0.10061577455747209,0.9767428499615697,-0.37478760676526857,-0.08442278534012199,0.9385326613849284,-0.35790185595778945,-0.101635673025679,0.95761584848418,-0.34267116125539704,-0.11207648206599788,0.9652746566687006,-0.32968419693128814,-0.11975967479431467,0.9681053742658391,-0.3800009945339442,-0.0971504370025072,0.925181512378536,-0.36414439184724595,-0.1148782944674259,0.942305196865776,-0.3500153398798821,-0.12377679490076963,0.9495132121367397,-0.3366374589358652,-0.13069263965106323,0.9534343989227517,-0.38203532059866774,-0.10474949235522407,0.9081703215376685,-0.3705614481625224,-0.11965123066539574,0.9182869047204792,-0.36006750696880413,-0.12845850818065507,0.9218036910075004,-0.34994029552608347,-0.13459578620073204,0.9229459560368362
-0.38776380919198267,-0.058490436919917094,0.8765610982779279,-0.3707624069429125,-0.05273658978501895,0.8995262326809486,-0.35098982224305425,-0.05435972871563413,0.920596085664585,-0.33598829941169694,-0.06095938413008846,0.9334009807505144,-0.3236484530743159,-0.0695422750153066,0.9414263746630522,-0.364307782856941,-0.07191073918039093,0.9407283202220076,-0.3488833571475911,-0.08437077086118008,0.9599242357838345,-0.33692575694749716,-0.09465203526862467,0.9681365572829459,-0.3274992163563764,-0.1042669052193001,0.9724415966950366,-0.3721941605411003,-0.08806893302446298,0.9342336564980536,-0.35530896716028576,-0.10528311666876933,0.9533161678271611,-0.3400805327084488,-0.11572739018200115,0.9609747468251266,-0.3270960180964472,-0.12341486438106791,0.9638050782015359,-0.37741130563399433,-0.1007974482870857,0.9208810959186642,-0.3615550870814076,-0.11852601902373,0.9380043976542298,-0.34742739316484333,-0.12742614862382465,0.945213063363397,-0.3340504914232528,-0.13434408062773823,0.9491339088791384,-0.3794462620866753,-0.10839610794947402,0.9038689861585363,-0.36797398571277684,-0.12329890484476018,0.9139858200575011,-0.3574804222397414,-0.13210676461255705,0.9175022751965285,-0.34735358167094404,-0.13824483444538052,0.9186435732820775
-0.3859138264133424,-0.06191790561516067,0.8730612718998565,-0.3689121730188303,-0.05616461864276766,0.896026360715305,-0.34914018752283316,-0.05778851877443168,0.9170967173416569,-0.33414011334775273,-0.06439204578326,0.9299013135007199,-0.3218040750724889,-0.07298294559658178,0.9379239920495483,-0.36246335968520543,-0.07533997342754926,0.9372301565877299,-0.34704018216586774,-0.08780129497787856,0.956426237766778,-0.3350837174891228,-0.09808484273111437,0.9646373535744204,-0.32566016331680603,-0.10770337975877367,0.9689407392453846,-0.37035452333565744,-0.09149772860658921,0.9307359415747221,-0.3534704457575786,-0.1087130261324225,0.949818435334904,-0.3382438732038792,-0.11916030782248754,0.9574766133751775,-0.3252618637055762,-0.12685231033793806,0.9603061330621843,-0.3755748383002167,-0.10422628815305077,0.9173831155374916,-0.3597185800121223,-0.12195521372956103,0.9345060130867566,-0.34559240884210585,-0.13085761844540716,0.9417148536284672,-0.3322177112103215,-0.13777959230594689,0.9456360848261389,-0.3776116505470789,-0.11182525638215235,0.9003707674383192,-0.36614056614552953,-0.126728928580696,0.910487663518214,-0.35564982157551916,-0.13554024075177934,0.9140038803754493,-0.34552583866588465,-0.1416831329987568,0.9151445851514488
-0.3845565554404078,-0.06531684596774429,0.8707038673911911,-0.3675555229052019,-0.05956085838543369,0.8936687391113736,-0.3477842300028182,-0.06118374947902555,0.9147398233720301,-0.332784806151069,-0.06778642073229146,0.9275456225836296,-0.3204500286412226,-0.07637740342407465,0.9355701506819794,-0.3611044506356596,-0.07873896771647793,0.9348721421397201,-0.34568147940077243,-0.09120035684396816,0.9540683451889542,-0.33372435914474513,-0.10148294178007339,0.9622797121263482,-0.324299816404926,-0.11110036015900912,0.9665834330622285,-0.3689939550214699,-0.09489578144719324,0.928378102597871,-0.3521097963123174,-0.11211066625040043,0.9474608969050311,-0.33688249123231195,-0.12255684922923572,0.9551191172279456,-0.3238997610018586,-0.13024761660735926,0.9579486874903262,-0.37421306431915397,-0.10762396107685931,0.9150258702135299,-0.35835662766030973,-0.12535262037612363,0.9321488782849376,-0.3442300776593865,-0.13425463876513852,0.9393574535448757,-0.3308552741682319,-0.1411762882053941,0.9432788963370704,-0.3762498752720352,-0.11522315436647584,0.8980138981097805,-0.364778255232965,-0.13012648422253775,0.9081306911550651,-0.35428776799729594,-0.13893805787070446,0.911647020519301,-0.34416405132488326,-0.1450813249722992,0.9127880694024402
-0.38423758239725964,-0.06850260896081736,0.8693889841588227,-0.3672367565954731,-0.06274596109409962,0.8923538434188136,-0.34746529971223916,-0.06436835785259847,0.9134248118807906,-0.3324653243104118,-0.0709691623713765,0.9262309273987916,-0.3201290285697605,-0.0795565642168461,0.9342569543095833,-0.3607827351986662,-0.08192394674113004,0.9335564205365585,-0.3453592351581393,-0.09438476737968729,0.9527525677468685,-0.3334015061937086,-0.10466618202949535,0.9609645136537635,-0.3239754738583139,-0.11428178561365837,0.9652690273485294,-0.3686698410727729,-0.0980808147028063,0.927062206174857,-0.35178516945551935,-0.11529513724690842,0.9461450538763416,-0.33655691813074323,-0.12573980417521652,0.9538034604787184,-0.3235729548301878,-0.13342835278068696,0.9566334025844927,-0.373887345523064,-0.11080891685060368,0.9137101827098253,-0.3580308996848469,-0.12853737662343473,0.930833388862343,-0.34390360911460954,-0.13743831575706267,0.9380418455132957,-0.33052780057726205,-0.14435810267826646,0.9419631473265468,-0.3759233234697766,-0.11840800574396301,0.8966983745156725,-0.36445108752412453,-0.13331089102793736,0.9068151240559394,-0.353959374325827,-0.14212095542611375,0.9103315774199479,-0.3438344153417502,-0.14826211565423475,0.9114729446359839
-0.38452576144011674,-0.0708367656976969,0.8687932307072135,-0.3675246883350748,-0.06508122954900408,0.891758185537419,-0.34775289587004715,-0.06670400419069455,0.9128288100093078,-0.3327525451565686,-0.07330491005476784,0.9256344336667959,-0.32041545392171544,-0.08189173264473253,0.9336598575621748,-0.3610712338771634,-0.08425796056995428,0.9329608138096879,-0.345647561218499,-0.09671866481058901,0.9521568978830637,-0.3336900341782489,-0.10700033425512709,0.9603688188082056,-0.3242642197413396,-0.11661616502257532,0.9646733021543055,-0.3689587209541219,-0.10041525917208508,0.9264664943296697,-0.3520740080709048,-0.11762968175557142,0.9455492152740581,-0.3368459420660815,-0.12807461208493953,0.9532076311356159,-0.32386211530977166,-0.13576337889436274,0.9560376068746164,-0.374176523358515,-0.1131435201524563,0.9131142362266034,-0.3583201561570667,-0.13087206918199837,0.9302374227863177,-0.344192923402641,-0.13977301822851593,0.9374459805046629,-0.3308170101699743,-0.14669266866537306,0.9413671660393095,-0.37621237585336537,-0.12074249235272806,0.8961022841213935,-0.36474028696124816,-0.13564546392440133,0.9062190733069879,-0.35424827270293385,-0.1444551824416155,0.9097354949607963,-0.3441230062482832,-0.15059585544748616,0.9108767559983477
-0.3845403613394162,-0.07181626641519842,0.8688491705730232,-0.36753915804660514,-0.0660611948405385,0.8918141454522237,-0.34776738833725435,-0.06768424848452505,0.9128847697875948,-0.3327672282292071,-0.07428600720095363,0.9256901770670976,-0.32043069755007225,-0.08287434869494523,0.9337148373224904,-0.36108711257203563,-0.085237791381441,0.9330171520439194,-0.34566365102227975,-0.0976987330537128,0.9522132516130963,-0.333706427655828,-0.10798096613083838,0.960424909002338,-0.3242813144925458,-0.11759764550916343,0.9647290320974558,-0.36897573347050544,-0.10139513087221921,0.926522895086946,-0.35209124445757095,-0.11860982086632327,0.9456055728825781,-0.3368636310493081,-0.1290554712680003,0.9532639065731146,-0.32388037815282356,-0.13674526657347502,0.9560937205876234,-0.37419430099862466,-0.11412345067892615,0.9131705077224643,-0.358337949823475,-0.13185210274264644,0.9302936024454604,-0.3442110580785991,-0.14075353751169495,0.9375022286867121,-0.33083557986578593,-0.14767400292392363,0.9414234598747391,-0.37623050819777704,-0.12172245207458222,0.8961584602919948,-0.3647587179003285,-0.13662563616998027,0.9062752749997247,-0.35426720803318545,-0.14543597947606732,0.9097916362344556,-0.344142452246382,-0.15157752395898408,0.9109327383860968
-0.38442033914902957,-0.07168760048124377,0.8697601812757355,-0.3674192270849692,-0.06593210048540125,0.892725116325031,-0.3476476113791289,-0.06755502684265761,0.9137958949739725,-0.33264764851920425,-0.07415686924590298,0.9266014901610197,-0.320311559649222,-0.0827457006336102,0.934626305287524,-0.3609671406154257,-0.08510923954995198,0.9339281572409007,-0.34554378848098394,-0.09757026939882335,0.9531242874824067,-0.33358652050188947,-0.10785247351424355,0.961335916174134,-0.32416141577127017,-0.11746917947954502,0.9656399983315626,-0.36885576217367827,-0.1012663920231116,0.927433956920073,-0.3519713255752884,-0.11848107762762475,0.9465166850522254,-0.3367436975535047,-0.12892671889295723,0.9541750021472105,-0.3237604702933845,-0.13661657204726768,0.9570047765813484,-0.37407431189096063,-0.11399464948470828,0.9140816552607968,-0.35821792786150236,-0.1317232771052811,0.9312047448675304,-0.3440910618158037,-0.14062478097810838,0.938413336140037,-0.33071569645898086,-0.14754543103222553,0.9423346264089664,-0.37611062910461013,-0.12159370765920338,0.8970696579565306,-0.3646388180466273,-0.13649688522469436,0.9071864587424455,-0.35414751964517077,-0.1453074783164712,0.9107028250514809,-0.34402297917147545,-0.1514493733635503,0.9118439507788684
-0.38469977403761746,-0.07127843825818717,0.8713569055191918,-0.3676987342007874,-0.0655226649496578,0.8943218255391397,-0.3479271316061983,-0.06714544685385547,0.9153926276165701,-0.3329271130929186,-0.07374691928699949,0.9281983483431296,-0.32059083959314716,-0.0823351434078195,0.9362235295634224,-0.3612460093642308,-0.08469994650532753,0.9355247019223,-0.34582257908133335,-0.09716088318085267,0.9547208298569504,-0.3338651680973992,-0.10744283003031761,0.9629325724437533,-0.32443974999511266,-0.11705915928513547,0.967236810039905,-0.3691341223159937,-0.1008570523187953,0.9290304821319445,-0.3522495932127069,-0.11807161728258825,0.9481132372459352,-0.33702175991202643,-0.12851693409759668,0.9557715886966037,-0.3240382790485907,-0.13620633456376247,0.95860142970108,-0.3743523260513371,-0.11358527395545245,0.9156782514494609,-0.35849592985649714,-0.13131385164724607,0.9328013814850918,-0.3443689147024632,-0.14021514806198743,0.9400099367203482,-0.33099337124558376,-0.14713546043111397,0.9439312154556704,-0.37638850077808705,-0.12118432764134626,0.8986663045045326,-0.3649165526075673,-0.13608740886678858,0.9087830917317742,-0.35442505991374845,-0.14489775947053857,0.9122994859205901,-0.3443003228939548,-0.15103931660189868,0.9134406865080397
-0.38522820116747586,-0.0713777014531888,0.8728380301808311,-0.36822713133474555,-0.06562207897574036,0.8958029657974397,-0.3484554616294078,-0.0672448961154743,0.9168737021881596,-0.3334553461915806,-0.07384627498009315,0.9296793576164676,-0.32111884651636585,-0.08243418734507858,0.9377045247800783,-0.36177432822841976,-0.08479913869747993,0.9370058018631139,-0.3463508370217145,-0.09726002170278703,0.9562019156867775,-0.3343934243995878,-0.1075419425902426,0.9644136883951612,-0.3249679550648436,-0.11715820287367704,0.9687179678941181,-0.36966236386931,-0.1009563213517627,0.930511553713515,-0.35277779724217473,-0.11817087001689344,0.9495942903291738,-0.3375499394140933,-0.12861614180099598,0.9572526544276702,-0.3245664086502482,-0.13630544776525197,0.9600825232697249,-0.37488052320678794,-0.11368456553433204,0.9171592953258642,-0.35902413991021115,-0.13141314663237302,0.934282433778877,-0.3448970906477465,-0.14031438062818452,0.9414909992459334,-0.33152146959131595,-0.14723455902135613,0.9454122497269281,-0.376916627000548,-0.12128359306387401,0.900147333516314,-0.3654446673824978,-0.1361866626309319,0.9102641249366094,-0.3549530503950865,-0.14499686444596488,0.9137805210696471,-0.3448281870189176,-0.15113821312547387,0.9149217224143454
-0.38566265452232573,-0.0722164717210465,0.8734624271569035,-0.36866154774248405,-0.06646099470697202,0.8964273718778503,-0.3488898619925451,-0.0680838819921906,0.9174980878105928,-0.3338897568461071,-0.07468541267854763,0.930303677027955,-0.3215533057517474,-0.0832735502975502,0.938328677816907,-0.36220901919178894,-0.08563795690797144,0.9376302756588811,-0.346785553821554,-0.09809887358939878,0.9568263883809404,-0.33482820511074557,-0.10838090597009918,0.9650381145512531,-0.32540286861090784,-0.11799732482494345,0.9693423306584118,-0.37009727131473774,-0.10179517213365599,0.9311360319521161,-0.3532127405086072,-0.1190097724574038,0.9502187536611223,-0.3379849710652659,-0.12945518299045777,0.9578771042614523,-0.3250015465216946,-0.1371446777466442,0.9607069474526658,-0.37531557915622943,-0.11452343580630972,0.9177837375264236,-0.3594592032708731,-0.1322520398211056,0.9349068591153068,-0.3453322157415961,-0.14115335744348728,0.9421154423005286,-0.3319566628376488,-0.1480736670549484,0.946036693678402,-0.37735173613669476,-0.12212246139252303,0.900771750871655,-0.3658798363015802,-0.13702557241799956,0.9108885490101927,-0.3553882876610903,-0.14583586049786182,0.9144049329298837,-0.3452634933266659,-0.1519773292202454,0.9155461008036542
-0.3860645127783237,-0.07343436418798224,0.8731931156404759,-0.36906341386127095,-0.0676788415296137,0.8961580547428739,-0.34929175579137917,-0.06930172362813825,0.9172287970486107,-0.33429169568941525,-0.07590331928469327,0.930034405536135,-0.3219553534275456,-0.08449163088349543,0.9380593874369886,-0.36261096200253223,-0.08685588849074757,0.9373609868659657,-0.3471875278786118,-0.09931683435120328,0.9565571057521934,-0.33523018958089534,-0.10959889526306874,0.9647688113609264,-0.32580489618269104,-0.11921536907424758,0.9690729990683552,-0.37049928159322915,-0.10301307417293036,0.9308667565551364,-0.353614773046758,-0.12022768963166966,0.949949484306294,-0.3383870279919486,-0.13067314137843158,0.957607827187947,-0.3254036419223734,-0.13836270712197338,0.9604376540050855,-0.37571763184189383,-0.11574133068084917,0.9175144691021372,-0.3598612512918796,-0.13346993663761755,0.934637584360804,-0.34573428841384846,-0.14237129492795395,0.9418461656383456,-0.33235878064643254,-0.14929168451876101,0.945767429828437,-0.3777538287010556,-0.12334036770723036,0.9005024853542546,-0.36628194305479134,-0.1382434902412606,0.9106192826288478,-0.3557904605298286,-0.14705385813917043,0.9141356638266803,-0.3456657333423888,-0.15319543856329576,0.9152768262920873
-0.38621857588462916,-0.07451840425025236,0.872557270512038,-0.36921749473490284,-0.06876280941659643,0.8955222046788601,-0.3494458480550897,-0.07038565925827946,0.9165929601568484,-0.33444579015649745,-0.07698719663692408,0.9293986012688026,-0.32210944257748747,-0.08557543352001346,0.9374236549557841,-0.3627649313071655,-0.08793991296629025,0.936725110712817,-0.34734149032298545,-0.10040084813614872,0.955921231026735,-0.33538412492743386,-0.11068286334593108,0.9641329544018197,-0.32595877845742377,-0.12029927433474624,0.9684371662505286,-0.3706531639871393,-0.10409707956169173,0.9302308804376725,-0.3537686427399318,-0.12131167413518688,0.9493136157918013,-0.3385408617232152,-0.13175706987187671,0.9569719635608723,-0.32555743382179886,-0.13944656166145009,0.9598017994072942,-0.37587145402954714,-0.11682532624099978,0.9168786102097463,-0.3600150694480638,-0.13455392221001755,0.9340017320761073,-0.3458880826055656,-0.14345524913883045,0.9412103051154407,-0.33251255109516165,-0.15037559196836928,0.9451315708433773,-0.3779076330647981,-0.12442436587244708,0.8998666380489976,-0.36643572274485725,-0.13932747154848577,0.9099834321785901,-0.3559442195665655,-0.1481378128295471,0.913499818444021,-0.34581947156958787,-0.15427935630969022,0.9146409951077078
-0.3852604046939699,-0.0752351985055226,0.8721510075293883,-0.36825932270692013,-0.06947961322144515,0.8951159434696991,-0.34848766533291436,-0.07110246050568228,0.9161866891098078,-0.33348758755835056,-0.07770395991002232,0.9289923265161406,-0.3211511903454417,-0.08629210742120197,0.937017399547627,-0.3618067079762858,-0.08865668731164275,0.9363188328370569,-0.3463832519343273,-0.10111760777121657,0.9555149506015492,-0.3344258777635916,-0.11139960325974141,0.9637266858920235,-0.3250005039194,-0.12101598007886558,0.9680309141380559,-0.3696948972257948,-0.10481386427168979,0.9298245965569829,-0.35281036406836497,-0.12202844889215493,0.9489073303515267,-0.3375825666640243,-0.13247381765653304,0.9565656823236992,-0.324599115166725,-0.1401632663984347,0.9593955268837111,-0.37491315912506484,-0.11754211267704741,0.9164723258089111,-0.3590567760259563,-0.13527070626237772,0.9335954515159577,-0.34492977449463924,-0.14417201019616366,0.9408040241636921,-0.3315542191381241,-0.15109231006135834,0.9447252843761536,-0.37694931756932193,-0.12514114757004025,0.8994603540985668,-0.36547739714720573,-0.1400442455299189,0.9095771481395363,-0.3549858611781846,-0.14885454696940822,0.9130935363935062,-0.34486107990411696,-0.15499603473931875,0.9142347176336534
-0.38278761731706085,-0.07557915257316139,0.8723156428991419,-0.36578652723173855,-0.06982360111723623,0.8952805813224036,-0.34601486312809543,-0.0714464624865359,0.9163513195629576,-0.3310147813551908,-0.07804798228753099,0.9291569417709635,-0.31867837901187185,-0.086636149787649,0.9371819855242902,-0.3593339547889099,-0.08900064535753036,0.9364834798711648,-0.3439104995447319,-0.10146156838602434,0.9556795966090652,-0.3319531362028421,-0.11174358139290237,0.9638913257328408,-0.32252778202445914,-0.12135998122375143,0.9681955456307301,-0.36722217645511074,-0.10515783245058066,0.929989242665886,-0.3503376471924622,-0.12237242493425979,0.9490719728131303,-0.33510986344117166,-0.13281781474377413,0.9567303232290092,-0.32212642713886097,-0.14050729014724941,0.9595601650574646,-0.3724404611048493,-0.1178860855271556,0.9166369641109589,-0.35658408003896475,-0.1356146832326286,0.9337600874349841,-0.3424570870352256,-0.14451599775502133,0.9409686637195827,-0.32908153872019574,-0.15143631209416766,0.9448899224069118,-0.37447662442800406,-0.1254851185340016,0.8996249872701207,-0.3630047135462105,-0.14038822288894884,0.9097417827087091,-0.3525131818780566,-0.14919853023728416,0.9132581689901893,-0.342388404901207,-0.15534002614642742,0.9143993445531804
-0.37953153318373894,-0.07549527681604792,0.8730058328053706,-0.3625304422477967,-0.06973972619809081,0.8959707708089274,-0.34275878192315096,-0.07136259084765963,0.917041512342846,-0.327758708462324,-0.07796413077474368,0.929847133911979,-0.3154223276107815,-0.08655234139916448,0.9378721645527565,-0.35607789922597083,-0.08891677913559284,0.9371736782256029,-0.3406544508584032,-0.10137770915298888,0.9563697959518737,-0.32869709309336126,-0.11165973366072093,0.9645815187958956,-0.31927175417460235,-0.12127615230666597,0.9688857300728374,-0.3639661452863958,-0.10507396311283815,0.9306794435743663,-0.3470816219571479,-0.12228856125272895,0.9497621738690353,-0.331853847625758,-0.13273396635039442,0.9574205221634845,-0.318870424210913,-0.14042346510485476,0.9602503596688713,-0.3691844460078217,-0.11780221612231805,0.9173271640706234,-0.3533280645847401,-0.13553081552115134,0.9344502853106388,-0.3392010794625755,-0.14443214196385967,0.9416588623216454,-0.32582554291259397,-0.1513524777710848,0.9455801232525952,-0.3712206193080847,-0.1254012509694706,0.9003151862508217,-0.3597487144033804,-0.14030435975472183,0.9104319819408063,-0.3492571980983445,-0.14911468587310275,0.9139483670314258,-0.33913243670225995,-0.15525620800964818,0.9150895396814723
-0.3763557303649095,-0.07494036949843105,0.8737984417390923,-0.3593546429335202,-0.06918480383005858,0.896763378565101,-0.3395829862004264,-0.07080766265695614,0.9178341239176,-0.32458291579215137,-0.07740919648052134,0.9306397522088652,-0.31224654049682066,-0.08599740466691835,0.9386647939999708,-0.3529020853939895,-0.08836187147697377,0.9379662832052924,-0.33747863770978986,-0.10082280140010422,0.9571624015418183,-0.32552127593075875,-0.11110481978960064,0.9653741262016731,-0.3160959304994342,-0.12072123096024068,0.9696783399186604,-0.3607903206042785,-0.10451905043615231,0.9314720493559256,-0.3439057964260734,-0.12173364590464027,0.9505547813093134,-0.3286780173955242,-0.13217904387524324,0.9582131299807737,-0.31569458911477344,-0.1398685342036962,0.9610429680570804,-0.36600861355217396,-0.11724730133971573,0.9181197732111412,-0.3501522311627787,-0.13497589914642855,0.9352428952047473,-0.3360252434081107,-0.14387722264351274,0.9424514706940412,-0.3226497054804259,-0.150797555207696,0.9463727326490015,-0.36804478617428443,-0.12484633731180343,0.9011077975449362,-0.35657287789431324,-0.13974944389871416,0.9112245926459357,-0.3460813619860261,-0.14855977020831146,0.9147409784412042,-0.3359566010212793,-0.15470129266462457,0.9158821531972674
-0.3733943227229456,-0.07412304257237631,0.8742050720429806,-0.35639323620387625,-0.06836747424901592,0.8971700088789814,-0.33662157831915496,-0.06999033072248602,0.9182407533321146,-0.3216215046438247,-0.07659185459206251,0.9310463829279216,-0.3092851205473523,-0.08518004306116084,0.939071432290554,-0.34994066326598555,-0.08754454022123881,0.9383729091200701,-0.3345172126000109,-0.10000546699445992,0.9575690271055635,-0.3225598477110549,-0.11028747929753166,0.965780754857851,-0.3131344944471905,-0.1199038808946467,0.9700849728121914,-0.35782888588859146,-0.10370171981848367,0.9318786742462299,-0.3409443589197576,-0.12091631234474035,0.9509614063846474,-0.32571657495131084,-0.13136170237695088,0.9586197560649952,-0.31273314015165904,-0.13905118095285263,0.9614495961673375,-0.36304717044866075,-0.11642997043325509,0.9185263990357715,-0.34719078807320014,-0.13415856723913788,0.9356495220785008,-0.33306379638376227,-0.1430598849420191,0.942858097011458,-0.31968825296895925,-0.1499802073832727,0.9467793581148594,-0.36508333849175506,-0.12402900575001426,0.9015144241348989,-0.3536114270190048,-0.138932110016342,0.9116312190339193,-0.3431199042779886,-0.14774242793354558,0.9151476054701821,-0.3329951363880937,-0.15388393867111713,0.9162887818520709
-0.3706576247989567,-0.07342352057775615,0.8740902687852051,-0.35365653684568527,-0.06766795860486825,0.8970552061510385,-0.3338848771751948,-0.06929081733436299,0.9181259487547436,-0.3188848016355913,-0.07589234243504711,0.9309315755321473,-0.30654841371355207,-0.08448052901227969,0.9389566210386068,-0.3472039680895814,-0.08684501772398585,0.9382581069716825,-0.33178051666548913,-0.09930594406252174,0.9574542246302239,-0.3198231531065207,-0.10958795818895278,0.9656659520360972,-0.31039780157852387,-0.11920436169025303,0.9699701695373358,-0.3550921936740936,-0.10300219966925364,0.9317638715829472,-0.3382076666635781,-0.12021679294852909,0.950846603005184,-0.3229798840557233,-0.13066218497628185,0.9585049526691548,-0.30999645045206825,-0.13835166555294587,0.9613347928221446,-0.3603104804516929,-0.11573045118513721,0.9184115950069452,-0.34445409851188774,-0.13345904855378743,0.935534717870434,-0.33032710740771914,-0.1423603667008566,0.9427432934018779,-0.3169515637801415,-0.14928068906425435,0.9466645539169,-0.3623466481056672,-0.12332948589795359,0.9013996192557324,-0.35087473766379085,-0.13823259079919034,0.9115164143884217,-0.3403832137101166,-0.1470429073597746,0.9150328006056002,-0.3302584445780513,-0.15318441617935558,0.916173976288798
-0.36876484145161104,-0.0730524725084538,0.8736638193087444,-0.3517637528718438,-0.06729691268837762,0.8966287567503245,-0.33199209344762926,-0.06891977281537989,0.9176994994774864,-0.3169920190915195,-0.07552130256843287,0.9305051252428157,-0.30465563453889755,-0.08410949770553325,0.9385301667683191,-0.34531119165758567,-0.08647397152112202,0.9378316596324264,-0.32988774145649485,-0.09893489920707085,0.9570277773989525,-0.3179303794942174,-0.10921691634033555,0.9652395033649218,-0.30850503174321575,-0.1188333244252276,0.9695437188964228,-0.3531994233381861,-0.10263115353566765,0.9313374246253615,-0.33631489757339983,-0.11984574824902874,0.9504201558561344,-0.32108711738700696,-0.1302911441405906,0.958078505064979,-0.3081036868892206,-0.13798063029311086,0.960908344316639,-0.35841771421485147,-0.11535940531757216,0.9179851474233868,-0.342561332334764,-0.1330880032204717,0.935108269789035,-0.3284343430845906,-0.14198932403442444,0.942316845660711,-0.3150588018866376,-0.14890965092777747,0.9462381064686968,-0.3604538838643188,-0.1229584402329556,0.9009731712000367,-0.3489819750110131,-0.1378615462714847,0.9110899664587292,-0.3384904539392752,-0.14667186639196583,0.9146063523551454,-0.3283656877261397,-0.15281338017883275,0.9157475272031023
-0.36834710892523875,-0.0729457706188465,0.8730972083645326,-0.351346020894071,-0.06719020827556535,0.8960621455798693,-0.33157436230835063,-0.06881306760200108,0.9171328891554887,-0.316574288967876,-0.0754145975071972,0.9299385160320658,-0.3042379066418479,-0.08400279478928906,0.9379635586848539,-0.3448934589456492,-0.08636727013965326,0.9372650485141066,-0.3294700092698893,-0.09882819822466103,0.9564611664436745,-0.3175126469526815,-0.10911021499517264,0.9646728923470264,-0.30808729899480286,-0.11872662291981093,0.9689771077835455,-0.3527816902204708,-0.10252445111122765,0.9307708137958496,-0.33589716466302144,-0.1197390457038981,0.9498535453189508,-0.32066938423285907,-0.1301844412852237,0.957511894466225,-0.3076859536687875,-0.13787392738441456,0.9603417335586767,-0.3579999807229272,-0.11525270252912292,0.9174185371117501,-0.34214359865642174,-0.132981300260431,0.9345416594824302,-0.3280166094244053,-0.1418826212789308,0.9417502351371095,-0.31464106868982455,-0.14880294889316842,0.9456714962534393,-0.36003615084914736,-0.12285173774614486,0.900406561198419,-0.3485642417738818,-0.1377548436720322,0.9105233563713541,-0.33807272168261493,-0.1465651649402344,0.9140397423174923,-0.3279479564687937,-0.15270668033980225,0.9151809173524458
-0.3689323674463115,-0.0730155027201148,0.8723812639352718,-0.3519312797792994,-0.06725993902887577,0.8953462010823648,-0.3321596212100549,-0.06888279760708027,0.9164169447310727,-0.3171595474923886,-0.07548432544798717,0.9292225722299984,-0.3048231639918044,-0.08407251921442466,0.9372476168395799,-0.3454787143359882,-0.08643700148047226,0.9365491030996053,-0.3300552641910663,-0.098897929021379,0.9557452210054135,-0.3180979011037428,-0.10917994438791685,0.9639569475453097,-0.30867255141995403,-0.11879635023181845,0.968261163851187,-0.35336694281429837,-0.10259418226303155,0.9300548682538411,-0.3364824167293375,-0.11980877619401079,0.9491375999071107,-0.32125463517585096,-0.1302541699948253,0.956795949249258,-0.30827120320826545,-0.13794365358428212,0.9596257887219911,-0.35858523142100635,-0.11532243350645391,0.9167025919290098,-0.3427288492994795,-0.13305103097208276,0.9338257145238126,-0.32860185923840063,-0.14195235082503474,0.941034289992985,-0.315226317483913,-0.14887267651602748,0.9449555510245654,-0.360621400724123,-0.1229214686782685,0.8996906162744526,-0.34914949090252023,-0.13782457407684237,0.9098074113778692,-0.33865796966671496,-0.1466348939216595,0.9133237974754499,-0.32853320329461067,-0.1527764073368144,0.9144649729134581
-0.36910759737467436,-0.07335192012551742,0.8715677438846575,-0.3521065095166707,-0.067596357362221,0.8945326811229227,-0.3323348505737231,-0.06921921618630497,0.91560342440203,-0.3173347763432661,-0.07582074364636354,0.9284090514966242,-0.30499839166584153,-0.08440893591806806,0.9364340958967491,-0.34565394387353016,-0.0867734185427419,0.9357355829779143,-0.3302304934218702,-0.09923434582221603,0.9549317008069743,-0.31827313037717364,-0.1095163611389077,0.9631434274713541,-0.30884778052485373,-0.11913276673962996,0.96744764395149,-0.35354217211043115,-0.1029305997646178,0.9292413479832661,-0.3366576458525674,-0.12014519364954836,0.9483240795250906,-0.3214298642383494,-0.13059058731993692,0.9559824289243709,-0.30844643208797423,-0.1382800705532803,0.958812268526119,-0.3587604605979649,-0.11565885114493618,0.9158890714804883,-0.34290407855174454,-0.1333874486473203,0.9330121941069717,-0.32877708835697733,-0.14228876823200556,0.9402207696454107,-0.3154015462401528,-0.14920909330833704,0.9441420305258162,-0.36079662956254266,-0.1232578861745724,0.8988770957260231,-0.349324719727509,-0.13816099154383485,0.9089938908573886,-0.33883319787849325,-0.1469713106581784,0.9125102769555932,-0.3287084308826431,-0.15311282304928786,0.9136514523707367
-0.3680727946930803,-0.0740351504729609,0.8707664174036052,-0.3510717066427739,-0.06827958845495295,0.8937313546862944,-0.33130004763584564,-0.0699024476519702,0.9148020978766425,-0.3162999734969689,-0.07650397598052028,0.9276077246307879,-0.30396358916831473,-0.08509216960321317,0.9356327681212626,-0.3446191425373874,-0.08745664917940843,0.9349342569281363,-0.32919569224977313,-0.09991757666341047,0.9541303747562349,-0.31723832955705067,-0.11019959260245964,0.9623421011538733,-0.30781298045355576,-0.11981599909989955,0.966646317270351,-0.35250737199241283,-0.10361383055261189,0.9284400219681503,-0.3356228459450399,-0.12082842472744318,0.9475227534346982,-0.3203950648256149,-0.13127381917692413,0.9551811027551982,-0.3074116332772597,-0.1389633034823574,0.9580109422058658,-0.3577256613124451,-0.11634208203193896,0.9150877452772377,-0.341869279302314,-0.13407067965908814,0.9322108678079637,-0.32774228945926925,-0.14297199972608435,0.9394194434401211,-0.3143667477451676,-0.14989232557222087,0.9433407043356583,-0.3597618305950519,-0.12394111706032833,0.8980757693915427,-0.3482899210928353,-0.13884422266173618,0.9081925645583304,-0.3377983996644706,-0.14765454230408123,0.9117089505886835,-0.3276736330938429,-0.15379605543044803,0.912850125819531
-0.36666215342797387,-0.0748351670688781,0.8697682992338872,-0.3496610654342376,-0.0690796047473975,0.8927332364823978,-0.3298894065852862,-0.07070246389057108,0.91380397982513,-0.3148893326903455,-0.07730399252150583,0.9266096067091291,-0.3025529489425051,-0.08589218701940125,0.9346346501558324,-0.34320850165136496,-0.08825666597307172,0.9339361388556139,-0.3277850515262124,-0.10071759360533913,0.9531322567180006,-0.31582768886766366,-0.11099960966099441,0.9613439830193963,-0.3064023399531747,-0.12061601640332677,0.9656481990026234,-0.3510967313991583,-0.10441384717208696,0.927441903967675,-0.3342122054612339,-0.12162844141147738,0.9465246354728246,-0.3189844244439822,-0.13207383603745138,0.954182984755762,-0.3060009930687996,-0.1397633206650021,0.957012824125668,-0.3563150208987225,-0.11714209860498682,0.914089627328111,-0.34045863886026934,-0.1348706962345384,0.9312127498301227,-0.32633164913046564,-0.14377201649493013,0.9384213254453947,-0.31295610763991316,-0.15069234273340973,0.9423425864110496,-0.35835119038137625,-0.12474113369697716,0.8970776514673687,-0.34687928093558335,-0.139644239346689,0.9071944466269811,-0.33638775984603947,-0.1484545593967219,0.9107108326467795,-0.3262629936196514,-0.1545960730938742,0.9118520078599776
-0.3663739871248328,-0.07535247549111233,0.8681036702824743,-0.34937289922594106,-0.06959691278929751,0.8910686075058785,-0.3296012404296173,-0.0712197717569979,0.9121393509115086,-0.31460116653052705,-0.0778213000440661,0.9249449779679162,-0.3022647827141592,-0.08640949406835899,0.9329700218161137,-0.3429203348019796,-0.08877397429548789,0.9322715097254246,-0.32749688462782783,-0.1012349018584437,0.9514676275934348,-0.3155395218165378,-0.1115169176525302,0.9596793539999329,-0.3061141725947027,-0.12113332402962608,0.9639835701261403,-0.3508085640475844,-0.10493115540023172,0.9257772748328441,-0.3339240380317951,-0.12214574951933181,0.9448600063776127,-0.31869625680802205,-0.13259114382248516,0.9525183556902077,-0.30571282518896126,-0.14028062801781124,0.9553481951156679,-0.35602685320082716,-0.1176594067816803,0.912424998285464,-0.3401704711418934,-0.13538800435561865,0.9295481208260901,-0.3260434812714343,-0.144289324428903,0.9367566963967575,-0.3126679396340483,-0.1512096503814147,0.9406779573662409,-0.3580630225710872,-0.12525844188386093,0.8954130224873775,-0.3465911129845171,-0.14016154743673337,0.9055298176300106,-0.3360995917575514,-0.14897186731160905,0.9090462036786531,-0.3259748253925112,-0.15511338076531486,0.9101873789718646
-0.3674848174969784,-0.07548395784787157,0.8657290933890567,-0.3504837295870686,-0.06972839522461764,0.8886940306239932,-0.33071207072783637,-0.07135125418990328,0.9097647739707793,-0.31571199671867345,-0.07795278228923064,0.9225704009950353,-0.30337561263134033,-0.08654097584913631,0.9305954449236706,-0.34403116492132596,-0.08890545654841071,0.9298969327613262,-0.32860771466686417,-0.10136638403434958,0.9490930506148045,-0.31665035181711154,-0.11164839973650947,0.9573047770803984,-0.30722500246393486,-0.12126480594842319,0.9616089932880421,-0.3519193939595296,-0.10506263771702998,0.9234026978357184,-0.33503486788284376,-0.12227723178894905,0.9424854293691673,-0.31980708658195556,-0.1327226259640314,0.9501437787031064,-0.30682365484826796,-0.14041210994938322,0.9529736181732138,-0.35713768297977916,-0.11779088911151717,0.9100504212792597,-0.341281300930451,-0.135519486675956,0.9271735438386162,-0.32715431098788533,-0.1444208066341372,0.934382119410105,-0.31377876922796627,-0.15134113236731525,0.9383033803487091,-0.359173852243266,-0.12538992418670566,0.8930384454794662,-0.34770194261006254,-0.14029302970324134,0.9031552406227474,-0.33721042121027134,-0.14910334936867928,0.9066716266804933,-0.32708565466978806,-0.1552448625294306,0.9078128019937401
